2026-05-25 12:16:38,899 | INFO | AzureCliCredential.get_token_info succeeded
2026-05-25 12:16:38,900 | INFO | Request URL: 'https://management.azure.com/subscriptions/a8bd7b1b-b9aa-4283-aec4-2040b847d926/resourcegroups/AutoProjectRG?api-version=2025-04-01'
Request method: 'DELETE'
Request headers:
    'Accept': 'application/json'
    'x-ms-client-request-id': '7a03879a-5805-11f1-bf26-088fc34e0447'
    'User-Agent': 'azsdk-python-mgmt-resource/25.0.0 Python/3.12.0 (Windows-11-10.0.22621-SP0)'
    'Authorization': 'REDACTED'
No body was attached to the request
2026-05-25 12:16:40,202 | INFO | Response status: 202
Response headers:
    'Cache-Control': 'no-cache'
    'Pragma': 'no-cache'
    'Expires': '-1'
    'Location': 'REDACTED'
    'Retry-After': '15'
    'x-ms-ratelimit-remaining-subscription-deletes': 'REDACTED'
    'x-ms-ratelimit-remaining-subscription-global-deletes': 'REDACTED'
    'x-ms-request-id': 'c041da84-b447-448a-af4b-1c8d2816e084'
    'x-ms-correlation-request-id': 'REDACTED'
    'x-ms-routing-request-id': 'REDACTED'
    'Strict-Transport-Security': 'REDACTED'
    'X-Content-Type-Options': 'REDACTED'
    'X-Cache': 'REDACTED'
    'X-MSEdge-Ref': 'Ref A: 102A57A5A9BA46F8874D7E67B637D578 Ref B: PNQ231110908025 Ref C: 2026-05-25T06:46:39Z'
    'Date': 'Mon, 25 May 2026 06:46:39 GMT'
    'Content-Length': '0'
2026-05-25 12:16:40,203 | INFO | Request URL: 'https://management.azure.com/subscriptions/a8bd7b1b-b9aa-4283-aec4-2040b847d926/operationresults/eyJqb2JJZCI6IlJFU09VUkNFR1JPVVBERUxFVElPTkpPQi1BVVRPUFJPSkVDVFJHLUNFTlRSQUxJTkRJQSIsImpvYkxvY2F0aW9uIjoiY2VudHJhbGluZGlhIiwiam9iU3RvcmFnZUFjY291bnQiOiIvY3NtL3N0b3JhZ2VhY2NvdW50cy9nbG9iYWwvcnBmZGxqb2IwMHByb2RwbjA0In0?api-version=2025-04-01&t=REDACTED&c=REDACTED&s=REDACTED&h=REDACTED'
Request method: 'GET'
Request headers:
    'x-ms-client-request-id': '7a03879a-5805-11f1-bf26-088fc34e0447'
    'User-Agent': 'azsdk-python-mgmt-resource/25.0.0 Python/3.12.0 (Windows-11-10.0.22621-SP0)'
    'Authorization': 'REDACTED'
No body was attached to the request
2026-05-25 12:16:40,742 | INFO | Response status: 202
Response headers:
    'Cache-Control': 'no-cache'
    'Pragma': 'no-cache'
    'Expires': '-1'
    'Location': 'REDACTED'
    'Retry-After': '15'
    'x-ms-ratelimit-remaining-subscription-reads': '249'
    'x-ms-ratelimit-remaining-subscription-global-reads': 'REDACTED'
    'x-ms-request-id': '06625a2b-5108-4661-80e1-8ed92f321d66'
    'x-ms-correlation-request-id': 'REDACTED'
    'x-ms-routing-request-id': 'REDACTED'
    'Strict-Transport-Security': 'REDACTED'
    'X-Content-Type-Options': 'REDACTED'
    'X-Cache': 'REDACTED'
    'X-MSEdge-Ref': 'Ref A: 4609D145CBC04BB682FCF768327DDE98 Ref B: PNQ231110908025 Ref C: 2026-05-25T06:46:40Z'
    'Date': 'Mon, 25 May 2026 06:46:39 GMT'
    'Content-Length': '0'
2026-05-25 12:16:55,744 | INFO | Request URL: 'https://management.azure.com/subscriptions/a8bd7b1b-b9aa-4283-aec4-2040b847d926/operationresults/eyJqb2JJZCI6IlJFU09VUkNFR1JPVVBERUxFVElPTkpPQi1BVVRPUFJPSkVDVFJHLUNFTlRSQUxJTkRJQSIsImpvYkxvY2F0aW9uIjoiY2VudHJhbGluZGlhIiwiam9iU3RvcmFnZUFjY291bnQiOiIvY3NtL3N0b3JhZ2VhY2NvdW50cy9nbG9iYWwvcnBmZGxqb2IwMHByb2RwbjA0In0?api-version=2025-04-01&t=REDACTED&c=REDACTED&s=REDACTED&h=REDACTED'
Request method: 'GET'
Request headers:
    'x-ms-client-request-id': '7a03879a-5805-11f1-bf26-088fc34e0447'
    'User-Agent': 'azsdk-python-mgmt-resource/25.0.0 Python/3.12.0 (Windows-11-10.0.22621-SP0)'
    'Authorization': 'REDACTED'
No body was attached to the request
2026-05-25 12:16:56,153 | INFO | Response status: 202
Response headers:
    'Cache-Control': 'no-cache'
    'Pragma': 'no-cache'
    'Expires': '-1'
    'Location': 'REDACTED'
    'Retry-After': '15'
    'x-ms-ratelimit-remaining-subscription-reads': '249'
    'x-ms-ratelimit-remaining-subscription-global-reads': 'REDACTED'
    'x-ms-request-id': 'b9bd02ed-ef8c-486d-94d8-3554811e6f0f'
    'x-ms-correlation-request-id': 'REDACTED'
    'x-ms-routing-request-id': 'REDACTED'
    'Strict-Transport-Security': 'REDACTED'
    'X-Content-Type-Options': 'REDACTED'
    'X-Cache': 'REDACTED'
    'X-MSEdge-Ref': 'Ref A: 811B8F9392734770BFCB60593AE255E4 Ref B: PNQ231110908025 Ref C: 2026-05-25T06:46:55Z'
    'Date': 'Mon, 25 May 2026 06:46:55 GMT'
    'Content-Length': '0'
2026-05-25 12:17:11,153 | INFO | Request URL: 'https://management.azure.com/subscriptions/a8bd7b1b-b9aa-4283-aec4-2040b847d926/operationresults/eyJqb2JJZCI6IlJFU09VUkNFR1JPVVBERUxFVElPTkpPQi1BVVRPUFJPSkVDVFJHLUNFTlRSQUxJTkRJQSIsImpvYkxvY2F0aW9uIjoiY2VudHJhbGluZGlhIiwiam9iU3RvcmFnZUFjY291bnQiOiIvY3NtL3N0b3JhZ2VhY2NvdW50cy9nbG9iYWwvcnBmZGxqb2IwMHByb2RwbjA0In0?api-version=2025-04-01&t=REDACTED&c=REDACTED&s=REDACTED&h=REDACTED'
Request method: 'GET'
Request headers:
    'x-ms-client-request-id': '7a03879a-5805-11f1-bf26-088fc34e0447'
    'User-Agent': 'azsdk-python-mgmt-resource/25.0.0 Python/3.12.0 (Windows-11-10.0.22621-SP0)'
    'Authorization': 'REDACTED'
No body was attached to the request
2026-05-25 12:17:12,208 | INFO | Response status: 202
Response headers:
    'Cache-Control': 'no-cache'
    'Pragma': 'no-cache'
    'Expires': '-1'
    'Location': 'REDACTED'
    'Retry-After': '15'
    'x-ms-ratelimit-remaining-subscription-reads': '249'
    'x-ms-ratelimit-remaining-subscription-global-reads': 'REDACTED'
    'x-ms-request-id': '7314e7fd-9438-470c-9e3f-d22421e6ab21'
    'x-ms-correlation-request-id': 'REDACTED'
    'x-ms-routing-request-id': 'REDACTED'
    'Strict-Transport-Security': 'REDACTED'
    'X-Content-Type-Options': 'REDACTED'
    'X-Cache': 'REDACTED'
    'X-MSEdge-Ref': 'Ref A: 04AE64669ED84491B28552718BC0F857 Ref B: PNQ231110908025 Ref C: 2026-05-25T06:47:11Z'
    'Date': 'Mon, 25 May 2026 06:47:11 GMT'
    'Content-Length': '0'
2026-05-25 12:17:27,209 | INFO | Request URL: 'https://management.azure.com/subscriptions/a8bd7b1b-b9aa-4283-aec4-2040b847d926/operationresults/eyJqb2JJZCI6IlJFU09VUkNFR1JPVVBERUxFVElPTkpPQi1BVVRPUFJPSkVDVFJHLUNFTlRSQUxJTkRJQSIsImpvYkxvY2F0aW9uIjoiY2VudHJhbGluZGlhIiwiam9iU3RvcmFnZUFjY291bnQiOiIvY3NtL3N0b3JhZ2VhY2NvdW50cy9nbG9iYWwvcnBmZGxqb2IwMHByb2RwbjA0In0?api-version=2025-04-01&t=REDACTED&c=REDACTED&s=REDACTED&h=REDACTED'
Request method: 'GET'
Request headers:
    'x-ms-client-request-id': '7a03879a-5805-11f1-bf26-088fc34e0447'
    'User-Agent': 'azsdk-python-mgmt-resource/25.0.0 Python/3.12.0 (Windows-11-10.0.22621-SP0)'
    'Authorization': 'REDACTED'
No body was attached to the request
2026-05-25 12:17:27,790 | INFO | Response status: 202
Response headers:
    'Cache-Control': 'no-cache'
    'Pragma': 'no-cache'
    'Expires': '-1'
    'Location': 'REDACTED'
    'Retry-After': '15'
    'x-ms-ratelimit-remaining-subscription-reads': '249'
    'x-ms-ratelimit-remaining-subscription-global-reads': 'REDACTED'
    'x-ms-request-id': 'fc283b99-caf6-4d99-a790-62c87b4e8837'
    'x-ms-correlation-request-id': 'REDACTED'
    'x-ms-routing-request-id': 'REDACTED'
    'Strict-Transport-Security': 'REDACTED'
    'X-Content-Type-Options': 'REDACTED'
    'X-Cache': 'REDACTED'
    'X-MSEdge-Ref': 'Ref A: D922D994CD6745459943809F98A6FE94 Ref B: PNQ231110908025 Ref C: 2026-05-25T06:47:27Z'
    'Date': 'Mon, 25 May 2026 06:47:26 GMT'
    'Content-Length': '0'
2026-05-25 12:17:42,792 | INFO | Request URL: 'https://management.azure.com/subscriptions/a8bd7b1b-b9aa-4283-aec4-2040b847d926/operationresults/eyJqb2JJZCI6IlJFU09VUkNFR1JPVVBERUxFVElPTkpPQi1BVVRPUFJPSkVDVFJHLUNFTlRSQUxJTkRJQSIsImpvYkxvY2F0aW9uIjoiY2VudHJhbGluZGlhIiwiam9iU3RvcmFnZUFjY291bnQiOiIvY3NtL3N0b3JhZ2VhY2NvdW50cy9nbG9iYWwvcnBmZGxqb2IwMHByb2RwbjA0In0?api-version=2025-04-01&t=REDACTED&c=REDACTED&s=REDACTED&h=REDACTED'
Request method: 'GET'
Request headers:
    'x-ms-client-request-id': '7a03879a-5805-11f1-bf26-088fc34e0447'
    'User-Agent': 'azsdk-python-mgmt-resource/25.0.0 Python/3.12.0 (Windows-11-10.0.22621-SP0)'
    'Authorization': 'REDACTED'
No body was attached to the request
2026-05-25 12:17:43,397 | INFO | Response status: 202
Response headers:
    'Cache-Control': 'no-cache'
    'Pragma': 'no-cache'
    'Expires': '-1'
    'Location': 'REDACTED'
    'Retry-After': '15'
    'x-ms-ratelimit-remaining-subscription-reads': '249'
    'x-ms-ratelimit-remaining-subscription-global-reads': 'REDACTED'
    'x-ms-request-id': '114dcd9f-4a59-4a11-85b8-0f7a4647cd66'
    'x-ms-correlation-request-id': 'REDACTED'
    'x-ms-routing-request-id': 'REDACTED'
    'Strict-Transport-Security': 'REDACTED'
    'X-Content-Type-Options': 'REDACTED'
    'X-Cache': 'REDACTED'
    'X-MSEdge-Ref': 'Ref A: 246432F001E24941843121B81DF09362 Ref B: PNQ231110908025 Ref C: 2026-05-25T06:47:42Z'
    'Date': 'Mon, 25 May 2026 06:47:42 GMT'
    'Content-Length': '0'
2026-05-25 12:17:58,399 | INFO | Request URL: 'https://management.azure.com/subscriptions/a8bd7b1b-b9aa-4283-aec4-2040b847d926/operationresults/eyJqb2JJZCI6IlJFU09VUkNFR1JPVVBERUxFVElPTkpPQi1BVVRPUFJPSkVDVFJHLUNFTlRSQUxJTkRJQSIsImpvYkxvY2F0aW9uIjoiY2VudHJhbGluZGlhIiwiam9iU3RvcmFnZUFjY291bnQiOiIvY3NtL3N0b3JhZ2VhY2NvdW50cy9nbG9iYWwvcnBmZGxqb2IwMHByb2RwbjA0In0?api-version=2025-04-01&t=REDACTED&c=REDACTED&s=REDACTED&h=REDACTED'
Request method: 'GET'
Request headers:
    'x-ms-client-request-id': '7a03879a-5805-11f1-bf26-088fc34e0447'
    'User-Agent': 'azsdk-python-mgmt-resource/25.0.0 Python/3.12.0 (Windows-11-10.0.22621-SP0)'
    'Authorization': 'REDACTED'
No body was attached to the request
2026-05-25 12:17:58,759 | INFO | Response status: 202
Response headers:
    'Cache-Control': 'no-cache'
    'Pragma': 'no-cache'
    'Expires': '-1'
    'Location': 'REDACTED'
    'Retry-After': '15'
    'x-ms-ratelimit-remaining-subscription-reads': '249'
    'x-ms-ratelimit-remaining-subscription-global-reads': 'REDACTED'
    'x-ms-request-id': 'c20670db-e2ea-4401-ac1c-689d2a512bb2'
    'x-ms-correlation-request-id': 'REDACTED'
    'x-ms-routing-request-id': 'REDACTED'
    'Strict-Transport-Security': 'REDACTED'
    'X-Content-Type-Options': 'REDACTED'
    'X-Cache': 'REDACTED'
    'X-MSEdge-Ref': 'Ref A: 1E1C8F0F43F44A0FBADBEFC751F3654F Ref B: PNQ231110908025 Ref C: 2026-05-25T06:47:58Z'
    'Date': 'Mon, 25 May 2026 06:47:57 GMT'
    'Content-Length': '0'
2026-05-25 12:18:13,760 | INFO | Request URL: 'https://management.azure.com/subscriptions/a8bd7b1b-b9aa-4283-aec4-2040b847d926/operationresults/eyJqb2JJZCI6IlJFU09VUkNFR1JPVVBERUxFVElPTkpPQi1BVVRPUFJPSkVDVFJHLUNFTlRSQUxJTkRJQSIsImpvYkxvY2F0aW9uIjoiY2VudHJhbGluZGlhIiwiam9iU3RvcmFnZUFjY291bnQiOiIvY3NtL3N0b3JhZ2VhY2NvdW50cy9nbG9iYWwvcnBmZGxqb2IwMHByb2RwbjA0In0?api-version=2025-04-01&t=REDACTED&c=REDACTED&s=REDACTED&h=REDACTED'
Request method: 'GET'
Request headers:
    'x-ms-client-request-id': '7a03879a-5805-11f1-bf26-088fc34e0447'
    'User-Agent': 'azsdk-python-mgmt-resource/25.0.0 Python/3.12.0 (Windows-11-10.0.22621-SP0)'
    'Authorization': 'REDACTED'
No body was attached to the request
2026-05-25 12:18:14,333 | INFO | Response status: 202
Response headers:
    'Cache-Control': 'no-cache'
    'Pragma': 'no-cache'
    'Expires': '-1'
    'Location': 'REDACTED'
    'Retry-After': '15'
    'x-ms-ratelimit-remaining-subscription-reads': '249'
    'x-ms-ratelimit-remaining-subscription-global-reads': 'REDACTED'
    'x-ms-request-id': '7688178e-b1e4-4c4a-8184-0bda9b784024'
    'x-ms-correlation-request-id': 'REDACTED'
    'x-ms-routing-request-id': 'REDACTED'
    'Strict-Transport-Security': 'REDACTED'
    'X-Content-Type-Options': 'REDACTED'
    'X-Cache': 'REDACTED'
    'X-MSEdge-Ref': 'Ref A: 6460AA79557F4147887C3E6090CA4FE7 Ref B: PNQ231110908025 Ref C: 2026-05-25T06:48:13Z'
    'Date': 'Mon, 25 May 2026 06:48:13 GMT'
    'Content-Length': '0'
2026-05-25 12:18:29,334 | INFO | Request URL: 'https://management.azure.com/subscriptions/a8bd7b1b-b9aa-4283-aec4-2040b847d926/operationresults/eyJqb2JJZCI6IlJFU09VUkNFR1JPVVBERUxFVElPTkpPQi1BVVRPUFJPSkVDVFJHLUNFTlRSQUxJTkRJQSIsImpvYkxvY2F0aW9uIjoiY2VudHJhbGluZGlhIiwiam9iU3RvcmFnZUFjY291bnQiOiIvY3NtL3N0b3JhZ2VhY2NvdW50cy9nbG9iYWwvcnBmZGxqb2IwMHByb2RwbjA0In0?api-version=2025-04-01&t=REDACTED&c=REDACTED&s=REDACTED&h=REDACTED'
Request method: 'GET'
Request headers:
    'x-ms-client-request-id': '7a03879a-5805-11f1-bf26-088fc34e0447'
    'User-Agent': 'azsdk-python-mgmt-resource/25.0.0 Python/3.12.0 (Windows-11-10.0.22621-SP0)'
    'Authorization': 'REDACTED'
No body was attached to the request
2026-05-25 12:18:29,838 | INFO | Response status: 202
Response headers:
    'Cache-Control': 'no-cache'
    'Pragma': 'no-cache'
    'Expires': '-1'
    'Location': 'REDACTED'
    'Retry-After': '15'
    'x-ms-ratelimit-remaining-subscription-reads': '249'
    'x-ms-ratelimit-remaining-subscription-global-reads': 'REDACTED'
    'x-ms-request-id': '2dc735f4-b617-4474-a9dd-f79459b55606'
    'x-ms-correlation-request-id': 'REDACTED'
    'x-ms-routing-request-id': 'REDACTED'
    'Strict-Transport-Security': 'REDACTED'
    'X-Content-Type-Options': 'REDACTED'
    'X-Cache': 'REDACTED'
    'X-MSEdge-Ref': 'Ref A: A8EFA52DE2164B079AD3A3A2CE661535 Ref B: PNQ231110908025 Ref C: 2026-05-25T06:48:29Z'
    'Date': 'Mon, 25 May 2026 06:48:28 GMT'
    'Content-Length': '0'
2026-05-25 12:18:44,839 | INFO | Request URL: 'https://management.azure.com/subscriptions/a8bd7b1b-b9aa-4283-aec4-2040b847d926/operationresults/eyJqb2JJZCI6IlJFU09VUkNFR1JPVVBERUxFVElPTkpPQi1BVVRPUFJPSkVDVFJHLUNFTlRSQUxJTkRJQSIsImpvYkxvY2F0aW9uIjoiY2VudHJhbGluZGlhIiwiam9iU3RvcmFnZUFjY291bnQiOiIvY3NtL3N0b3JhZ2VhY2NvdW50cy9nbG9iYWwvcnBmZGxqb2IwMHByb2RwbjA0In0?api-version=2025-04-01&t=REDACTED&c=REDACTED&s=REDACTED&h=REDACTED'
Request method: 'GET'
Request headers:
    'x-ms-client-request-id': '7a03879a-5805-11f1-bf26-088fc34e0447'
    'User-Agent': 'azsdk-python-mgmt-resource/25.0.0 Python/3.12.0 (Windows-11-10.0.22621-SP0)'
    'Authorization': 'REDACTED'
No body was attached to the request
2026-05-25 12:18:45,318 | INFO | Response status: 202
Response headers:
    'Cache-Control': 'no-cache'
    'Pragma': 'no-cache'
    'Expires': '-1'
    'Location': 'REDACTED'
    'Retry-After': '15'
    'x-ms-ratelimit-remaining-subscription-reads': '249'
    'x-ms-ratelimit-remaining-subscription-global-reads': 'REDACTED'
    'x-ms-request-id': '89caf91d-d3e8-4f9e-ae28-b2ec6ad70f51'
    'x-ms-correlation-request-id': 'REDACTED'
    'x-ms-routing-request-id': 'REDACTED'
    'Strict-Transport-Security': 'REDACTED'
    'X-Content-Type-Options': 'REDACTED'
    'X-Cache': 'REDACTED'
    'X-MSEdge-Ref': 'Ref A: 3F5194E325AE4B61827C98E847B0C053 Ref B: PNQ231110908025 Ref C: 2026-05-25T06:48:44Z'
    'Date': 'Mon, 25 May 2026 06:48:44 GMT'
    'Content-Length': '0'
2026-05-25 12:19:00,319 | INFO | Request URL: 'https://management.azure.com/subscriptions/a8bd7b1b-b9aa-4283-aec4-2040b847d926/operationresults/eyJqb2JJZCI6IlJFU09VUkNFR1JPVVBERUxFVElPTkpPQi1BVVRPUFJPSkVDVFJHLUNFTlRSQUxJTkRJQSIsImpvYkxvY2F0aW9uIjoiY2VudHJhbGluZGlhIiwiam9iU3RvcmFnZUFjY291bnQiOiIvY3NtL3N0b3JhZ2VhY2NvdW50cy9nbG9iYWwvcnBmZGxqb2IwMHByb2RwbjA0In0?api-version=2025-04-01&t=REDACTED&c=REDACTED&s=REDACTED&h=REDACTED'
Request method: 'GET'
Request headers:
    'x-ms-client-request-id': '7a03879a-5805-11f1-bf26-088fc34e0447'
    'User-Agent': 'azsdk-python-mgmt-resource/25.0.0 Python/3.12.0 (Windows-11-10.0.22621-SP0)'
    'Authorization': 'REDACTED'
No body was attached to the request
2026-05-25 12:19:00,662 | INFO | Response status: 202
Response headers:
    'Cache-Control': 'no-cache'
    'Pragma': 'no-cache'
    'Expires': '-1'
    'Location': 'REDACTED'
    'Retry-After': '15'
    'x-ms-ratelimit-remaining-subscription-reads': '249'
    'x-ms-ratelimit-remaining-subscription-global-reads': 'REDACTED'
    'x-ms-request-id': 'd9eba319-35d2-47b2-98be-19ca1a2def82'
    'x-ms-correlation-request-id': 'REDACTED'
    'x-ms-routing-request-id': 'REDACTED'
    'Strict-Transport-Security': 'REDACTED'
    'X-Content-Type-Options': 'REDACTED'
    'X-Cache': 'REDACTED'
    'X-MSEdge-Ref': 'Ref A: F0553C5C6F024701AB7B8D32FE6CD006 Ref B: PNQ231110908025 Ref C: 2026-05-25T06:49:00Z'
    'Date': 'Mon, 25 May 2026 06:48:59 GMT'
    'Content-Length': '0'
2026-05-25 12:19:15,662 | INFO | Request URL: 'https://management.azure.com/subscriptions/a8bd7b1b-b9aa-4283-aec4-2040b847d926/operationresults/eyJqb2JJZCI6IlJFU09VUkNFR1JPVVBERUxFVElPTkpPQi1BVVRPUFJPSkVDVFJHLUNFTlRSQUxJTkRJQSIsImpvYkxvY2F0aW9uIjoiY2VudHJhbGluZGlhIiwiam9iU3RvcmFnZUFjY291bnQiOiIvY3NtL3N0b3JhZ2VhY2NvdW50cy9nbG9iYWwvcnBmZGxqb2IwMHByb2RwbjA0In0?api-version=2025-04-01&t=REDACTED&c=REDACTED&s=REDACTED&h=REDACTED'
Request method: 'GET'
Request headers:
    'x-ms-client-request-id': '7a03879a-5805-11f1-bf26-088fc34e0447'
    'User-Agent': 'azsdk-python-mgmt-resource/25.0.0 Python/3.12.0 (Windows-11-10.0.22621-SP0)'
    'Authorization': 'REDACTED'
No body was attached to the request
2026-05-25 12:19:16,284 | INFO | Response status: 202
Response headers:
    'Cache-Control': 'no-cache'
    'Pragma': 'no-cache'
    'Expires': '-1'
    'Location': 'REDACTED'
    'Retry-After': '15'
    'x-ms-ratelimit-remaining-subscription-reads': '249'
    'x-ms-ratelimit-remaining-subscription-global-reads': 'REDACTED'
    'x-ms-request-id': 'a6ef29d6-4930-4102-9c3c-6d4da9335798'
    'x-ms-correlation-request-id': 'REDACTED'
    'x-ms-routing-request-id': 'REDACTED'
    'Strict-Transport-Security': 'REDACTED'
    'X-Content-Type-Options': 'REDACTED'
    'X-Cache': 'REDACTED'
    'X-MSEdge-Ref': 'Ref A: 573A0E9419D24C94BB3D962B23BBC0BE Ref B: PNQ231110908025 Ref C: 2026-05-25T06:49:15Z'
    'Date': 'Mon, 25 May 2026 06:49:15 GMT'
    'Content-Length': '0'
2026-05-25 12:19:31,285 | INFO | Request URL: 'https://management.azure.com/subscriptions/a8bd7b1b-b9aa-4283-aec4-2040b847d926/operationresults/eyJqb2JJZCI6IlJFU09VUkNFR1JPVVBERUxFVElPTkpPQi1BVVRPUFJPSkVDVFJHLUNFTlRSQUxJTkRJQSIsImpvYkxvY2F0aW9uIjoiY2VudHJhbGluZGlhIiwiam9iU3RvcmFnZUFjY291bnQiOiIvY3NtL3N0b3JhZ2VhY2NvdW50cy9nbG9iYWwvcnBmZGxqb2IwMHByb2RwbjA0In0?api-version=2025-04-01&t=REDACTED&c=REDACTED&s=REDACTED&h=REDACTED'
Request method: 'GET'
Request headers:
    'x-ms-client-request-id': '7a03879a-5805-11f1-bf26-088fc34e0447'
    'User-Agent': 'azsdk-python-mgmt-resource/25.0.0 Python/3.12.0 (Windows-11-10.0.22621-SP0)'
    'Authorization': 'REDACTED'
No body was attached to the request
2026-05-25 12:19:31,490 | INFO | Response status: 202
Response headers:
    'Cache-Control': 'no-cache'
    'Pragma': 'no-cache'
    'Expires': '-1'
    'Location': 'REDACTED'
    'Retry-After': '15'
    'x-ms-ratelimit-remaining-subscription-reads': '249'
    'x-ms-ratelimit-remaining-subscription-global-reads': 'REDACTED'
    'x-ms-request-id': '545ba2fc-0796-4753-adcc-d9d8f73865d9'
    'x-ms-correlation-request-id': 'REDACTED'
    'x-ms-routing-request-id': 'REDACTED'
    'Strict-Transport-Security': 'REDACTED'
    'X-Content-Type-Options': 'REDACTED'
    'X-Cache': 'REDACTED'
    'X-MSEdge-Ref': 'Ref A: 8B9CD4EAA2BA4B07A2704B5AF8B662E8 Ref B: PNQ231110908025 Ref C: 2026-05-25T06:49:31Z'
    'Date': 'Mon, 25 May 2026 06:49:30 GMT'
    'Content-Length': '0'
2026-05-25 12:19:46,490 | INFO | Request URL: 'https://management.azure.com/subscriptions/a8bd7b1b-b9aa-4283-aec4-2040b847d926/operationresults/eyJqb2JJZCI6IlJFU09VUkNFR1JPVVBERUxFVElPTkpPQi1BVVRPUFJPSkVDVFJHLUNFTlRSQUxJTkRJQSIsImpvYkxvY2F0aW9uIjoiY2VudHJhbGluZGlhIiwiam9iU3RvcmFnZUFjY291bnQiOiIvY3NtL3N0b3JhZ2VhY2NvdW50cy9nbG9iYWwvcnBmZGxqb2IwMHByb2RwbjA0In0?api-version=2025-04-01&t=REDACTED&c=REDACTED&s=REDACTED&h=REDACTED'
Request method: 'GET'
Request headers:
    'x-ms-client-request-id': '7a03879a-5805-11f1-bf26-088fc34e0447'
    'User-Agent': 'azsdk-python-mgmt-resource/25.0.0 Python/3.12.0 (Windows-11-10.0.22621-SP0)'
    'Authorization': 'REDACTED'
No body was attached to the request
2026-05-25 12:19:46,571 | INFO | Response status: 200
Response headers:
    'Cache-Control': 'no-cache'
    'Pragma': 'no-cache'
    'Expires': '-1'
    'x-ms-ratelimit-remaining-subscription-reads': '249'
    'x-ms-ratelimit-remaining-subscription-global-reads': 'REDACTED'
    'x-ms-request-id': 'bd0f68a5-ecec-4bdb-a09b-fc462907ac26'
    'x-ms-correlation-request-id': 'REDACTED'
    'x-ms-routing-request-id': 'REDACTED'
    'Strict-Transport-Security': 'REDACTED'
    'X-Content-Type-Options': 'REDACTED'
    'X-Cache': 'REDACTED'
    'X-MSEdge-Ref': 'Ref A: A92F21C9E6F14CDBBDD6ADBFE4D01376 Ref B: PNQ231110908025 Ref C: 2026-05-25T06:49:46Z'
    'Date': 'Mon, 25 May 2026 06:49:45 GMT'
    'Content-Length': '0'
2026-05-25 12:19:46,572 | INFO | Deleted Resource Group: AutoProjectRG
2026-05-25 13:31:20,749 | INFO | AzureCliCredential.get_token_info succeeded
2026-05-25 13:31:20,750 | INFO | Request URL: 'https://management.azure.com/subscriptions/a8bd7b1b-b9aa-4283-aec4-2040b847d926/resourcegroups/AutoProjectRG?api-version=2025-04-01'
Request method: 'DELETE'
Request headers:
    'Accept': 'application/json'
    'x-ms-client-request-id': 'e9453498-580f-11f1-ad95-088fc34e0447'
    'User-Agent': 'azsdk-python-mgmt-resource/25.0.0 Python/3.12.0 (Windows-11-10.0.22621-SP0)'
    'Authorization': 'REDACTED'
No body was attached to the request
2026-05-25 13:31:21,819 | INFO | Response status: 202
Response headers:
    'Cache-Control': 'no-cache'
    'Pragma': 'no-cache'
    'Expires': '-1'
    'Location': 'REDACTED'
    'Retry-After': '15'
    'x-ms-ratelimit-remaining-subscription-deletes': 'REDACTED'
    'x-ms-ratelimit-remaining-subscription-global-deletes': 'REDACTED'
    'x-ms-request-id': '37460651-a159-43cc-81e5-73454e3c06e7'
    'x-ms-correlation-request-id': 'REDACTED'
    'x-ms-routing-request-id': 'REDACTED'
    'Strict-Transport-Security': 'REDACTED'
    'X-Content-Type-Options': 'REDACTED'
    'X-Cache': 'REDACTED'
    'X-MSEdge-Ref': 'Ref A: 9850895A616448A3A8E5B003FF107D07 Ref B: PNQ231110908040 Ref C: 2026-05-25T08:01:21Z'
    'Date': 'Mon, 25 May 2026 08:01:21 GMT'
    'Content-Length': '0'
2026-05-25 13:31:21,822 | INFO | Request URL: 'https://management.azure.com/subscriptions/a8bd7b1b-b9aa-4283-aec4-2040b847d926/operationresults/eyJqb2JJZCI6IlJFU09VUkNFR1JPVVBERUxFVElPTkpPQi1BVVRPUFJPSkVDVFJHLUNFTlRSQUxJTkRJQSIsImpvYkxvY2F0aW9uIjoiY2VudHJhbGluZGlhIiwiam9iU3RvcmFnZUFjY291bnQiOiIvY3NtL3N0b3JhZ2VhY2NvdW50cy9nbG9iYWwvcnBmZGxqb2IwMHByb2RwbjA0In0?api-version=2025-04-01&t=REDACTED&c=REDACTED&s=REDACTED&h=REDACTED'
Request method: 'GET'
Request headers:
    'x-ms-client-request-id': 'e9453498-580f-11f1-ad95-088fc34e0447'
    'User-Agent': 'azsdk-python-mgmt-resource/25.0.0 Python/3.12.0 (Windows-11-10.0.22621-SP0)'
    'Authorization': 'REDACTED'
No body was attached to the request
2026-05-25 13:31:22,147 | INFO | Response status: 202
Response headers:
    'Cache-Control': 'no-cache'
    'Pragma': 'no-cache'
    'Expires': '-1'
    'Location': 'REDACTED'
    'Retry-After': '15'
    'x-ms-ratelimit-remaining-subscription-reads': '249'
    'x-ms-ratelimit-remaining-subscription-global-reads': 'REDACTED'
    'x-ms-request-id': '2e10c017-e271-4742-abe3-2b3bfd3521db'
    'x-ms-correlation-request-id': 'REDACTED'
    'x-ms-routing-request-id': 'REDACTED'
    'Strict-Transport-Security': 'REDACTED'
    'X-Content-Type-Options': 'REDACTED'
    'X-Cache': 'REDACTED'
    'X-MSEdge-Ref': 'Ref A: 8A3175F4284F4303BE139EE303411B99 Ref B: PNQ231110908040 Ref C: 2026-05-25T08:01:21Z'
    'Date': 'Mon, 25 May 2026 08:01:21 GMT'
    'Content-Length': '0'
2026-05-25 13:31:37,148 | INFO | Request URL: 'https://management.azure.com/subscriptions/a8bd7b1b-b9aa-4283-aec4-2040b847d926/operationresults/eyJqb2JJZCI6IlJFU09VUkNFR1JPVVBERUxFVElPTkpPQi1BVVRPUFJPSkVDVFJHLUNFTlRSQUxJTkRJQSIsImpvYkxvY2F0aW9uIjoiY2VudHJhbGluZGlhIiwiam9iU3RvcmFnZUFjY291bnQiOiIvY3NtL3N0b3JhZ2VhY2NvdW50cy9nbG9iYWwvcnBmZGxqb2IwMHByb2RwbjA0In0?api-version=2025-04-01&t=REDACTED&c=REDACTED&s=REDACTED&h=REDACTED'
Request method: 'GET'
Request headers:
    'x-ms-client-request-id': 'e9453498-580f-11f1-ad95-088fc34e0447'
    'User-Agent': 'azsdk-python-mgmt-resource/25.0.0 Python/3.12.0 (Windows-11-10.0.22621-SP0)'
    'Authorization': 'REDACTED'
No body was attached to the request
2026-05-25 13:31:37,525 | INFO | Response status: 202
Response headers:
    'Cache-Control': 'no-cache'
    'Pragma': 'no-cache'
    'Expires': '-1'
    'Location': 'REDACTED'
    'Retry-After': '15'
    'x-ms-ratelimit-remaining-subscription-reads': '249'
    'x-ms-ratelimit-remaining-subscription-global-reads': 'REDACTED'
    'x-ms-request-id': '153cc7fb-8179-4460-b291-5c6e760d7f22'
    'x-ms-correlation-request-id': 'REDACTED'
    'x-ms-routing-request-id': 'REDACTED'
    'Strict-Transport-Security': 'REDACTED'
    'X-Content-Type-Options': 'REDACTED'
    'X-Cache': 'REDACTED'
    'X-MSEdge-Ref': 'Ref A: CDEDC154C4844B7BBD57A883876A5162 Ref B: PNQ231110908040 Ref C: 2026-05-25T08:01:37Z'
    'Date': 'Mon, 25 May 2026 08:01:37 GMT'
    'Content-Length': '0'
2026-05-25 13:31:52,527 | INFO | Request URL: 'https://management.azure.com/subscriptions/a8bd7b1b-b9aa-4283-aec4-2040b847d926/operationresults/eyJqb2JJZCI6IlJFU09VUkNFR1JPVVBERUxFVElPTkpPQi1BVVRPUFJPSkVDVFJHLUNFTlRSQUxJTkRJQSIsImpvYkxvY2F0aW9uIjoiY2VudHJhbGluZGlhIiwiam9iU3RvcmFnZUFjY291bnQiOiIvY3NtL3N0b3JhZ2VhY2NvdW50cy9nbG9iYWwvcnBmZGxqb2IwMHByb2RwbjA0In0?api-version=2025-04-01&t=REDACTED&c=REDACTED&s=REDACTED&h=REDACTED'
Request method: 'GET'
Request headers:
    'x-ms-client-request-id': 'e9453498-580f-11f1-ad95-088fc34e0447'
    'User-Agent': 'azsdk-python-mgmt-resource/25.0.0 Python/3.12.0 (Windows-11-10.0.22621-SP0)'
    'Authorization': 'REDACTED'
No body was attached to the request
2026-05-25 13:31:52,829 | INFO | Response status: 202
Response headers:
    'Cache-Control': 'no-cache'
    'Pragma': 'no-cache'
    'Expires': '-1'
    'Location': 'REDACTED'
    'Retry-After': '15'
    'x-ms-ratelimit-remaining-subscription-reads': '249'
    'x-ms-ratelimit-remaining-subscription-global-reads': 'REDACTED'
    'x-ms-request-id': '98e6577f-33f1-408e-a7ba-1eabd36f89f0'
    'x-ms-correlation-request-id': 'REDACTED'
    'x-ms-routing-request-id': 'REDACTED'
    'Strict-Transport-Security': 'REDACTED'
    'X-Content-Type-Options': 'REDACTED'
    'X-Cache': 'REDACTED'
    'X-MSEdge-Ref': 'Ref A: 4D3E081622454EB1AFFB7FE1011C9E5D Ref B: PNQ231110908040 Ref C: 2026-05-25T08:01:52Z'
    'Date': 'Mon, 25 May 2026 08:01:52 GMT'
    'Content-Length': '0'
2026-05-25 13:32:07,831 | INFO | Request URL: 'https://management.azure.com/subscriptions/a8bd7b1b-b9aa-4283-aec4-2040b847d926/operationresults/eyJqb2JJZCI6IlJFU09VUkNFR1JPVVBERUxFVElPTkpPQi1BVVRPUFJPSkVDVFJHLUNFTlRSQUxJTkRJQSIsImpvYkxvY2F0aW9uIjoiY2VudHJhbGluZGlhIiwiam9iU3RvcmFnZUFjY291bnQiOiIvY3NtL3N0b3JhZ2VhY2NvdW50cy9nbG9iYWwvcnBmZGxqb2IwMHByb2RwbjA0In0?api-version=2025-04-01&t=REDACTED&c=REDACTED&s=REDACTED&h=REDACTED'
Request method: 'GET'
Request headers:
    'x-ms-client-request-id': 'e9453498-580f-11f1-ad95-088fc34e0447'
    'User-Agent': 'azsdk-python-mgmt-resource/25.0.0 Python/3.12.0 (Windows-11-10.0.22621-SP0)'
    'Authorization': 'REDACTED'
No body was attached to the request
2026-05-25 13:32:08,204 | INFO | Response status: 202
Response headers:
    'Cache-Control': 'no-cache'
    'Pragma': 'no-cache'
    'Expires': '-1'
    'Location': 'REDACTED'
    'Retry-After': '15'
    'x-ms-ratelimit-remaining-subscription-reads': '249'
    'x-ms-ratelimit-remaining-subscription-global-reads': 'REDACTED'
    'x-ms-request-id': '5e4f35b2-fcf9-4632-a920-3bee66848c3c'
    'x-ms-correlation-request-id': 'REDACTED'
    'x-ms-routing-request-id': 'REDACTED'
    'Strict-Transport-Security': 'REDACTED'
    'X-Content-Type-Options': 'REDACTED'
    'X-Cache': 'REDACTED'
    'X-MSEdge-Ref': 'Ref A: 273FA84693924DFABCEFB9D1239B6270 Ref B: PNQ231110908040 Ref C: 2026-05-25T08:02:07Z'
    'Date': 'Mon, 25 May 2026 08:02:07 GMT'
    'Content-Length': '0'
2026-05-25 13:32:23,205 | INFO | Request URL: 'https://management.azure.com/subscriptions/a8bd7b1b-b9aa-4283-aec4-2040b847d926/operationresults/eyJqb2JJZCI6IlJFU09VUkNFR1JPVVBERUxFVElPTkpPQi1BVVRPUFJPSkVDVFJHLUNFTlRSQUxJTkRJQSIsImpvYkxvY2F0aW9uIjoiY2VudHJhbGluZGlhIiwiam9iU3RvcmFnZUFjY291bnQiOiIvY3NtL3N0b3JhZ2VhY2NvdW50cy9nbG9iYWwvcnBmZGxqb2IwMHByb2RwbjA0In0?api-version=2025-04-01&t=REDACTED&c=REDACTED&s=REDACTED&h=REDACTED'
Request method: 'GET'
Request headers:
    'x-ms-client-request-id': 'e9453498-580f-11f1-ad95-088fc34e0447'
    'User-Agent': 'azsdk-python-mgmt-resource/25.0.0 Python/3.12.0 (Windows-11-10.0.22621-SP0)'
    'Authorization': 'REDACTED'
No body was attached to the request
2026-05-25 13:32:23,539 | INFO | Response status: 202
Response headers:
    'Cache-Control': 'no-cache'
    'Pragma': 'no-cache'
    'Expires': '-1'
    'Location': 'REDACTED'
    'Retry-After': '15'
    'x-ms-ratelimit-remaining-subscription-reads': '249'
    'x-ms-ratelimit-remaining-subscription-global-reads': 'REDACTED'
    'x-ms-request-id': '3d113f3d-c244-408d-a236-d3524a6fc71e'
    'x-ms-correlation-request-id': 'REDACTED'
    'x-ms-routing-request-id': 'REDACTED'
    'Strict-Transport-Security': 'REDACTED'
    'X-Content-Type-Options': 'REDACTED'
    'X-Cache': 'REDACTED'
    'X-MSEdge-Ref': 'Ref A: 3806FDCFD51F47B3BAD03D9E87E5B6EB Ref B: PNQ231110908040 Ref C: 2026-05-25T08:02:23Z'
    'Date': 'Mon, 25 May 2026 08:02:23 GMT'
    'Content-Length': '0'
2026-05-25 13:32:38,541 | INFO | Request URL: 'https://management.azure.com/subscriptions/a8bd7b1b-b9aa-4283-aec4-2040b847d926/operationresults/eyJqb2JJZCI6IlJFU09VUkNFR1JPVVBERUxFVElPTkpPQi1BVVRPUFJPSkVDVFJHLUNFTlRSQUxJTkRJQSIsImpvYkxvY2F0aW9uIjoiY2VudHJhbGluZGlhIiwiam9iU3RvcmFnZUFjY291bnQiOiIvY3NtL3N0b3JhZ2VhY2NvdW50cy9nbG9iYWwvcnBmZGxqb2IwMHByb2RwbjA0In0?api-version=2025-04-01&t=REDACTED&c=REDACTED&s=REDACTED&h=REDACTED'
Request method: 'GET'
Request headers:
    'x-ms-client-request-id': 'e9453498-580f-11f1-ad95-088fc34e0447'
    'User-Agent': 'azsdk-python-mgmt-resource/25.0.0 Python/3.12.0 (Windows-11-10.0.22621-SP0)'
    'Authorization': 'REDACTED'
No body was attached to the request
2026-05-25 13:32:38,830 | INFO | Response status: 202
Response headers:
    'Cache-Control': 'no-cache'
    'Pragma': 'no-cache'
    'Expires': '-1'
    'Location': 'REDACTED'
    'Retry-After': '15'
    'x-ms-ratelimit-remaining-subscription-reads': '249'
    'x-ms-ratelimit-remaining-subscription-global-reads': 'REDACTED'
    'x-ms-request-id': 'e1256723-2123-43ad-bc68-e64b564da508'
    'x-ms-correlation-request-id': 'REDACTED'
    'x-ms-routing-request-id': 'REDACTED'
    'Strict-Transport-Security': 'REDACTED'
    'X-Content-Type-Options': 'REDACTED'
    'X-Cache': 'REDACTED'
    'X-MSEdge-Ref': 'Ref A: 52BA3B1F7EA94413B0FDC2B4B24FF15A Ref B: PNQ231110908040 Ref C: 2026-05-25T08:02:38Z'
    'Date': 'Mon, 25 May 2026 08:02:38 GMT'
    'Content-Length': '0'
2026-05-25 13:32:53,832 | INFO | Request URL: 'https://management.azure.com/subscriptions/a8bd7b1b-b9aa-4283-aec4-2040b847d926/operationresults/eyJqb2JJZCI6IlJFU09VUkNFR1JPVVBERUxFVElPTkpPQi1BVVRPUFJPSkVDVFJHLUNFTlRSQUxJTkRJQSIsImpvYkxvY2F0aW9uIjoiY2VudHJhbGluZGlhIiwiam9iU3RvcmFnZUFjY291bnQiOiIvY3NtL3N0b3JhZ2VhY2NvdW50cy9nbG9iYWwvcnBmZGxqb2IwMHByb2RwbjA0In0?api-version=2025-04-01&t=REDACTED&c=REDACTED&s=REDACTED&h=REDACTED'
Request method: 'GET'
Request headers:
    'x-ms-client-request-id': 'e9453498-580f-11f1-ad95-088fc34e0447'
    'User-Agent': 'azsdk-python-mgmt-resource/25.0.0 Python/3.12.0 (Windows-11-10.0.22621-SP0)'
    'Authorization': 'REDACTED'
No body was attached to the request
2026-05-25 13:32:54,160 | INFO | Response status: 202
Response headers:
    'Cache-Control': 'no-cache'
    'Pragma': 'no-cache'
    'Expires': '-1'
    'Location': 'REDACTED'
    'Retry-After': '15'
    'x-ms-ratelimit-remaining-subscription-reads': '249'
    'x-ms-ratelimit-remaining-subscription-global-reads': 'REDACTED'
    'x-ms-request-id': 'bcc0947a-b762-483b-a82c-f304c8659e63'
    'x-ms-correlation-request-id': 'REDACTED'
    'x-ms-routing-request-id': 'REDACTED'
    'Strict-Transport-Security': 'REDACTED'
    'X-Content-Type-Options': 'REDACTED'
    'X-Cache': 'REDACTED'
    'X-MSEdge-Ref': 'Ref A: DAF041D7AEF84E5591491CF0269036EB Ref B: PNQ231110908040 Ref C: 2026-05-25T08:02:53Z'
    'Date': 'Mon, 25 May 2026 08:02:53 GMT'
    'Content-Length': '0'
2026-05-25 13:33:09,161 | INFO | Request URL: 'https://management.azure.com/subscriptions/a8bd7b1b-b9aa-4283-aec4-2040b847d926/operationresults/eyJqb2JJZCI6IlJFU09VUkNFR1JPVVBERUxFVElPTkpPQi1BVVRPUFJPSkVDVFJHLUNFTlRSQUxJTkRJQSIsImpvYkxvY2F0aW9uIjoiY2VudHJhbGluZGlhIiwiam9iU3RvcmFnZUFjY291bnQiOiIvY3NtL3N0b3JhZ2VhY2NvdW50cy9nbG9iYWwvcnBmZGxqb2IwMHByb2RwbjA0In0?api-version=2025-04-01&t=REDACTED&c=REDACTED&s=REDACTED&h=REDACTED'
Request method: 'GET'
Request headers:
    'x-ms-client-request-id': 'e9453498-580f-11f1-ad95-088fc34e0447'
    'User-Agent': 'azsdk-python-mgmt-resource/25.0.0 Python/3.12.0 (Windows-11-10.0.22621-SP0)'
    'Authorization': 'REDACTED'
No body was attached to the request
2026-05-25 13:33:09,528 | INFO | Response status: 202
Response headers:
    'Cache-Control': 'no-cache'
    'Pragma': 'no-cache'
    'Expires': '-1'
    'Location': 'REDACTED'
    'Retry-After': '15'
    'x-ms-ratelimit-remaining-subscription-reads': '249'
    'x-ms-ratelimit-remaining-subscription-global-reads': 'REDACTED'
    'x-ms-request-id': 'b1819d30-c2cb-48aa-b7ab-314f2d92260c'
    'x-ms-correlation-request-id': 'REDACTED'
    'x-ms-routing-request-id': 'REDACTED'
    'Strict-Transport-Security': 'REDACTED'
    'X-Content-Type-Options': 'REDACTED'
    'X-Cache': 'REDACTED'
    'X-MSEdge-Ref': 'Ref A: 2F67CDC553944CE6A748C6CAE8A41404 Ref B: PNQ231110908040 Ref C: 2026-05-25T08:03:09Z'
    'Date': 'Mon, 25 May 2026 08:03:09 GMT'
    'Content-Length': '0'
2026-05-25 13:33:24,530 | INFO | Request URL: 'https://management.azure.com/subscriptions/a8bd7b1b-b9aa-4283-aec4-2040b847d926/operationresults/eyJqb2JJZCI6IlJFU09VUkNFR1JPVVBERUxFVElPTkpPQi1BVVRPUFJPSkVDVFJHLUNFTlRSQUxJTkRJQSIsImpvYkxvY2F0aW9uIjoiY2VudHJhbGluZGlhIiwiam9iU3RvcmFnZUFjY291bnQiOiIvY3NtL3N0b3JhZ2VhY2NvdW50cy9nbG9iYWwvcnBmZGxqb2IwMHByb2RwbjA0In0?api-version=2025-04-01&t=REDACTED&c=REDACTED&s=REDACTED&h=REDACTED'
Request method: 'GET'
Request headers:
    'x-ms-client-request-id': 'e9453498-580f-11f1-ad95-088fc34e0447'
    'User-Agent': 'azsdk-python-mgmt-resource/25.0.0 Python/3.12.0 (Windows-11-10.0.22621-SP0)'
    'Authorization': 'REDACTED'
No body was attached to the request
2026-05-25 13:33:24,911 | INFO | Response status: 202
Response headers:
    'Cache-Control': 'no-cache'
    'Pragma': 'no-cache'
    'Expires': '-1'
    'Location': 'REDACTED'
    'Retry-After': '15'
    'x-ms-ratelimit-remaining-subscription-reads': '249'
    'x-ms-ratelimit-remaining-subscription-global-reads': 'REDACTED'
    'x-ms-request-id': '81a26c0a-6c73-484c-a077-cd144bb46c9e'
    'x-ms-correlation-request-id': 'REDACTED'
    'x-ms-routing-request-id': 'REDACTED'
    'Strict-Transport-Security': 'REDACTED'
    'X-Content-Type-Options': 'REDACTED'
    'X-Cache': 'REDACTED'
    'X-MSEdge-Ref': 'Ref A: CA06FBE965AC4F54915F35481996AB93 Ref B: PNQ231110908040 Ref C: 2026-05-25T08:03:24Z'
    'Date': 'Mon, 25 May 2026 08:03:24 GMT'
    'Content-Length': '0'
2026-05-25 13:33:39,912 | INFO | Request URL: 'https://management.azure.com/subscriptions/a8bd7b1b-b9aa-4283-aec4-2040b847d926/operationresults/eyJqb2JJZCI6IlJFU09VUkNFR1JPVVBERUxFVElPTkpPQi1BVVRPUFJPSkVDVFJHLUNFTlRSQUxJTkRJQSIsImpvYkxvY2F0aW9uIjoiY2VudHJhbGluZGlhIiwiam9iU3RvcmFnZUFjY291bnQiOiIvY3NtL3N0b3JhZ2VhY2NvdW50cy9nbG9iYWwvcnBmZGxqb2IwMHByb2RwbjA0In0?api-version=2025-04-01&t=REDACTED&c=REDACTED&s=REDACTED&h=REDACTED'
Request method: 'GET'
Request headers:
    'x-ms-client-request-id': 'e9453498-580f-11f1-ad95-088fc34e0447'
    'User-Agent': 'azsdk-python-mgmt-resource/25.0.0 Python/3.12.0 (Windows-11-10.0.22621-SP0)'
    'Authorization': 'REDACTED'
No body was attached to the request
2026-05-25 13:33:40,010 | INFO | Response status: 202
Response headers:
    'Cache-Control': 'no-cache'
    'Pragma': 'no-cache'
    'Expires': '-1'
    'Location': 'REDACTED'
    'Retry-After': '15'
    'x-ms-ratelimit-remaining-subscription-reads': '249'
    'x-ms-ratelimit-remaining-subscription-global-reads': 'REDACTED'
    'x-ms-request-id': 'cebe3c86-8f0c-4e05-b1b0-5f6fd787ce19'
    'x-ms-correlation-request-id': 'REDACTED'
    'x-ms-routing-request-id': 'REDACTED'
    'Strict-Transport-Security': 'REDACTED'
    'X-Content-Type-Options': 'REDACTED'
    'X-Cache': 'REDACTED'
    'X-MSEdge-Ref': 'Ref A: BB1251B4670049788573CA7D09BC14BC Ref B: PNQ231110908040 Ref C: 2026-05-25T08:03:40Z'
    'Date': 'Mon, 25 May 2026 08:03:39 GMT'
    'Content-Length': '0'
2026-05-25 13:33:55,012 | INFO | Request URL: 'https://management.azure.com/subscriptions/a8bd7b1b-b9aa-4283-aec4-2040b847d926/operationresults/eyJqb2JJZCI6IlJFU09VUkNFR1JPVVBERUxFVElPTkpPQi1BVVRPUFJPSkVDVFJHLUNFTlRSQUxJTkRJQSIsImpvYkxvY2F0aW9uIjoiY2VudHJhbGluZGlhIiwiam9iU3RvcmFnZUFjY291bnQiOiIvY3NtL3N0b3JhZ2VhY2NvdW50cy9nbG9iYWwvcnBmZGxqb2IwMHByb2RwbjA0In0?api-version=2025-04-01&t=REDACTED&c=REDACTED&s=REDACTED&h=REDACTED'
Request method: 'GET'
Request headers:
    'x-ms-client-request-id': 'e9453498-580f-11f1-ad95-088fc34e0447'
    'User-Agent': 'azsdk-python-mgmt-resource/25.0.0 Python/3.12.0 (Windows-11-10.0.22621-SP0)'
    'Authorization': 'REDACTED'
No body was attached to the request
2026-05-25 13:33:55,371 | INFO | Response status: 202
Response headers:
    'Cache-Control': 'no-cache'
    'Pragma': 'no-cache'
    'Expires': '-1'
    'Location': 'REDACTED'
    'Retry-After': '15'
    'x-ms-ratelimit-remaining-subscription-reads': '249'
    'x-ms-ratelimit-remaining-subscription-global-reads': 'REDACTED'
    'x-ms-request-id': '02aa0383-4e1a-464b-9d00-f79503b319c4'
    'x-ms-correlation-request-id': 'REDACTED'
    'x-ms-routing-request-id': 'REDACTED'
    'Strict-Transport-Security': 'REDACTED'
    'X-Content-Type-Options': 'REDACTED'
    'X-Cache': 'REDACTED'
    'X-MSEdge-Ref': 'Ref A: 69A3D825893E46FCA92B1F28CB45A2FB Ref B: PNQ231110908040 Ref C: 2026-05-25T08:03:55Z'
    'Date': 'Mon, 25 May 2026 08:03:54 GMT'
    'Content-Length': '0'
2026-05-25 13:34:10,372 | INFO | Request URL: 'https://management.azure.com/subscriptions/a8bd7b1b-b9aa-4283-aec4-2040b847d926/operationresults/eyJqb2JJZCI6IlJFU09VUkNFR1JPVVBERUxFVElPTkpPQi1BVVRPUFJPSkVDVFJHLUNFTlRSQUxJTkRJQSIsImpvYkxvY2F0aW9uIjoiY2VudHJhbGluZGlhIiwiam9iU3RvcmFnZUFjY291bnQiOiIvY3NtL3N0b3JhZ2VhY2NvdW50cy9nbG9iYWwvcnBmZGxqb2IwMHByb2RwbjA0In0?api-version=2025-04-01&t=REDACTED&c=REDACTED&s=REDACTED&h=REDACTED'
Request method: 'GET'
Request headers:
    'x-ms-client-request-id': 'e9453498-580f-11f1-ad95-088fc34e0447'
    'User-Agent': 'azsdk-python-mgmt-resource/25.0.0 Python/3.12.0 (Windows-11-10.0.22621-SP0)'
    'Authorization': 'REDACTED'
No body was attached to the request
2026-05-25 13:34:10,593 | INFO | Response status: 202
Response headers:
    'Cache-Control': 'no-cache'
    'Pragma': 'no-cache'
    'Expires': '-1'
    'Location': 'REDACTED'
    'Retry-After': '15'
    'x-ms-ratelimit-remaining-subscription-reads': '249'
    'x-ms-ratelimit-remaining-subscription-global-reads': 'REDACTED'
    'x-ms-request-id': '454f1d81-ed2d-459d-8f52-025114641c2a'
    'x-ms-correlation-request-id': 'REDACTED'
    'x-ms-routing-request-id': 'REDACTED'
    'Strict-Transport-Security': 'REDACTED'
    'X-Content-Type-Options': 'REDACTED'
    'X-Cache': 'REDACTED'
    'X-MSEdge-Ref': 'Ref A: C85F2DDE3AC449338ED49DC564EE5AC1 Ref B: PNQ231110908040 Ref C: 2026-05-25T08:04:10Z'
    'Date': 'Mon, 25 May 2026 08:04:10 GMT'
    'Content-Length': '0'
2026-05-25 13:34:25,594 | INFO | Request URL: 'https://management.azure.com/subscriptions/a8bd7b1b-b9aa-4283-aec4-2040b847d926/operationresults/eyJqb2JJZCI6IlJFU09VUkNFR1JPVVBERUxFVElPTkpPQi1BVVRPUFJPSkVDVFJHLUNFTlRSQUxJTkRJQSIsImpvYkxvY2F0aW9uIjoiY2VudHJhbGluZGlhIiwiam9iU3RvcmFnZUFjY291bnQiOiIvY3NtL3N0b3JhZ2VhY2NvdW50cy9nbG9iYWwvcnBmZGxqb2IwMHByb2RwbjA0In0?api-version=2025-04-01&t=REDACTED&c=REDACTED&s=REDACTED&h=REDACTED'
Request method: 'GET'
Request headers:
    'x-ms-client-request-id': 'e9453498-580f-11f1-ad95-088fc34e0447'
    'User-Agent': 'azsdk-python-mgmt-resource/25.0.0 Python/3.12.0 (Windows-11-10.0.22621-SP0)'
    'Authorization': 'REDACTED'
No body was attached to the request
2026-05-25 13:34:25,800 | INFO | Response status: 200
Response headers:
    'Cache-Control': 'no-cache'
    'Pragma': 'no-cache'
    'Expires': '-1'
    'x-ms-ratelimit-remaining-subscription-reads': '249'
    'x-ms-ratelimit-remaining-subscription-global-reads': 'REDACTED'
    'x-ms-request-id': 'c3e2a0d2-0c4e-4b94-9c54-c03d8dc8ddd2'
    'x-ms-correlation-request-id': 'REDACTED'
    'x-ms-routing-request-id': 'REDACTED'
    'Strict-Transport-Security': 'REDACTED'
    'X-Content-Type-Options': 'REDACTED'
    'X-Cache': 'REDACTED'
    'X-MSEdge-Ref': 'Ref A: 77ADC700A97D4B8AA527B86D2CFC9117 Ref B: PNQ231110908040 Ref C: 2026-05-25T08:04:25Z'
    'Date': 'Mon, 25 May 2026 08:04:25 GMT'
    'Content-Length': '0'
2026-05-25 13:34:25,801 | INFO | Deleted Resource Group: AutoProjectRG
2026-05-26 15:39:48,951 | INFO | AzureCliCredential.get_token_info succeeded
2026-05-26 15:39:48,953 | INFO | Request URL: 'https://management.azure.com/subscriptions/a8bd7b1b-b9aa-4283-aec4-2040b847d926/resourcegroups/AutoProjectRG?api-version=2025-04-01'
Request method: 'DELETE'
Request headers:
    'Accept': 'application/json'
    'x-ms-client-request-id': '06eb80c7-58eb-11f1-b7c0-4c034fe7e914'
    'User-Agent': 'azsdk-python-mgmt-resource/25.0.0 Python/3.12.0 (Windows-11-10.0.22621-SP0)'
    'Authorization': 'REDACTED'
No body was attached to the request
2026-05-26 15:39:50,528 | INFO | Response status: 202
Response headers:
    'Cache-Control': 'no-cache'
    'Pragma': 'no-cache'
    'Expires': '-1'
    'Location': 'REDACTED'
    'Retry-After': '15'
    'x-ms-ratelimit-remaining-subscription-deletes': 'REDACTED'
    'x-ms-ratelimit-remaining-subscription-global-deletes': 'REDACTED'
    'x-ms-request-id': 'b5cb46eb-a2c0-4436-ab62-51a23c88aea9'
    'x-ms-correlation-request-id': 'REDACTED'
    'x-ms-routing-request-id': 'REDACTED'
    'Strict-Transport-Security': 'REDACTED'
    'X-Content-Type-Options': 'REDACTED'
    'X-Cache': 'REDACTED'
    'X-MSEdge-Ref': 'Ref A: BEF34D61AB184AE7A3CAADC861FFA5A8 Ref B: PNQ231110909060 Ref C: 2026-05-26T10:09:48Z'
    'Date': 'Tue, 26 May 2026 10:09:49 GMT'
    'Content-Length': '0'
2026-05-26 15:39:50,529 | INFO | Request URL: 'https://management.azure.com/subscriptions/a8bd7b1b-b9aa-4283-aec4-2040b847d926/operationresults/eyJqb2JJZCI6IlJFU09VUkNFR1JPVVBERUxFVElPTkpPQi1BVVRPUFJPSkVDVFJHLUNFTlRSQUxJTkRJQSIsImpvYkxvY2F0aW9uIjoiY2VudHJhbGluZGlhIiwiam9iU3RvcmFnZUFjY291bnQiOiIvY3NtL3N0b3JhZ2VhY2NvdW50cy9nbG9iYWwvcnBmZGxqb2IwMHByb2RwbjA0In0?api-version=2025-04-01&t=REDACTED&c=REDACTED&s=REDACTED&h=REDACTED'
Request method: 'GET'
Request headers:
    'x-ms-client-request-id': '06eb80c7-58eb-11f1-b7c0-4c034fe7e914'
    'User-Agent': 'azsdk-python-mgmt-resource/25.0.0 Python/3.12.0 (Windows-11-10.0.22621-SP0)'
    'Authorization': 'REDACTED'
No body was attached to the request
2026-05-26 15:39:50,888 | INFO | Response status: 202
Response headers:
    'Cache-Control': 'no-cache'
    'Pragma': 'no-cache'
    'Expires': '-1'
    'Location': 'REDACTED'
    'Retry-After': '15'
    'x-ms-ratelimit-remaining-subscription-reads': '249'
    'x-ms-ratelimit-remaining-subscription-global-reads': 'REDACTED'
    'x-ms-request-id': 'd163bb21-8780-4723-868e-6afac7a69a8e'
    'x-ms-correlation-request-id': 'REDACTED'
    'x-ms-routing-request-id': 'REDACTED'
    'Strict-Transport-Security': 'REDACTED'
    'X-Content-Type-Options': 'REDACTED'
    'X-Cache': 'REDACTED'
    'X-MSEdge-Ref': 'Ref A: B9119ADE4E654A188F7FA276196A4A84 Ref B: PNQ231110909060 Ref C: 2026-05-26T10:09:50Z'
    'Date': 'Tue, 26 May 2026 10:09:50 GMT'
    'Content-Length': '0'
2026-05-26 15:40:05,889 | INFO | Request URL: 'https://management.azure.com/subscriptions/a8bd7b1b-b9aa-4283-aec4-2040b847d926/operationresults/eyJqb2JJZCI6IlJFU09VUkNFR1JPVVBERUxFVElPTkpPQi1BVVRPUFJPSkVDVFJHLUNFTlRSQUxJTkRJQSIsImpvYkxvY2F0aW9uIjoiY2VudHJhbGluZGlhIiwiam9iU3RvcmFnZUFjY291bnQiOiIvY3NtL3N0b3JhZ2VhY2NvdW50cy9nbG9iYWwvcnBmZGxqb2IwMHByb2RwbjA0In0?api-version=2025-04-01&t=REDACTED&c=REDACTED&s=REDACTED&h=REDACTED'
Request method: 'GET'
Request headers:
    'x-ms-client-request-id': '06eb80c7-58eb-11f1-b7c0-4c034fe7e914'
    'User-Agent': 'azsdk-python-mgmt-resource/25.0.0 Python/3.12.0 (Windows-11-10.0.22621-SP0)'
    'Authorization': 'REDACTED'
No body was attached to the request
2026-05-26 15:40:07,129 | INFO | Response status: 202
Response headers:
    'Cache-Control': 'no-cache'
    'Pragma': 'no-cache'
    'Expires': '-1'
    'Location': 'REDACTED'
    'Retry-After': '15'
    'x-ms-ratelimit-remaining-subscription-reads': '249'
    'x-ms-ratelimit-remaining-subscription-global-reads': 'REDACTED'
    'x-ms-request-id': 'e06bcc5e-fc7d-444f-bf82-7c26100721a4'
    'x-ms-correlation-request-id': 'REDACTED'
    'x-ms-routing-request-id': 'REDACTED'
    'Strict-Transport-Security': 'REDACTED'
    'X-Content-Type-Options': 'REDACTED'
    'X-Cache': 'REDACTED'
    'X-MSEdge-Ref': 'Ref A: C90DF3452DD6488998822ED596ECF61F Ref B: PNQ231110909060 Ref C: 2026-05-26T10:10:05Z'
    'Date': 'Tue, 26 May 2026 10:10:06 GMT'
    'Content-Length': '0'
2026-05-26 15:40:22,130 | INFO | Request URL: 'https://management.azure.com/subscriptions/a8bd7b1b-b9aa-4283-aec4-2040b847d926/operationresults/eyJqb2JJZCI6IlJFU09VUkNFR1JPVVBERUxFVElPTkpPQi1BVVRPUFJPSkVDVFJHLUNFTlRSQUxJTkRJQSIsImpvYkxvY2F0aW9uIjoiY2VudHJhbGluZGlhIiwiam9iU3RvcmFnZUFjY291bnQiOiIvY3NtL3N0b3JhZ2VhY2NvdW50cy9nbG9iYWwvcnBmZGxqb2IwMHByb2RwbjA0In0?api-version=2025-04-01&t=REDACTED&c=REDACTED&s=REDACTED&h=REDACTED'
Request method: 'GET'
Request headers:
    'x-ms-client-request-id': '06eb80c7-58eb-11f1-b7c0-4c034fe7e914'
    'User-Agent': 'azsdk-python-mgmt-resource/25.0.0 Python/3.12.0 (Windows-11-10.0.22621-SP0)'
    'Authorization': 'REDACTED'
No body was attached to the request
2026-05-26 15:40:22,556 | INFO | Response status: 202
Response headers:
    'Cache-Control': 'no-cache'
    'Pragma': 'no-cache'
    'Expires': '-1'
    'Location': 'REDACTED'
    'Retry-After': '15'
    'x-ms-ratelimit-remaining-subscription-reads': '249'
    'x-ms-ratelimit-remaining-subscription-global-reads': 'REDACTED'
    'x-ms-request-id': '603c3af8-5574-4d8b-973b-c8c87bffff0d'
    'x-ms-correlation-request-id': 'REDACTED'
    'x-ms-routing-request-id': 'REDACTED'
    'Strict-Transport-Security': 'REDACTED'
    'X-Content-Type-Options': 'REDACTED'
    'X-Cache': 'REDACTED'
    'X-MSEdge-Ref': 'Ref A: 11F7AB0396D14DB8894B875B685ADA94 Ref B: PNQ231110909060 Ref C: 2026-05-26T10:10:21Z'
    'Date': 'Tue, 26 May 2026 10:10:21 GMT'
    'Content-Length': '0'
2026-05-26 15:40:37,557 | INFO | Request URL: 'https://management.azure.com/subscriptions/a8bd7b1b-b9aa-4283-aec4-2040b847d926/operationresults/eyJqb2JJZCI6IlJFU09VUkNFR1JPVVBERUxFVElPTkpPQi1BVVRPUFJPSkVDVFJHLUNFTlRSQUxJTkRJQSIsImpvYkxvY2F0aW9uIjoiY2VudHJhbGluZGlhIiwiam9iU3RvcmFnZUFjY291bnQiOiIvY3NtL3N0b3JhZ2VhY2NvdW50cy9nbG9iYWwvcnBmZGxqb2IwMHByb2RwbjA0In0?api-version=2025-04-01&t=REDACTED&c=REDACTED&s=REDACTED&h=REDACTED'
Request method: 'GET'
Request headers:
    'x-ms-client-request-id': '06eb80c7-58eb-11f1-b7c0-4c034fe7e914'
    'User-Agent': 'azsdk-python-mgmt-resource/25.0.0 Python/3.12.0 (Windows-11-10.0.22621-SP0)'
    'Authorization': 'REDACTED'
No body was attached to the request
2026-05-26 15:40:38,295 | INFO | Response status: 202
Response headers:
    'Cache-Control': 'no-cache'
    'Pragma': 'no-cache'
    'Expires': '-1'
    'Location': 'REDACTED'
    'Retry-After': '15'
    'x-ms-ratelimit-remaining-subscription-reads': '249'
    'x-ms-ratelimit-remaining-subscription-global-reads': 'REDACTED'
    'x-ms-request-id': '28b4e25c-5248-42df-b77d-9ad9a2a5a968'
    'x-ms-correlation-request-id': 'REDACTED'
    'x-ms-routing-request-id': 'REDACTED'
    'Strict-Transport-Security': 'REDACTED'
    'X-Content-Type-Options': 'REDACTED'
    'X-Cache': 'REDACTED'
    'X-MSEdge-Ref': 'Ref A: 0CECF6DF193E4D20AA84258B5427A082 Ref B: PNQ231110909060 Ref C: 2026-05-26T10:10:37Z'
    'Date': 'Tue, 26 May 2026 10:10:37 GMT'
    'Content-Length': '0'
2026-05-26 15:40:53,296 | INFO | Request URL: 'https://management.azure.com/subscriptions/a8bd7b1b-b9aa-4283-aec4-2040b847d926/operationresults/eyJqb2JJZCI6IlJFU09VUkNFR1JPVVBERUxFVElPTkpPQi1BVVRPUFJPSkVDVFJHLUNFTlRSQUxJTkRJQSIsImpvYkxvY2F0aW9uIjoiY2VudHJhbGluZGlhIiwiam9iU3RvcmFnZUFjY291bnQiOiIvY3NtL3N0b3JhZ2VhY2NvdW50cy9nbG9iYWwvcnBmZGxqb2IwMHByb2RwbjA0In0?api-version=2025-04-01&t=REDACTED&c=REDACTED&s=REDACTED&h=REDACTED'
Request method: 'GET'
Request headers:
    'x-ms-client-request-id': '06eb80c7-58eb-11f1-b7c0-4c034fe7e914'
    'User-Agent': 'azsdk-python-mgmt-resource/25.0.0 Python/3.12.0 (Windows-11-10.0.22621-SP0)'
    'Authorization': 'REDACTED'
No body was attached to the request
2026-05-26 15:40:53,873 | INFO | Response status: 202
Response headers:
    'Cache-Control': 'no-cache'
    'Pragma': 'no-cache'
    'Expires': '-1'
    'Location': 'REDACTED'
    'Retry-After': '15'
    'x-ms-ratelimit-remaining-subscription-reads': '249'
    'x-ms-ratelimit-remaining-subscription-global-reads': 'REDACTED'
    'x-ms-request-id': '12ab1afa-7112-46b5-9dc5-d51b0452980c'
    'x-ms-correlation-request-id': 'REDACTED'
    'x-ms-routing-request-id': 'REDACTED'
    'Strict-Transport-Security': 'REDACTED'
    'X-Content-Type-Options': 'REDACTED'
    'X-Cache': 'REDACTED'
    'X-MSEdge-Ref': 'Ref A: 96624B306A324366A7CE56A27CD603D0 Ref B: PNQ231110909060 Ref C: 2026-05-26T10:10:52Z'
    'Date': 'Tue, 26 May 2026 10:10:53 GMT'
    'Content-Length': '0'
2026-05-26 15:41:08,874 | INFO | Request URL: 'https://management.azure.com/subscriptions/a8bd7b1b-b9aa-4283-aec4-2040b847d926/operationresults/eyJqb2JJZCI6IlJFU09VUkNFR1JPVVBERUxFVElPTkpPQi1BVVRPUFJPSkVDVFJHLUNFTlRSQUxJTkRJQSIsImpvYkxvY2F0aW9uIjoiY2VudHJhbGluZGlhIiwiam9iU3RvcmFnZUFjY291bnQiOiIvY3NtL3N0b3JhZ2VhY2NvdW50cy9nbG9iYWwvcnBmZGxqb2IwMHByb2RwbjA0In0?api-version=2025-04-01&t=REDACTED&c=REDACTED&s=REDACTED&h=REDACTED'
Request method: 'GET'
Request headers:
    'x-ms-client-request-id': '06eb80c7-58eb-11f1-b7c0-4c034fe7e914'
    'User-Agent': 'azsdk-python-mgmt-resource/25.0.0 Python/3.12.0 (Windows-11-10.0.22621-SP0)'
    'Authorization': 'REDACTED'
No body was attached to the request
2026-05-26 15:41:09,218 | INFO | Response status: 202
Response headers:
    'Cache-Control': 'no-cache'
    'Pragma': 'no-cache'
    'Expires': '-1'
    'Location': 'REDACTED'
    'Retry-After': '15'
    'x-ms-ratelimit-remaining-subscription-reads': '249'
    'x-ms-ratelimit-remaining-subscription-global-reads': 'REDACTED'
    'x-ms-request-id': 'e3c66c38-6cbc-432a-9414-f840e54560ac'
    'x-ms-correlation-request-id': 'REDACTED'
    'x-ms-routing-request-id': 'REDACTED'
    'Strict-Transport-Security': 'REDACTED'
    'X-Content-Type-Options': 'REDACTED'
    'X-Cache': 'REDACTED'
    'X-MSEdge-Ref': 'Ref A: B052F5CF4BCC44428DA246E4FCAF1C59 Ref B: PNQ231110909060 Ref C: 2026-05-26T10:11:08Z'
    'Date': 'Tue, 26 May 2026 10:11:08 GMT'
    'Content-Length': '0'
2026-05-26 15:41:24,219 | INFO | Request URL: 'https://management.azure.com/subscriptions/a8bd7b1b-b9aa-4283-aec4-2040b847d926/operationresults/eyJqb2JJZCI6IlJFU09VUkNFR1JPVVBERUxFVElPTkpPQi1BVVRPUFJPSkVDVFJHLUNFTlRSQUxJTkRJQSIsImpvYkxvY2F0aW9uIjoiY2VudHJhbGluZGlhIiwiam9iU3RvcmFnZUFjY291bnQiOiIvY3NtL3N0b3JhZ2VhY2NvdW50cy9nbG9iYWwvcnBmZGxqb2IwMHByb2RwbjA0In0?api-version=2025-04-01&t=REDACTED&c=REDACTED&s=REDACTED&h=REDACTED'
Request method: 'GET'
Request headers:
    'x-ms-client-request-id': '06eb80c7-58eb-11f1-b7c0-4c034fe7e914'
    'User-Agent': 'azsdk-python-mgmt-resource/25.0.0 Python/3.12.0 (Windows-11-10.0.22621-SP0)'
    'Authorization': 'REDACTED'
No body was attached to the request
2026-05-26 15:41:24,635 | INFO | Response status: 202
Response headers:
    'Cache-Control': 'no-cache'
    'Pragma': 'no-cache'
    'Expires': '-1'
    'Location': 'REDACTED'
    'Retry-After': '15'
    'x-ms-ratelimit-remaining-subscription-reads': '249'
    'x-ms-ratelimit-remaining-subscription-global-reads': 'REDACTED'
    'x-ms-request-id': '7b0cc346-5f1e-4133-a638-8a67df25fe8b'
    'x-ms-correlation-request-id': 'REDACTED'
    'x-ms-routing-request-id': 'REDACTED'
    'Strict-Transport-Security': 'REDACTED'
    'X-Content-Type-Options': 'REDACTED'
    'X-Cache': 'REDACTED'
    'X-MSEdge-Ref': 'Ref A: E687A3FF7A214A22AC04B24019606312 Ref B: PNQ231110909060 Ref C: 2026-05-26T10:11:23Z'
    'Date': 'Tue, 26 May 2026 10:11:24 GMT'
    'Content-Length': '0'
2026-05-26 15:41:39,636 | INFO | Request URL: 'https://management.azure.com/subscriptions/a8bd7b1b-b9aa-4283-aec4-2040b847d926/operationresults/eyJqb2JJZCI6IlJFU09VUkNFR1JPVVBERUxFVElPTkpPQi1BVVRPUFJPSkVDVFJHLUNFTlRSQUxJTkRJQSIsImpvYkxvY2F0aW9uIjoiY2VudHJhbGluZGlhIiwiam9iU3RvcmFnZUFjY291bnQiOiIvY3NtL3N0b3JhZ2VhY2NvdW50cy9nbG9iYWwvcnBmZGxqb2IwMHByb2RwbjA0In0?api-version=2025-04-01&t=REDACTED&c=REDACTED&s=REDACTED&h=REDACTED'
Request method: 'GET'
Request headers:
    'x-ms-client-request-id': '06eb80c7-58eb-11f1-b7c0-4c034fe7e914'
    'User-Agent': 'azsdk-python-mgmt-resource/25.0.0 Python/3.12.0 (Windows-11-10.0.22621-SP0)'
    'Authorization': 'REDACTED'
No body was attached to the request
2026-05-26 15:41:40,124 | INFO | Response status: 202
Response headers:
    'Cache-Control': 'no-cache'
    'Pragma': 'no-cache'
    'Expires': '-1'
    'Location': 'REDACTED'
    'Retry-After': '15'
    'x-ms-ratelimit-remaining-subscription-reads': '249'
    'x-ms-ratelimit-remaining-subscription-global-reads': 'REDACTED'
    'x-ms-request-id': '8ee07d36-9076-4d92-8fdd-7e2df6d14597'
    'x-ms-correlation-request-id': 'REDACTED'
    'x-ms-routing-request-id': 'REDACTED'
    'Strict-Transport-Security': 'REDACTED'
    'X-Content-Type-Options': 'REDACTED'
    'X-Cache': 'REDACTED'
    'X-MSEdge-Ref': 'Ref A: 201B01AFA09D43639B3106FF83BC0F23 Ref B: PNQ231110909060 Ref C: 2026-05-26T10:11:39Z'
    'Date': 'Tue, 26 May 2026 10:11:39 GMT'
    'Content-Length': '0'
2026-05-26 15:41:55,125 | INFO | Request URL: 'https://management.azure.com/subscriptions/a8bd7b1b-b9aa-4283-aec4-2040b847d926/operationresults/eyJqb2JJZCI6IlJFU09VUkNFR1JPVVBERUxFVElPTkpPQi1BVVRPUFJPSkVDVFJHLUNFTlRSQUxJTkRJQSIsImpvYkxvY2F0aW9uIjoiY2VudHJhbGluZGlhIiwiam9iU3RvcmFnZUFjY291bnQiOiIvY3NtL3N0b3JhZ2VhY2NvdW50cy9nbG9iYWwvcnBmZGxqb2IwMHByb2RwbjA0In0?api-version=2025-04-01&t=REDACTED&c=REDACTED&s=REDACTED&h=REDACTED'
Request method: 'GET'
Request headers:
    'x-ms-client-request-id': '06eb80c7-58eb-11f1-b7c0-4c034fe7e914'
    'User-Agent': 'azsdk-python-mgmt-resource/25.0.0 Python/3.12.0 (Windows-11-10.0.22621-SP0)'
    'Authorization': 'REDACTED'
No body was attached to the request
2026-05-26 15:41:55,862 | INFO | Response status: 202
Response headers:
    'Cache-Control': 'no-cache'
    'Pragma': 'no-cache'
    'Expires': '-1'
    'Location': 'REDACTED'
    'Retry-After': '15'
    'x-ms-ratelimit-remaining-subscription-reads': '249'
    'x-ms-ratelimit-remaining-subscription-global-reads': 'REDACTED'
    'x-ms-request-id': '3f6814b8-36c3-48b2-be2e-011d15e45c13'
    'x-ms-correlation-request-id': 'REDACTED'
    'x-ms-routing-request-id': 'REDACTED'
    'Strict-Transport-Security': 'REDACTED'
    'X-Content-Type-Options': 'REDACTED'
    'X-Cache': 'REDACTED'
    'X-MSEdge-Ref': 'Ref A: 5FB652231BB34ED2B27945F1B31B4139 Ref B: PNQ231110909060 Ref C: 2026-05-26T10:11:54Z'
    'Date': 'Tue, 26 May 2026 10:11:55 GMT'
    'Content-Length': '0'
2026-05-26 15:42:10,864 | INFO | Request URL: 'https://management.azure.com/subscriptions/a8bd7b1b-b9aa-4283-aec4-2040b847d926/operationresults/eyJqb2JJZCI6IlJFU09VUkNFR1JPVVBERUxFVElPTkpPQi1BVVRPUFJPSkVDVFJHLUNFTlRSQUxJTkRJQSIsImpvYkxvY2F0aW9uIjoiY2VudHJhbGluZGlhIiwiam9iU3RvcmFnZUFjY291bnQiOiIvY3NtL3N0b3JhZ2VhY2NvdW50cy9nbG9iYWwvcnBmZGxqb2IwMHByb2RwbjA0In0?api-version=2025-04-01&t=REDACTED&c=REDACTED&s=REDACTED&h=REDACTED'
Request method: 'GET'
Request headers:
    'x-ms-client-request-id': '06eb80c7-58eb-11f1-b7c0-4c034fe7e914'
    'User-Agent': 'azsdk-python-mgmt-resource/25.0.0 Python/3.12.0 (Windows-11-10.0.22621-SP0)'
    'Authorization': 'REDACTED'
No body was attached to the request
2026-05-26 15:42:11,769 | INFO | Response status: 202
Response headers:
    'Cache-Control': 'no-cache'
    'Pragma': 'no-cache'
    'Expires': '-1'
    'Location': 'REDACTED'
    'Retry-After': '15'
    'x-ms-ratelimit-remaining-subscription-reads': '249'
    'x-ms-ratelimit-remaining-subscription-global-reads': 'REDACTED'
    'x-ms-request-id': '99927732-7ac0-47e0-9e44-08cd3d2bba65'
    'x-ms-correlation-request-id': 'REDACTED'
    'x-ms-routing-request-id': 'REDACTED'
    'Strict-Transport-Security': 'REDACTED'
    'X-Content-Type-Options': 'REDACTED'
    'X-Cache': 'REDACTED'
    'X-MSEdge-Ref': 'Ref A: 10D951D2F6C447D992F0752DBDAB1CC3 Ref B: PNQ231110909060 Ref C: 2026-05-26T10:12:10Z'
    'Date': 'Tue, 26 May 2026 10:12:11 GMT'
    'Content-Length': '0'
2026-05-26 15:42:26,771 | INFO | Request URL: 'https://management.azure.com/subscriptions/a8bd7b1b-b9aa-4283-aec4-2040b847d926/operationresults/eyJqb2JJZCI6IlJFU09VUkNFR1JPVVBERUxFVElPTkpPQi1BVVRPUFJPSkVDVFJHLUNFTlRSQUxJTkRJQSIsImpvYkxvY2F0aW9uIjoiY2VudHJhbGluZGlhIiwiam9iU3RvcmFnZUFjY291bnQiOiIvY3NtL3N0b3JhZ2VhY2NvdW50cy9nbG9iYWwvcnBmZGxqb2IwMHByb2RwbjA0In0?api-version=2025-04-01&t=REDACTED&c=REDACTED&s=REDACTED&h=REDACTED'
Request method: 'GET'
Request headers:
    'x-ms-client-request-id': '06eb80c7-58eb-11f1-b7c0-4c034fe7e914'
    'User-Agent': 'azsdk-python-mgmt-resource/25.0.0 Python/3.12.0 (Windows-11-10.0.22621-SP0)'
    'Authorization': 'REDACTED'
No body was attached to the request
2026-05-26 15:42:26,976 | INFO | Response status: 202
Response headers:
    'Cache-Control': 'no-cache'
    'Pragma': 'no-cache'
    'Expires': '-1'
    'Location': 'REDACTED'
    'Retry-After': '15'
    'x-ms-ratelimit-remaining-subscription-reads': '249'
    'x-ms-ratelimit-remaining-subscription-global-reads': 'REDACTED'
    'x-ms-request-id': '382baf70-f40f-4c75-b8d7-dd9ba5a597e2'
    'x-ms-correlation-request-id': 'REDACTED'
    'x-ms-routing-request-id': 'REDACTED'
    'Strict-Transport-Security': 'REDACTED'
    'X-Content-Type-Options': 'REDACTED'
    'X-Cache': 'REDACTED'
    'X-MSEdge-Ref': 'Ref A: E3BFA6B8E50843E9AB2B3FB2F875ED62 Ref B: PNQ231110909060 Ref C: 2026-05-26T10:12:26Z'
    'Date': 'Tue, 26 May 2026 10:12:26 GMT'
    'Content-Length': '0'
2026-05-26 15:42:41,978 | INFO | Request URL: 'https://management.azure.com/subscriptions/a8bd7b1b-b9aa-4283-aec4-2040b847d926/operationresults/eyJqb2JJZCI6IlJFU09VUkNFR1JPVVBERUxFVElPTkpPQi1BVVRPUFJPSkVDVFJHLUNFTlRSQUxJTkRJQSIsImpvYkxvY2F0aW9uIjoiY2VudHJhbGluZGlhIiwiam9iU3RvcmFnZUFjY291bnQiOiIvY3NtL3N0b3JhZ2VhY2NvdW50cy9nbG9iYWwvcnBmZGxqb2IwMHByb2RwbjA0In0?api-version=2025-04-01&t=REDACTED&c=REDACTED&s=REDACTED&h=REDACTED'
Request method: 'GET'
Request headers:
    'x-ms-client-request-id': '06eb80c7-58eb-11f1-b7c0-4c034fe7e914'
    'User-Agent': 'azsdk-python-mgmt-resource/25.0.0 Python/3.12.0 (Windows-11-10.0.22621-SP0)'
    'Authorization': 'REDACTED'
No body was attached to the request
2026-05-26 15:42:42,991 | INFO | Response status: 202
Response headers:
    'Cache-Control': 'no-cache'
    'Pragma': 'no-cache'
    'Expires': '-1'
    'Location': 'REDACTED'
    'Retry-After': '15'
    'x-ms-ratelimit-remaining-subscription-reads': '249'
    'x-ms-ratelimit-remaining-subscription-global-reads': 'REDACTED'
    'x-ms-request-id': 'ecfc2ccc-bb47-4cb4-af7d-2e769e0e0803'
    'x-ms-correlation-request-id': 'REDACTED'
    'x-ms-routing-request-id': 'REDACTED'
    'Strict-Transport-Security': 'REDACTED'
    'X-Content-Type-Options': 'REDACTED'
    'X-Cache': 'REDACTED'
    'X-MSEdge-Ref': 'Ref A: 7E7316C8A3B340A2AD195027B5AA7D97 Ref B: PNQ231110909060 Ref C: 2026-05-26T10:12:41Z'
    'Date': 'Tue, 26 May 2026 10:12:42 GMT'
    'Content-Length': '0'
2026-05-26 15:42:57,992 | INFO | Request URL: 'https://management.azure.com/subscriptions/a8bd7b1b-b9aa-4283-aec4-2040b847d926/operationresults/eyJqb2JJZCI6IlJFU09VUkNFR1JPVVBERUxFVElPTkpPQi1BVVRPUFJPSkVDVFJHLUNFTlRSQUxJTkRJQSIsImpvYkxvY2F0aW9uIjoiY2VudHJhbGluZGlhIiwiam9iU3RvcmFnZUFjY291bnQiOiIvY3NtL3N0b3JhZ2VhY2NvdW50cy9nbG9iYWwvcnBmZGxqb2IwMHByb2RwbjA0In0?api-version=2025-04-01&t=REDACTED&c=REDACTED&s=REDACTED&h=REDACTED'
Request method: 'GET'
Request headers:
    'x-ms-client-request-id': '06eb80c7-58eb-11f1-b7c0-4c034fe7e914'
    'User-Agent': 'azsdk-python-mgmt-resource/25.0.0 Python/3.12.0 (Windows-11-10.0.22621-SP0)'
    'Authorization': 'REDACTED'
No body was attached to the request
2026-05-26 15:42:58,220 | INFO | Response status: 200
Response headers:
    'Cache-Control': 'no-cache'
    'Pragma': 'no-cache'
    'Expires': '-1'
    'x-ms-ratelimit-remaining-subscription-reads': '249'
    'x-ms-ratelimit-remaining-subscription-global-reads': 'REDACTED'
    'x-ms-request-id': '0c360231-2bb7-4fdb-a0b9-52363e363961'
    'x-ms-correlation-request-id': 'REDACTED'
    'x-ms-routing-request-id': 'REDACTED'
    'Strict-Transport-Security': 'REDACTED'
    'X-Content-Type-Options': 'REDACTED'
    'X-Cache': 'REDACTED'
    'X-MSEdge-Ref': 'Ref A: 54D49420DCDE4CBA80247DB7A5B4AE5C Ref B: PNQ231110909060 Ref C: 2026-05-26T10:12:57Z'
    'Date': 'Tue, 26 May 2026 10:12:57 GMT'
    'Content-Length': '0'
2026-05-26 15:42:58,221 | INFO | Deleted Resource Group: AutoProjectRG
2026-05-26 16:07:14,206 | INFO | AzureCliCredential.get_token_info succeeded
2026-05-26 16:07:14,207 | INFO | Request URL: 'https://management.azure.com/subscriptions/a8bd7b1b-b9aa-4283-aec4-2040b847d926/resourcegroups/AutoProjectRG?api-version=2025-04-01'
Request method: 'DELETE'
Request headers:
    'Accept': 'application/json'
    'x-ms-client-request-id': 'daf64e98-58ee-11f1-91ac-4c034fe7e914'
    'User-Agent': 'azsdk-python-mgmt-resource/25.0.0 Python/3.12.0 (Windows-11-10.0.22621-SP0)'
    'Authorization': 'REDACTED'
No body was attached to the request
2026-05-26 16:07:15,041 | INFO | Response status: 202
Response headers:
    'Cache-Control': 'no-cache'
    'Pragma': 'no-cache'
    'Expires': '-1'
    'Location': 'REDACTED'
    'Retry-After': '15'
    'x-ms-ratelimit-remaining-subscription-deletes': 'REDACTED'
    'x-ms-ratelimit-remaining-subscription-global-deletes': 'REDACTED'
    'x-ms-request-id': '916aa300-eea7-4e47-bd62-ba16b6cc29f0'
    'x-ms-correlation-request-id': 'REDACTED'
    'x-ms-routing-request-id': 'REDACTED'
    'Strict-Transport-Security': 'REDACTED'
    'X-Content-Type-Options': 'REDACTED'
    'X-Cache': 'REDACTED'
    'X-MSEdge-Ref': 'Ref A: 5500119E4EB54C3EBE8553DDA76EEA68 Ref B: PNQ231110907054 Ref C: 2026-05-26T10:37:14Z'
    'Date': 'Tue, 26 May 2026 10:37:13 GMT'
    'Content-Length': '0'
2026-05-26 16:07:15,041 | INFO | Request URL: 'https://management.azure.com/subscriptions/a8bd7b1b-b9aa-4283-aec4-2040b847d926/operationresults/eyJqb2JJZCI6IlJFU09VUkNFR1JPVVBERUxFVElPTkpPQi1BVVRPUFJPSkVDVFJHLUNFTlRSQUxJTkRJQSIsImpvYkxvY2F0aW9uIjoiY2VudHJhbGluZGlhIiwiam9iU3RvcmFnZUFjY291bnQiOiIvY3NtL3N0b3JhZ2VhY2NvdW50cy9nbG9iYWwvcnBmZGxqb2IwMHByb2RwbjA0In0?api-version=2025-04-01&t=REDACTED&c=REDACTED&s=REDACTED&h=REDACTED'
Request method: 'GET'
Request headers:
    'x-ms-client-request-id': 'daf64e98-58ee-11f1-91ac-4c034fe7e914'
    'User-Agent': 'azsdk-python-mgmt-resource/25.0.0 Python/3.12.0 (Windows-11-10.0.22621-SP0)'
    'Authorization': 'REDACTED'
No body was attached to the request
2026-05-26 16:07:15,744 | INFO | Response status: 202
Response headers:
    'Cache-Control': 'no-cache'
    'Pragma': 'no-cache'
    'Expires': '-1'
    'Location': 'REDACTED'
    'Retry-After': '15'
    'x-ms-ratelimit-remaining-subscription-reads': '249'
    'x-ms-ratelimit-remaining-subscription-global-reads': 'REDACTED'
    'x-ms-request-id': 'df2c8dc8-cbf7-40fd-8250-a4dbd414ff42'
    'x-ms-correlation-request-id': 'REDACTED'
    'x-ms-routing-request-id': 'REDACTED'
    'Strict-Transport-Security': 'REDACTED'
    'X-Content-Type-Options': 'REDACTED'
    'X-Cache': 'REDACTED'
    'X-MSEdge-Ref': 'Ref A: BA2C1170906A46F789A4BACCC78C1D56 Ref B: PNQ231110907054 Ref C: 2026-05-26T10:37:14Z'
    'Date': 'Tue, 26 May 2026 10:37:14 GMT'
    'Content-Length': '0'
2026-05-26 16:07:30,745 | INFO | Request URL: 'https://management.azure.com/subscriptions/a8bd7b1b-b9aa-4283-aec4-2040b847d926/operationresults/eyJqb2JJZCI6IlJFU09VUkNFR1JPVVBERUxFVElPTkpPQi1BVVRPUFJPSkVDVFJHLUNFTlRSQUxJTkRJQSIsImpvYkxvY2F0aW9uIjoiY2VudHJhbGluZGlhIiwiam9iU3RvcmFnZUFjY291bnQiOiIvY3NtL3N0b3JhZ2VhY2NvdW50cy9nbG9iYWwvcnBmZGxqb2IwMHByb2RwbjA0In0?api-version=2025-04-01&t=REDACTED&c=REDACTED&s=REDACTED&h=REDACTED'
Request method: 'GET'
Request headers:
    'x-ms-client-request-id': 'daf64e98-58ee-11f1-91ac-4c034fe7e914'
    'User-Agent': 'azsdk-python-mgmt-resource/25.0.0 Python/3.12.0 (Windows-11-10.0.22621-SP0)'
    'Authorization': 'REDACTED'
No body was attached to the request
2026-05-26 16:07:31,677 | INFO | Response status: 202
Response headers:
    'Cache-Control': 'no-cache'
    'Pragma': 'no-cache'
    'Expires': '-1'
    'Location': 'REDACTED'
    'Retry-After': '15'
    'x-ms-ratelimit-remaining-subscription-reads': '249'
    'x-ms-ratelimit-remaining-subscription-global-reads': 'REDACTED'
    'x-ms-request-id': 'ff969a55-34e9-4047-af66-0015d0306281'
    'x-ms-correlation-request-id': 'REDACTED'
    'x-ms-routing-request-id': 'REDACTED'
    'Strict-Transport-Security': 'REDACTED'
    'X-Content-Type-Options': 'REDACTED'
    'X-Cache': 'REDACTED'
    'X-MSEdge-Ref': 'Ref A: CF516FB4C40B4519967142DAE5D79580 Ref B: PNQ231110907054 Ref C: 2026-05-26T10:37:30Z'
    'Date': 'Tue, 26 May 2026 10:37:30 GMT'
    'Content-Length': '0'
2026-05-26 16:07:46,678 | INFO | Request URL: 'https://management.azure.com/subscriptions/a8bd7b1b-b9aa-4283-aec4-2040b847d926/operationresults/eyJqb2JJZCI6IlJFU09VUkNFR1JPVVBERUxFVElPTkpPQi1BVVRPUFJPSkVDVFJHLUNFTlRSQUxJTkRJQSIsImpvYkxvY2F0aW9uIjoiY2VudHJhbGluZGlhIiwiam9iU3RvcmFnZUFjY291bnQiOiIvY3NtL3N0b3JhZ2VhY2NvdW50cy9nbG9iYWwvcnBmZGxqb2IwMHByb2RwbjA0In0?api-version=2025-04-01&t=REDACTED&c=REDACTED&s=REDACTED&h=REDACTED'
Request method: 'GET'
Request headers:
    'x-ms-client-request-id': 'daf64e98-58ee-11f1-91ac-4c034fe7e914'
    'User-Agent': 'azsdk-python-mgmt-resource/25.0.0 Python/3.12.0 (Windows-11-10.0.22621-SP0)'
    'Authorization': 'REDACTED'
No body was attached to the request
2026-05-26 16:07:47,102 | INFO | Response status: 202
Response headers:
    'Cache-Control': 'no-cache'
    'Pragma': 'no-cache'
    'Expires': '-1'
    'Location': 'REDACTED'
    'Retry-After': '15'
    'x-ms-ratelimit-remaining-subscription-reads': '249'
    'x-ms-ratelimit-remaining-subscription-global-reads': 'REDACTED'
    'x-ms-request-id': 'b864de60-1f7a-4de4-a7e5-3debcb5f7e6f'
    'x-ms-correlation-request-id': 'REDACTED'
    'x-ms-routing-request-id': 'REDACTED'
    'Strict-Transport-Security': 'REDACTED'
    'X-Content-Type-Options': 'REDACTED'
    'X-Cache': 'REDACTED'
    'X-MSEdge-Ref': 'Ref A: BE3B76DA09FB452D8B7BE6DF4AA0EA56 Ref B: PNQ231110907054 Ref C: 2026-05-26T10:37:46Z'
    'Date': 'Tue, 26 May 2026 10:37:45 GMT'
    'Content-Length': '0'
2026-05-26 16:08:02,103 | INFO | Request URL: 'https://management.azure.com/subscriptions/a8bd7b1b-b9aa-4283-aec4-2040b847d926/operationresults/eyJqb2JJZCI6IlJFU09VUkNFR1JPVVBERUxFVElPTkpPQi1BVVRPUFJPSkVDVFJHLUNFTlRSQUxJTkRJQSIsImpvYkxvY2F0aW9uIjoiY2VudHJhbGluZGlhIiwiam9iU3RvcmFnZUFjY291bnQiOiIvY3NtL3N0b3JhZ2VhY2NvdW50cy9nbG9iYWwvcnBmZGxqb2IwMHByb2RwbjA0In0?api-version=2025-04-01&t=REDACTED&c=REDACTED&s=REDACTED&h=REDACTED'
Request method: 'GET'
Request headers:
    'x-ms-client-request-id': 'daf64e98-58ee-11f1-91ac-4c034fe7e914'
    'User-Agent': 'azsdk-python-mgmt-resource/25.0.0 Python/3.12.0 (Windows-11-10.0.22621-SP0)'
    'Authorization': 'REDACTED'
No body was attached to the request
2026-05-26 16:08:02,538 | INFO | Response status: 202
Response headers:
    'Cache-Control': 'no-cache'
    'Pragma': 'no-cache'
    'Expires': '-1'
    'Location': 'REDACTED'
    'Retry-After': '15'
    'x-ms-ratelimit-remaining-subscription-reads': '249'
    'x-ms-ratelimit-remaining-subscription-global-reads': 'REDACTED'
    'x-ms-request-id': '06a2a464-a87f-44f4-9176-e189f0d105e1'
    'x-ms-correlation-request-id': 'REDACTED'
    'x-ms-routing-request-id': 'REDACTED'
    'Strict-Transport-Security': 'REDACTED'
    'X-Content-Type-Options': 'REDACTED'
    'X-Cache': 'REDACTED'
    'X-MSEdge-Ref': 'Ref A: 08F03AA8055B42C29CA205E584B739F2 Ref B: PNQ231110907054 Ref C: 2026-05-26T10:38:01Z'
    'Date': 'Tue, 26 May 2026 10:38:01 GMT'
    'Content-Length': '0'
2026-05-26 16:08:17,539 | INFO | Request URL: 'https://management.azure.com/subscriptions/a8bd7b1b-b9aa-4283-aec4-2040b847d926/operationresults/eyJqb2JJZCI6IlJFU09VUkNFR1JPVVBERUxFVElPTkpPQi1BVVRPUFJPSkVDVFJHLUNFTlRSQUxJTkRJQSIsImpvYkxvY2F0aW9uIjoiY2VudHJhbGluZGlhIiwiam9iU3RvcmFnZUFjY291bnQiOiIvY3NtL3N0b3JhZ2VhY2NvdW50cy9nbG9iYWwvcnBmZGxqb2IwMHByb2RwbjA0In0?api-version=2025-04-01&t=REDACTED&c=REDACTED&s=REDACTED&h=REDACTED'
Request method: 'GET'
Request headers:
    'x-ms-client-request-id': 'daf64e98-58ee-11f1-91ac-4c034fe7e914'
    'User-Agent': 'azsdk-python-mgmt-resource/25.0.0 Python/3.12.0 (Windows-11-10.0.22621-SP0)'
    'Authorization': 'REDACTED'
No body was attached to the request
2026-05-26 16:08:17,790 | INFO | Response status: 202
Response headers:
    'Cache-Control': 'no-cache'
    'Pragma': 'no-cache'
    'Expires': '-1'
    'Location': 'REDACTED'
    'Retry-After': '15'
    'x-ms-ratelimit-remaining-subscription-reads': '249'
    'x-ms-ratelimit-remaining-subscription-global-reads': 'REDACTED'
    'x-ms-request-id': '24d7d9c3-5e04-47d3-934e-c00ce4ec7cd3'
    'x-ms-correlation-request-id': 'REDACTED'
    'x-ms-routing-request-id': 'REDACTED'
    'Strict-Transport-Security': 'REDACTED'
    'X-Content-Type-Options': 'REDACTED'
    'X-Cache': 'REDACTED'
    'X-MSEdge-Ref': 'Ref A: 0A709830DC6D4CD8BC36C64690E783B2 Ref B: PNQ231110907054 Ref C: 2026-05-26T10:38:17Z'
    'Date': 'Tue, 26 May 2026 10:38:16 GMT'
    'Content-Length': '0'
2026-05-26 16:08:32,791 | INFO | Request URL: 'https://management.azure.com/subscriptions/a8bd7b1b-b9aa-4283-aec4-2040b847d926/operationresults/eyJqb2JJZCI6IlJFU09VUkNFR1JPVVBERUxFVElPTkpPQi1BVVRPUFJPSkVDVFJHLUNFTlRSQUxJTkRJQSIsImpvYkxvY2F0aW9uIjoiY2VudHJhbGluZGlhIiwiam9iU3RvcmFnZUFjY291bnQiOiIvY3NtL3N0b3JhZ2VhY2NvdW50cy9nbG9iYWwvcnBmZGxqb2IwMHByb2RwbjA0In0?api-version=2025-04-01&t=REDACTED&c=REDACTED&s=REDACTED&h=REDACTED'
Request method: 'GET'
Request headers:
    'x-ms-client-request-id': 'daf64e98-58ee-11f1-91ac-4c034fe7e914'
    'User-Agent': 'azsdk-python-mgmt-resource/25.0.0 Python/3.12.0 (Windows-11-10.0.22621-SP0)'
    'Authorization': 'REDACTED'
No body was attached to the request
2026-05-26 16:08:33,127 | INFO | Response status: 202
Response headers:
    'Cache-Control': 'no-cache'
    'Pragma': 'no-cache'
    'Expires': '-1'
    'Location': 'REDACTED'
    'Retry-After': '15'
    'x-ms-ratelimit-remaining-subscription-reads': '249'
    'x-ms-ratelimit-remaining-subscription-global-reads': 'REDACTED'
    'x-ms-request-id': 'd7788479-f462-4fca-b388-847453e1413d'
    'x-ms-correlation-request-id': 'REDACTED'
    'x-ms-routing-request-id': 'REDACTED'
    'Strict-Transport-Security': 'REDACTED'
    'X-Content-Type-Options': 'REDACTED'
    'X-Cache': 'REDACTED'
    'X-MSEdge-Ref': 'Ref A: 3CC1B78E44FD44E7BB21C04DACF69B04 Ref B: PNQ231110907054 Ref C: 2026-05-26T10:38:32Z'
    'Date': 'Tue, 26 May 2026 10:38:31 GMT'
    'Content-Length': '0'
2026-05-26 16:08:48,127 | INFO | Request URL: 'https://management.azure.com/subscriptions/a8bd7b1b-b9aa-4283-aec4-2040b847d926/operationresults/eyJqb2JJZCI6IlJFU09VUkNFR1JPVVBERUxFVElPTkpPQi1BVVRPUFJPSkVDVFJHLUNFTlRSQUxJTkRJQSIsImpvYkxvY2F0aW9uIjoiY2VudHJhbGluZGlhIiwiam9iU3RvcmFnZUFjY291bnQiOiIvY3NtL3N0b3JhZ2VhY2NvdW50cy9nbG9iYWwvcnBmZGxqb2IwMHByb2RwbjA0In0?api-version=2025-04-01&t=REDACTED&c=REDACTED&s=REDACTED&h=REDACTED'
Request method: 'GET'
Request headers:
    'x-ms-client-request-id': 'daf64e98-58ee-11f1-91ac-4c034fe7e914'
    'User-Agent': 'azsdk-python-mgmt-resource/25.0.0 Python/3.12.0 (Windows-11-10.0.22621-SP0)'
    'Authorization': 'REDACTED'
No body was attached to the request
2026-05-26 16:08:48,479 | INFO | Response status: 202
Response headers:
    'Cache-Control': 'no-cache'
    'Pragma': 'no-cache'
    'Expires': '-1'
    'Location': 'REDACTED'
    'Retry-After': '15'
    'x-ms-ratelimit-remaining-subscription-reads': '249'
    'x-ms-ratelimit-remaining-subscription-global-reads': 'REDACTED'
    'x-ms-request-id': '721a3df7-49d7-4667-8f98-aa9eda242b47'
    'x-ms-correlation-request-id': 'REDACTED'
    'x-ms-routing-request-id': 'REDACTED'
    'Strict-Transport-Security': 'REDACTED'
    'X-Content-Type-Options': 'REDACTED'
    'X-Cache': 'REDACTED'
    'X-MSEdge-Ref': 'Ref A: 991D9FD3D9C9436E947B84E2C9758DB2 Ref B: PNQ231110907054 Ref C: 2026-05-26T10:38:47Z'
    'Date': 'Tue, 26 May 2026 10:38:47 GMT'
    'Content-Length': '0'
2026-05-26 16:09:03,480 | INFO | Request URL: 'https://management.azure.com/subscriptions/a8bd7b1b-b9aa-4283-aec4-2040b847d926/operationresults/eyJqb2JJZCI6IlJFU09VUkNFR1JPVVBERUxFVElPTkpPQi1BVVRPUFJPSkVDVFJHLUNFTlRSQUxJTkRJQSIsImpvYkxvY2F0aW9uIjoiY2VudHJhbGluZGlhIiwiam9iU3RvcmFnZUFjY291bnQiOiIvY3NtL3N0b3JhZ2VhY2NvdW50cy9nbG9iYWwvcnBmZGxqb2IwMHByb2RwbjA0In0?api-version=2025-04-01&t=REDACTED&c=REDACTED&s=REDACTED&h=REDACTED'
Request method: 'GET'
Request headers:
    'x-ms-client-request-id': 'daf64e98-58ee-11f1-91ac-4c034fe7e914'
    'User-Agent': 'azsdk-python-mgmt-resource/25.0.0 Python/3.12.0 (Windows-11-10.0.22621-SP0)'
    'Authorization': 'REDACTED'
No body was attached to the request
2026-05-26 16:09:03,941 | INFO | Response status: 202
Response headers:
    'Cache-Control': 'no-cache'
    'Pragma': 'no-cache'
    'Expires': '-1'
    'Location': 'REDACTED'
    'Retry-After': '15'
    'x-ms-ratelimit-remaining-subscription-reads': '249'
    'x-ms-ratelimit-remaining-subscription-global-reads': 'REDACTED'
    'x-ms-request-id': '3e394750-a974-4cf9-bd05-426e2785d5f2'
    'x-ms-correlation-request-id': 'REDACTED'
    'x-ms-routing-request-id': 'REDACTED'
    'Strict-Transport-Security': 'REDACTED'
    'X-Content-Type-Options': 'REDACTED'
    'X-Cache': 'REDACTED'
    'X-MSEdge-Ref': 'Ref A: 1F87E943BB8A4289BB04BF3B40759090 Ref B: PNQ231110907054 Ref C: 2026-05-26T10:39:03Z'
    'Date': 'Tue, 26 May 2026 10:39:02 GMT'
    'Content-Length': '0'
2026-05-26 16:09:18,942 | INFO | Request URL: 'https://management.azure.com/subscriptions/a8bd7b1b-b9aa-4283-aec4-2040b847d926/operationresults/eyJqb2JJZCI6IlJFU09VUkNFR1JPVVBERUxFVElPTkpPQi1BVVRPUFJPSkVDVFJHLUNFTlRSQUxJTkRJQSIsImpvYkxvY2F0aW9uIjoiY2VudHJhbGluZGlhIiwiam9iU3RvcmFnZUFjY291bnQiOiIvY3NtL3N0b3JhZ2VhY2NvdW50cy9nbG9iYWwvcnBmZGxqb2IwMHByb2RwbjA0In0?api-version=2025-04-01&t=REDACTED&c=REDACTED&s=REDACTED&h=REDACTED'
Request method: 'GET'
Request headers:
    'x-ms-client-request-id': 'daf64e98-58ee-11f1-91ac-4c034fe7e914'
    'User-Agent': 'azsdk-python-mgmt-resource/25.0.0 Python/3.12.0 (Windows-11-10.0.22621-SP0)'
    'Authorization': 'REDACTED'
No body was attached to the request
2026-05-26 16:09:19,391 | INFO | Response status: 202
Response headers:
    'Cache-Control': 'no-cache'
    'Pragma': 'no-cache'
    'Expires': '-1'
    'Location': 'REDACTED'
    'Retry-After': '15'
    'x-ms-ratelimit-remaining-subscription-reads': '249'
    'x-ms-ratelimit-remaining-subscription-global-reads': 'REDACTED'
    'x-ms-request-id': '83f0aa94-25e2-4701-9299-c378362287d8'
    'x-ms-correlation-request-id': 'REDACTED'
    'x-ms-routing-request-id': 'REDACTED'
    'Strict-Transport-Security': 'REDACTED'
    'X-Content-Type-Options': 'REDACTED'
    'X-Cache': 'REDACTED'
    'X-MSEdge-Ref': 'Ref A: 5FA326302E1C4FF98A681014920041EF Ref B: PNQ231110907054 Ref C: 2026-05-26T10:39:18Z'
    'Date': 'Tue, 26 May 2026 10:39:18 GMT'
    'Content-Length': '0'
2026-05-26 16:09:34,393 | INFO | Request URL: 'https://management.azure.com/subscriptions/a8bd7b1b-b9aa-4283-aec4-2040b847d926/operationresults/eyJqb2JJZCI6IlJFU09VUkNFR1JPVVBERUxFVElPTkpPQi1BVVRPUFJPSkVDVFJHLUNFTlRSQUxJTkRJQSIsImpvYkxvY2F0aW9uIjoiY2VudHJhbGluZGlhIiwiam9iU3RvcmFnZUFjY291bnQiOiIvY3NtL3N0b3JhZ2VhY2NvdW50cy9nbG9iYWwvcnBmZGxqb2IwMHByb2RwbjA0In0?api-version=2025-04-01&t=REDACTED&c=REDACTED&s=REDACTED&h=REDACTED'
Request method: 'GET'
Request headers:
    'x-ms-client-request-id': 'daf64e98-58ee-11f1-91ac-4c034fe7e914'
    'User-Agent': 'azsdk-python-mgmt-resource/25.0.0 Python/3.12.0 (Windows-11-10.0.22621-SP0)'
    'Authorization': 'REDACTED'
No body was attached to the request
2026-05-26 16:09:34,499 | INFO | Response status: 202
Response headers:
    'Cache-Control': 'no-cache'
    'Pragma': 'no-cache'
    'Expires': '-1'
    'Location': 'REDACTED'
    'Retry-After': '15'
    'x-ms-ratelimit-remaining-subscription-reads': '249'
    'x-ms-ratelimit-remaining-subscription-global-reads': 'REDACTED'
    'x-ms-request-id': '4a2a2c11-33f9-4b22-ac2a-94d63e40b721'
    'x-ms-correlation-request-id': 'REDACTED'
    'x-ms-routing-request-id': 'REDACTED'
    'Strict-Transport-Security': 'REDACTED'
    'X-Content-Type-Options': 'REDACTED'
    'X-Cache': 'REDACTED'
    'X-MSEdge-Ref': 'Ref A: 1C31FA527BA14679A55B36D077E61C85 Ref B: PNQ231110907054 Ref C: 2026-05-26T10:39:34Z'
    'Date': 'Tue, 26 May 2026 10:39:33 GMT'
    'Content-Length': '0'
2026-05-26 16:09:49,500 | INFO | Request URL: 'https://management.azure.com/subscriptions/a8bd7b1b-b9aa-4283-aec4-2040b847d926/operationresults/eyJqb2JJZCI6IlJFU09VUkNFR1JPVVBERUxFVElPTkpPQi1BVVRPUFJPSkVDVFJHLUNFTlRSQUxJTkRJQSIsImpvYkxvY2F0aW9uIjoiY2VudHJhbGluZGlhIiwiam9iU3RvcmFnZUFjY291bnQiOiIvY3NtL3N0b3JhZ2VhY2NvdW50cy9nbG9iYWwvcnBmZGxqb2IwMHByb2RwbjA0In0?api-version=2025-04-01&t=REDACTED&c=REDACTED&s=REDACTED&h=REDACTED'
Request method: 'GET'
Request headers:
    'x-ms-client-request-id': 'daf64e98-58ee-11f1-91ac-4c034fe7e914'
    'User-Agent': 'azsdk-python-mgmt-resource/25.0.0 Python/3.12.0 (Windows-11-10.0.22621-SP0)'
    'Authorization': 'REDACTED'
No body was attached to the request
2026-05-26 16:09:50,115 | INFO | Response status: 202
Response headers:
    'Cache-Control': 'no-cache'
    'Pragma': 'no-cache'
    'Expires': '-1'
    'Location': 'REDACTED'
    'Retry-After': '15'
    'x-ms-ratelimit-remaining-subscription-reads': '249'
    'x-ms-ratelimit-remaining-subscription-global-reads': 'REDACTED'
    'x-ms-request-id': 'a2576015-9719-4197-9f3a-536aaf546817'
    'x-ms-correlation-request-id': 'REDACTED'
    'x-ms-routing-request-id': 'REDACTED'
    'Strict-Transport-Security': 'REDACTED'
    'X-Content-Type-Options': 'REDACTED'
    'X-Cache': 'REDACTED'
    'X-MSEdge-Ref': 'Ref A: 4989AC9F349D422589663CA6D941D41D Ref B: PNQ231110907054 Ref C: 2026-05-26T10:39:49Z'
    'Date': 'Tue, 26 May 2026 10:39:48 GMT'
    'Content-Length': '0'
2026-05-26 16:10:05,116 | INFO | Request URL: 'https://management.azure.com/subscriptions/a8bd7b1b-b9aa-4283-aec4-2040b847d926/operationresults/eyJqb2JJZCI6IlJFU09VUkNFR1JPVVBERUxFVElPTkpPQi1BVVRPUFJPSkVDVFJHLUNFTlRSQUxJTkRJQSIsImpvYkxvY2F0aW9uIjoiY2VudHJhbGluZGlhIiwiam9iU3RvcmFnZUFjY291bnQiOiIvY3NtL3N0b3JhZ2VhY2NvdW50cy9nbG9iYWwvcnBmZGxqb2IwMHByb2RwbjA0In0?api-version=2025-04-01&t=REDACTED&c=REDACTED&s=REDACTED&h=REDACTED'
Request method: 'GET'
Request headers:
    'x-ms-client-request-id': 'daf64e98-58ee-11f1-91ac-4c034fe7e914'
    'User-Agent': 'azsdk-python-mgmt-resource/25.0.0 Python/3.12.0 (Windows-11-10.0.22621-SP0)'
    'Authorization': 'REDACTED'
No body was attached to the request
2026-05-26 16:10:05,885 | INFO | Response status: 202
Response headers:
    'Cache-Control': 'no-cache'
    'Pragma': 'no-cache'
    'Expires': '-1'
    'Location': 'REDACTED'
    'Retry-After': '15'
    'x-ms-ratelimit-remaining-subscription-reads': '249'
    'x-ms-ratelimit-remaining-subscription-global-reads': 'REDACTED'
    'x-ms-request-id': 'ab960554-1f28-4330-b1e3-c9dc3adb51a6'
    'x-ms-correlation-request-id': 'REDACTED'
    'x-ms-routing-request-id': 'REDACTED'
    'Strict-Transport-Security': 'REDACTED'
    'X-Content-Type-Options': 'REDACTED'
    'X-Cache': 'REDACTED'
    'X-MSEdge-Ref': 'Ref A: 35FE39ADAE1A4BBBAE7E3BB965722B8E Ref B: PNQ231110907054 Ref C: 2026-05-26T10:40:04Z'
    'Date': 'Tue, 26 May 2026 10:40:04 GMT'
    'Content-Length': '0'
2026-05-26 16:10:20,887 | INFO | Request URL: 'https://management.azure.com/subscriptions/a8bd7b1b-b9aa-4283-aec4-2040b847d926/operationresults/eyJqb2JJZCI6IlJFU09VUkNFR1JPVVBERUxFVElPTkpPQi1BVVRPUFJPSkVDVFJHLUNFTlRSQUxJTkRJQSIsImpvYkxvY2F0aW9uIjoiY2VudHJhbGluZGlhIiwiam9iU3RvcmFnZUFjY291bnQiOiIvY3NtL3N0b3JhZ2VhY2NvdW50cy9nbG9iYWwvcnBmZGxqb2IwMHByb2RwbjA0In0?api-version=2025-04-01&t=REDACTED&c=REDACTED&s=REDACTED&h=REDACTED'
Request method: 'GET'
Request headers:
    'x-ms-client-request-id': 'daf64e98-58ee-11f1-91ac-4c034fe7e914'
    'User-Agent': 'azsdk-python-mgmt-resource/25.0.0 Python/3.12.0 (Windows-11-10.0.22621-SP0)'
    'Authorization': 'REDACTED'
No body was attached to the request
2026-05-26 16:10:21,021 | INFO | Response status: 200
Response headers:
    'Cache-Control': 'no-cache'
    'Pragma': 'no-cache'
    'Expires': '-1'
    'x-ms-ratelimit-remaining-subscription-reads': '249'
    'x-ms-ratelimit-remaining-subscription-global-reads': 'REDACTED'
    'x-ms-request-id': '296f1d19-3917-4eaa-a9b5-a8fc49dcc3e4'
    'x-ms-correlation-request-id': 'REDACTED'
    'x-ms-routing-request-id': 'REDACTED'
    'Strict-Transport-Security': 'REDACTED'
    'X-Content-Type-Options': 'REDACTED'
    'X-Cache': 'REDACTED'
    'X-MSEdge-Ref': 'Ref A: B96DA982948F4C46B6FA57935FC92199 Ref B: PNQ231110907054 Ref C: 2026-05-26T10:40:20Z'
    'Date': 'Tue, 26 May 2026 10:40:19 GMT'
    'Content-Length': '0'
2026-05-26 16:10:21,022 | INFO | Deleted Resource Group: AutoProjectRG
2026-05-26 16:17:09,023 | INFO | AzureCliCredential.get_token_info succeeded
2026-05-26 16:17:09,024 | INFO | Request URL: 'https://management.azure.com/subscriptions/a8bd7b1b-b9aa-4283-aec4-2040b847d926/resourcegroups/AutoProjectRG?api-version=2025-04-01'
Request method: 'DELETE'
Request headers:
    'Accept': 'application/json'
    'x-ms-client-request-id': '3e178c4a-58f0-11f1-bb44-4c034fe7e914'
    'User-Agent': 'azsdk-python-mgmt-resource/25.0.0 Python/3.12.0 (Windows-11-10.0.22621-SP0)'
    'Authorization': 'REDACTED'
No body was attached to the request
2026-05-26 16:17:10,012 | INFO | Response status: 202
Response headers:
    'Cache-Control': 'no-cache'
    'Pragma': 'no-cache'
    'Expires': '-1'
    'Location': 'REDACTED'
    'Retry-After': '15'
    'x-ms-ratelimit-remaining-subscription-deletes': 'REDACTED'
    'x-ms-ratelimit-remaining-subscription-global-deletes': 'REDACTED'
    'x-ms-request-id': '38d7fc57-00d2-44f1-bf5e-6d616e703c8e'
    'x-ms-correlation-request-id': 'REDACTED'
    'x-ms-routing-request-id': 'REDACTED'
    'Strict-Transport-Security': 'REDACTED'
    'X-Content-Type-Options': 'REDACTED'
    'X-Cache': 'REDACTED'
    'X-MSEdge-Ref': 'Ref A: 9A92AF2B64594BD3B61F7CEF57135D2F Ref B: PNQ231110908040 Ref C: 2026-05-26T10:47:09Z'
    'Date': 'Tue, 26 May 2026 10:47:09 GMT'
    'Content-Length': '0'
2026-05-26 16:17:10,013 | INFO | Request URL: 'https://management.azure.com/subscriptions/a8bd7b1b-b9aa-4283-aec4-2040b847d926/operationresults/eyJqb2JJZCI6IlJFU09VUkNFR1JPVVBERUxFVElPTkpPQi1BVVRPUFJPSkVDVFJHLUNFTlRSQUxJTkRJQSIsImpvYkxvY2F0aW9uIjoiY2VudHJhbGluZGlhIiwiam9iU3RvcmFnZUFjY291bnQiOiIvY3NtL3N0b3JhZ2VhY2NvdW50cy9nbG9iYWwvcnBmZGxqb2IwMHByb2RwbjA0In0?api-version=2025-04-01&t=REDACTED&c=REDACTED&s=REDACTED&h=REDACTED'
Request method: 'GET'
Request headers:
    'x-ms-client-request-id': '3e178c4a-58f0-11f1-bb44-4c034fe7e914'
    'User-Agent': 'azsdk-python-mgmt-resource/25.0.0 Python/3.12.0 (Windows-11-10.0.22621-SP0)'
    'Authorization': 'REDACTED'
No body was attached to the request
2026-05-26 16:17:10,929 | INFO | Response status: 202
Response headers:
    'Cache-Control': 'no-cache'
    'Pragma': 'no-cache'
    'Expires': '-1'
    'Location': 'REDACTED'
    'Retry-After': '15'
    'x-ms-ratelimit-remaining-subscription-reads': '249'
    'x-ms-ratelimit-remaining-subscription-global-reads': 'REDACTED'
    'x-ms-request-id': '7469ffa5-0696-4e24-b8b5-b7baa7788f2f'
    'x-ms-correlation-request-id': 'REDACTED'
    'x-ms-routing-request-id': 'REDACTED'
    'Strict-Transport-Security': 'REDACTED'
    'X-Content-Type-Options': 'REDACTED'
    'X-Cache': 'REDACTED'
    'X-MSEdge-Ref': 'Ref A: E1405B3F601B40D18435EBF7347A7511 Ref B: PNQ231110908040 Ref C: 2026-05-26T10:47:09Z'
    'Date': 'Tue, 26 May 2026 10:47:10 GMT'
    'Content-Length': '0'
2026-05-26 16:17:25,930 | INFO | Request URL: 'https://management.azure.com/subscriptions/a8bd7b1b-b9aa-4283-aec4-2040b847d926/operationresults/eyJqb2JJZCI6IlJFU09VUkNFR1JPVVBERUxFVElPTkpPQi1BVVRPUFJPSkVDVFJHLUNFTlRSQUxJTkRJQSIsImpvYkxvY2F0aW9uIjoiY2VudHJhbGluZGlhIiwiam9iU3RvcmFnZUFjY291bnQiOiIvY3NtL3N0b3JhZ2VhY2NvdW50cy9nbG9iYWwvcnBmZGxqb2IwMHByb2RwbjA0In0?api-version=2025-04-01&t=REDACTED&c=REDACTED&s=REDACTED&h=REDACTED'
Request method: 'GET'
Request headers:
    'x-ms-client-request-id': '3e178c4a-58f0-11f1-bb44-4c034fe7e914'
    'User-Agent': 'azsdk-python-mgmt-resource/25.0.0 Python/3.12.0 (Windows-11-10.0.22621-SP0)'
    'Authorization': 'REDACTED'
No body was attached to the request
2026-05-26 16:17:26,133 | INFO | Response status: 202
Response headers:
    'Cache-Control': 'no-cache'
    'Pragma': 'no-cache'
    'Expires': '-1'
    'Location': 'REDACTED'
    'Retry-After': '15'
    'x-ms-ratelimit-remaining-subscription-reads': '249'
    'x-ms-ratelimit-remaining-subscription-global-reads': 'REDACTED'
    'x-ms-request-id': '03452524-c879-434b-a283-8a680f2491df'
    'x-ms-correlation-request-id': 'REDACTED'
    'x-ms-routing-request-id': 'REDACTED'
    'Strict-Transport-Security': 'REDACTED'
    'X-Content-Type-Options': 'REDACTED'
    'X-Cache': 'REDACTED'
    'X-MSEdge-Ref': 'Ref A: 829F8CE4315A44CB875706677D835AFC Ref B: PNQ231110908040 Ref C: 2026-05-26T10:47:25Z'
    'Date': 'Tue, 26 May 2026 10:47:25 GMT'
    'Content-Length': '0'
2026-05-26 16:17:41,134 | INFO | Request URL: 'https://management.azure.com/subscriptions/a8bd7b1b-b9aa-4283-aec4-2040b847d926/operationresults/eyJqb2JJZCI6IlJFU09VUkNFR1JPVVBERUxFVElPTkpPQi1BVVRPUFJPSkVDVFJHLUNFTlRSQUxJTkRJQSIsImpvYkxvY2F0aW9uIjoiY2VudHJhbGluZGlhIiwiam9iU3RvcmFnZUFjY291bnQiOiIvY3NtL3N0b3JhZ2VhY2NvdW50cy9nbG9iYWwvcnBmZGxqb2IwMHByb2RwbjA0In0?api-version=2025-04-01&t=REDACTED&c=REDACTED&s=REDACTED&h=REDACTED'
Request method: 'GET'
Request headers:
    'x-ms-client-request-id': '3e178c4a-58f0-11f1-bb44-4c034fe7e914'
    'User-Agent': 'azsdk-python-mgmt-resource/25.0.0 Python/3.12.0 (Windows-11-10.0.22621-SP0)'
    'Authorization': 'REDACTED'
No body was attached to the request
2026-05-26 16:17:41,706 | INFO | Response status: 202
Response headers:
    'Cache-Control': 'no-cache'
    'Pragma': 'no-cache'
    'Expires': '-1'
    'Location': 'REDACTED'
    'Retry-After': '15'
    'x-ms-ratelimit-remaining-subscription-reads': '249'
    'x-ms-ratelimit-remaining-subscription-global-reads': 'REDACTED'
    'x-ms-request-id': '31f71ce6-d8c7-4c31-a0b2-5342c4b4fc51'
    'x-ms-correlation-request-id': 'REDACTED'
    'x-ms-routing-request-id': 'REDACTED'
    'Strict-Transport-Security': 'REDACTED'
    'X-Content-Type-Options': 'REDACTED'
    'X-Cache': 'REDACTED'
    'X-MSEdge-Ref': 'Ref A: E69B1DCF37F9448AAD94E4180D9B2678 Ref B: PNQ231110908040 Ref C: 2026-05-26T10:47:40Z'
    'Date': 'Tue, 26 May 2026 10:47:40 GMT'
    'Content-Length': '0'
2026-05-26 16:17:56,707 | INFO | Request URL: 'https://management.azure.com/subscriptions/a8bd7b1b-b9aa-4283-aec4-2040b847d926/operationresults/eyJqb2JJZCI6IlJFU09VUkNFR1JPVVBERUxFVElPTkpPQi1BVVRPUFJPSkVDVFJHLUNFTlRSQUxJTkRJQSIsImpvYkxvY2F0aW9uIjoiY2VudHJhbGluZGlhIiwiam9iU3RvcmFnZUFjY291bnQiOiIvY3NtL3N0b3JhZ2VhY2NvdW50cy9nbG9iYWwvcnBmZGxqb2IwMHByb2RwbjA0In0?api-version=2025-04-01&t=REDACTED&c=REDACTED&s=REDACTED&h=REDACTED'
Request method: 'GET'
Request headers:
    'x-ms-client-request-id': '3e178c4a-58f0-11f1-bb44-4c034fe7e914'
    'User-Agent': 'azsdk-python-mgmt-resource/25.0.0 Python/3.12.0 (Windows-11-10.0.22621-SP0)'
    'Authorization': 'REDACTED'
No body was attached to the request
2026-05-26 16:17:56,866 | INFO | Response status: 202
Response headers:
    'Cache-Control': 'no-cache'
    'Pragma': 'no-cache'
    'Expires': '-1'
    'Location': 'REDACTED'
    'Retry-After': '15'
    'x-ms-ratelimit-remaining-subscription-reads': '249'
    'x-ms-ratelimit-remaining-subscription-global-reads': 'REDACTED'
    'x-ms-request-id': '488c1384-d4a4-4f28-b5f0-3ee1865d02cd'
    'x-ms-correlation-request-id': 'REDACTED'
    'x-ms-routing-request-id': 'REDACTED'
    'Strict-Transport-Security': 'REDACTED'
    'X-Content-Type-Options': 'REDACTED'
    'X-Cache': 'REDACTED'
    'X-MSEdge-Ref': 'Ref A: C5B278EA8A8141579968AD90D3E5EEC7 Ref B: PNQ231110908040 Ref C: 2026-05-26T10:47:56Z'
    'Date': 'Tue, 26 May 2026 10:47:55 GMT'
    'Content-Length': '0'
2026-05-26 16:18:11,866 | INFO | Request URL: 'https://management.azure.com/subscriptions/a8bd7b1b-b9aa-4283-aec4-2040b847d926/operationresults/eyJqb2JJZCI6IlJFU09VUkNFR1JPVVBERUxFVElPTkpPQi1BVVRPUFJPSkVDVFJHLUNFTlRSQUxJTkRJQSIsImpvYkxvY2F0aW9uIjoiY2VudHJhbGluZGlhIiwiam9iU3RvcmFnZUFjY291bnQiOiIvY3NtL3N0b3JhZ2VhY2NvdW50cy9nbG9iYWwvcnBmZGxqb2IwMHByb2RwbjA0In0?api-version=2025-04-01&t=REDACTED&c=REDACTED&s=REDACTED&h=REDACTED'
Request method: 'GET'
Request headers:
    'x-ms-client-request-id': '3e178c4a-58f0-11f1-bb44-4c034fe7e914'
    'User-Agent': 'azsdk-python-mgmt-resource/25.0.0 Python/3.12.0 (Windows-11-10.0.22621-SP0)'
    'Authorization': 'REDACTED'
No body was attached to the request
2026-05-26 16:18:12,064 | INFO | Response status: 202
Response headers:
    'Cache-Control': 'no-cache'
    'Pragma': 'no-cache'
    'Expires': '-1'
    'Location': 'REDACTED'
    'Retry-After': '15'
    'x-ms-ratelimit-remaining-subscription-reads': '249'
    'x-ms-ratelimit-remaining-subscription-global-reads': 'REDACTED'
    'x-ms-request-id': 'cc1483f0-dc24-4e5c-b3e0-e0552a145cb7'
    'x-ms-correlation-request-id': 'REDACTED'
    'x-ms-routing-request-id': 'REDACTED'
    'Strict-Transport-Security': 'REDACTED'
    'X-Content-Type-Options': 'REDACTED'
    'X-Cache': 'REDACTED'
    'X-MSEdge-Ref': 'Ref A: 55F399777A164BB8B98E40173CB0EB36 Ref B: PNQ231110908040 Ref C: 2026-05-26T10:48:11Z'
    'Date': 'Tue, 26 May 2026 10:48:11 GMT'
    'Content-Length': '0'
2026-05-26 16:18:27,064 | INFO | Request URL: 'https://management.azure.com/subscriptions/a8bd7b1b-b9aa-4283-aec4-2040b847d926/operationresults/eyJqb2JJZCI6IlJFU09VUkNFR1JPVVBERUxFVElPTkpPQi1BVVRPUFJPSkVDVFJHLUNFTlRSQUxJTkRJQSIsImpvYkxvY2F0aW9uIjoiY2VudHJhbGluZGlhIiwiam9iU3RvcmFnZUFjY291bnQiOiIvY3NtL3N0b3JhZ2VhY2NvdW50cy9nbG9iYWwvcnBmZGxqb2IwMHByb2RwbjA0In0?api-version=2025-04-01&t=REDACTED&c=REDACTED&s=REDACTED&h=REDACTED'
Request method: 'GET'
Request headers:
    'x-ms-client-request-id': '3e178c4a-58f0-11f1-bb44-4c034fe7e914'
    'User-Agent': 'azsdk-python-mgmt-resource/25.0.0 Python/3.12.0 (Windows-11-10.0.22621-SP0)'
    'Authorization': 'REDACTED'
No body was attached to the request
2026-05-26 16:18:27,344 | INFO | Response status: 202
Response headers:
    'Cache-Control': 'no-cache'
    'Pragma': 'no-cache'
    'Expires': '-1'
    'Location': 'REDACTED'
    'Retry-After': '15'
    'x-ms-ratelimit-remaining-subscription-reads': '249'
    'x-ms-ratelimit-remaining-subscription-global-reads': 'REDACTED'
    'x-ms-request-id': '8cf2f1a6-ce3c-4003-8516-bf6d7c2489c1'
    'x-ms-correlation-request-id': 'REDACTED'
    'x-ms-routing-request-id': 'REDACTED'
    'Strict-Transport-Security': 'REDACTED'
    'X-Content-Type-Options': 'REDACTED'
    'X-Cache': 'REDACTED'
    'X-MSEdge-Ref': 'Ref A: CECF1CF74E3F4B009D9B9F782833DE0A Ref B: PNQ231110908040 Ref C: 2026-05-26T10:48:26Z'
    'Date': 'Tue, 26 May 2026 10:48:26 GMT'
    'Content-Length': '0'
2026-05-26 16:18:42,345 | INFO | Request URL: 'https://management.azure.com/subscriptions/a8bd7b1b-b9aa-4283-aec4-2040b847d926/operationresults/eyJqb2JJZCI6IlJFU09VUkNFR1JPVVBERUxFVElPTkpPQi1BVVRPUFJPSkVDVFJHLUNFTlRSQUxJTkRJQSIsImpvYkxvY2F0aW9uIjoiY2VudHJhbGluZGlhIiwiam9iU3RvcmFnZUFjY291bnQiOiIvY3NtL3N0b3JhZ2VhY2NvdW50cy9nbG9iYWwvcnBmZGxqb2IwMHByb2RwbjA0In0?api-version=2025-04-01&t=REDACTED&c=REDACTED&s=REDACTED&h=REDACTED'
Request method: 'GET'
Request headers:
    'x-ms-client-request-id': '3e178c4a-58f0-11f1-bb44-4c034fe7e914'
    'User-Agent': 'azsdk-python-mgmt-resource/25.0.0 Python/3.12.0 (Windows-11-10.0.22621-SP0)'
    'Authorization': 'REDACTED'
No body was attached to the request
2026-05-26 16:18:42,771 | INFO | Response status: 202
Response headers:
    'Cache-Control': 'no-cache'
    'Pragma': 'no-cache'
    'Expires': '-1'
    'Location': 'REDACTED'
    'Retry-After': '15'
    'x-ms-ratelimit-remaining-subscription-reads': '249'
    'x-ms-ratelimit-remaining-subscription-global-reads': 'REDACTED'
    'x-ms-request-id': '4f78f810-4e5a-4ee8-bf06-0ac90d3daa46'
    'x-ms-correlation-request-id': 'REDACTED'
    'x-ms-routing-request-id': 'REDACTED'
    'Strict-Transport-Security': 'REDACTED'
    'X-Content-Type-Options': 'REDACTED'
    'X-Cache': 'REDACTED'
    'X-MSEdge-Ref': 'Ref A: 086FEDD6C8B04666886A0E45B2171A8D Ref B: PNQ231110908040 Ref C: 2026-05-26T10:48:41Z'
    'Date': 'Tue, 26 May 2026 10:48:41 GMT'
    'Content-Length': '0'
2026-05-26 16:18:57,772 | INFO | Request URL: 'https://management.azure.com/subscriptions/a8bd7b1b-b9aa-4283-aec4-2040b847d926/operationresults/eyJqb2JJZCI6IlJFU09VUkNFR1JPVVBERUxFVElPTkpPQi1BVVRPUFJPSkVDVFJHLUNFTlRSQUxJTkRJQSIsImpvYkxvY2F0aW9uIjoiY2VudHJhbGluZGlhIiwiam9iU3RvcmFnZUFjY291bnQiOiIvY3NtL3N0b3JhZ2VhY2NvdW50cy9nbG9iYWwvcnBmZGxqb2IwMHByb2RwbjA0In0?api-version=2025-04-01&t=REDACTED&c=REDACTED&s=REDACTED&h=REDACTED'
Request method: 'GET'
Request headers:
    'x-ms-client-request-id': '3e178c4a-58f0-11f1-bb44-4c034fe7e914'
    'User-Agent': 'azsdk-python-mgmt-resource/25.0.0 Python/3.12.0 (Windows-11-10.0.22621-SP0)'
    'Authorization': 'REDACTED'
No body was attached to the request
2026-05-26 16:18:57,993 | INFO | Response status: 202
Response headers:
    'Cache-Control': 'no-cache'
    'Pragma': 'no-cache'
    'Expires': '-1'
    'Location': 'REDACTED'
    'Retry-After': '15'
    'x-ms-ratelimit-remaining-subscription-reads': '249'
    'x-ms-ratelimit-remaining-subscription-global-reads': 'REDACTED'
    'x-ms-request-id': 'ee8ad371-c376-4819-a9e6-c0eb3592dfc5'
    'x-ms-correlation-request-id': 'REDACTED'
    'x-ms-routing-request-id': 'REDACTED'
    'Strict-Transport-Security': 'REDACTED'
    'X-Content-Type-Options': 'REDACTED'
    'X-Cache': 'REDACTED'
    'X-MSEdge-Ref': 'Ref A: 00FA8438A40F4F30A49F43F3BBE81694 Ref B: PNQ231110908040 Ref C: 2026-05-26T10:48:57Z'
    'Date': 'Tue, 26 May 2026 10:48:56 GMT'
    'Content-Length': '0'
2026-05-26 16:19:12,994 | INFO | Request URL: 'https://management.azure.com/subscriptions/a8bd7b1b-b9aa-4283-aec4-2040b847d926/operationresults/eyJqb2JJZCI6IlJFU09VUkNFR1JPVVBERUxFVElPTkpPQi1BVVRPUFJPSkVDVFJHLUNFTlRSQUxJTkRJQSIsImpvYkxvY2F0aW9uIjoiY2VudHJhbGluZGlhIiwiam9iU3RvcmFnZUFjY291bnQiOiIvY3NtL3N0b3JhZ2VhY2NvdW50cy9nbG9iYWwvcnBmZGxqb2IwMHByb2RwbjA0In0?api-version=2025-04-01&t=REDACTED&c=REDACTED&s=REDACTED&h=REDACTED'
Request method: 'GET'
Request headers:
    'x-ms-client-request-id': '3e178c4a-58f0-11f1-bb44-4c034fe7e914'
    'User-Agent': 'azsdk-python-mgmt-resource/25.0.0 Python/3.12.0 (Windows-11-10.0.22621-SP0)'
    'Authorization': 'REDACTED'
No body was attached to the request
2026-05-26 16:19:13,196 | INFO | Response status: 200
Response headers:
    'Cache-Control': 'no-cache'
    'Pragma': 'no-cache'
    'Expires': '-1'
    'x-ms-ratelimit-remaining-subscription-reads': '249'
    'x-ms-ratelimit-remaining-subscription-global-reads': 'REDACTED'
    'x-ms-request-id': 'a4c0834b-a71c-44cf-af29-1047f9ea69d1'
    'x-ms-correlation-request-id': 'REDACTED'
    'x-ms-routing-request-id': 'REDACTED'
    'Strict-Transport-Security': 'REDACTED'
    'X-Content-Type-Options': 'REDACTED'
    'X-Cache': 'REDACTED'
    'X-MSEdge-Ref': 'Ref A: 61F749C334FB4661B9DAC16B3CE0106F Ref B: PNQ231110908040 Ref C: 2026-05-26T10:49:12Z'
    'Date': 'Tue, 26 May 2026 10:49:12 GMT'
    'Content-Length': '0'
2026-05-26 16:19:13,207 | INFO | Deleted Resource Group: AutoProjectRG
2026-05-26 16:20:06,969 | INFO | AzureCliCredential.get_token_info succeeded
2026-05-26 16:20:06,969 | INFO | Request URL: 'https://management.azure.com/subscriptions/a8bd7b1b-b9aa-4283-aec4-2040b847d926/resourcegroups/AutoProjectRG?api-version=2025-04-01'
Request method: 'DELETE'
Request headers:
    'Accept': 'application/json'
    'x-ms-client-request-id': 'a8368508-58f0-11f1-97ee-4c034fe7e914'
    'User-Agent': 'azsdk-python-mgmt-resource/25.0.0 Python/3.12.0 (Windows-11-10.0.22621-SP0)'
    'Authorization': 'REDACTED'
No body was attached to the request
2026-05-26 16:20:08,308 | INFO | Response status: 404
Response headers:
    'Cache-Control': 'no-cache'
    'Pragma': 'no-cache'
    'Content-Length': '105'
    'Content-Type': 'application/json; charset=utf-8'
    'Expires': '-1'
    'x-ms-failure-cause': 'REDACTED'
    'x-ms-ratelimit-remaining-subscription-deletes': 'REDACTED'
    'x-ms-ratelimit-remaining-subscription-global-deletes': 'REDACTED'
    'x-ms-request-id': 'cf2c006f-daa2-4067-8731-c9bf22be3fed'
    'x-ms-correlation-request-id': 'REDACTED'
    'x-ms-routing-request-id': 'REDACTED'
    'Strict-Transport-Security': 'REDACTED'
    'X-Content-Type-Options': 'REDACTED'
    'X-Cache': 'REDACTED'
    'X-MSEdge-Ref': 'Ref A: 531941A295FB4E31B12A7834EE48A947 Ref B: PNQ231110907054 Ref C: 2026-05-26T10:50:07Z'
    'Date': 'Tue, 26 May 2026 10:50:07 GMT'
2026-05-26 16:20:08,310 | ERROR | Cleanup failed: (ResourceGroupNotFound) Resource group 'AutoProjectRG' could not be found.
Code: ResourceGroupNotFound
Message: Resource group 'AutoProjectRG' could not be found.
2026-05-26 16:30:59,601 | INFO | AzureCliCredential.get_token_info succeeded
2026-05-26 16:30:59,601 | INFO | Request URL: 'https://management.azure.com/subscriptions/a8bd7b1b-b9aa-4283-aec4-2040b847d926/resourcegroups/AutoProjectRG?api-version=2025-04-01'
Request method: 'DELETE'
Request headers:
    'Accept': 'application/json'
    'x-ms-client-request-id': '2cbcc7fd-58f2-11f1-a39a-4c034fe7e914'
    'User-Agent': 'azsdk-python-mgmt-resource/25.0.0 Python/3.12.0 (Windows-11-10.0.22621-SP0)'
    'Authorization': 'REDACTED'
No body was attached to the request
2026-05-26 16:31:01,068 | INFO | Response status: 202
Response headers:
    'Cache-Control': 'no-cache'
    'Pragma': 'no-cache'
    'Expires': '-1'
    'Location': 'REDACTED'
    'Retry-After': '15'
    'x-ms-ratelimit-remaining-subscription-deletes': 'REDACTED'
    'x-ms-ratelimit-remaining-subscription-global-deletes': 'REDACTED'
    'x-ms-request-id': '347a2001-f4a9-45fd-8fce-86542b199881'
    'x-ms-correlation-request-id': 'REDACTED'
    'x-ms-routing-request-id': 'REDACTED'
    'Strict-Transport-Security': 'REDACTED'
    'X-Content-Type-Options': 'REDACTED'
    'X-Cache': 'REDACTED'
    'X-MSEdge-Ref': 'Ref A: 73CA6753BC5B4AD1A31A2D150C051F10 Ref B: PNQ231110909034 Ref C: 2026-05-26T11:00:59Z'
    'Date': 'Tue, 26 May 2026 11:00:59 GMT'
    'Content-Length': '0'
2026-05-26 16:31:01,070 | INFO | Request URL: 'https://management.azure.com/subscriptions/a8bd7b1b-b9aa-4283-aec4-2040b847d926/operationresults/eyJqb2JJZCI6IlJFU09VUkNFR1JPVVBERUxFVElPTkpPQi1BVVRPUFJPSkVDVFJHLUNFTlRSQUxJTkRJQSIsImpvYkxvY2F0aW9uIjoiY2VudHJhbGluZGlhIiwiam9iU3RvcmFnZUFjY291bnQiOiIvY3NtL3N0b3JhZ2VhY2NvdW50cy9nbG9iYWwvcnBmZGxqb2IwMHByb2RwbjA0In0?api-version=2025-04-01&t=REDACTED&c=REDACTED&s=REDACTED&h=REDACTED'
Request method: 'GET'
Request headers:
    'x-ms-client-request-id': '2cbcc7fd-58f2-11f1-a39a-4c034fe7e914'
    'User-Agent': 'azsdk-python-mgmt-resource/25.0.0 Python/3.12.0 (Windows-11-10.0.22621-SP0)'
    'Authorization': 'REDACTED'
No body was attached to the request
2026-05-26 16:31:01,426 | INFO | Response status: 202
Response headers:
    'Cache-Control': 'no-cache'
    'Pragma': 'no-cache'
    'Expires': '-1'
    'Location': 'REDACTED'
    'Retry-After': '15'
    'x-ms-ratelimit-remaining-subscription-reads': '249'
    'x-ms-ratelimit-remaining-subscription-global-reads': 'REDACTED'
    'x-ms-request-id': 'f4b2a31a-7a02-4b46-9226-b37b95209e63'
    'x-ms-correlation-request-id': 'REDACTED'
    'x-ms-routing-request-id': 'REDACTED'
    'Strict-Transport-Security': 'REDACTED'
    'X-Content-Type-Options': 'REDACTED'
    'X-Cache': 'REDACTED'
    'X-MSEdge-Ref': 'Ref A: 106CE495009F4310B6594455B19BB432 Ref B: PNQ231110909034 Ref C: 2026-05-26T11:01:00Z'
    'Date': 'Tue, 26 May 2026 11:01:00 GMT'
    'Content-Length': '0'
2026-05-26 16:31:16,427 | INFO | Request URL: 'https://management.azure.com/subscriptions/a8bd7b1b-b9aa-4283-aec4-2040b847d926/operationresults/eyJqb2JJZCI6IlJFU09VUkNFR1JPVVBERUxFVElPTkpPQi1BVVRPUFJPSkVDVFJHLUNFTlRSQUxJTkRJQSIsImpvYkxvY2F0aW9uIjoiY2VudHJhbGluZGlhIiwiam9iU3RvcmFnZUFjY291bnQiOiIvY3NtL3N0b3JhZ2VhY2NvdW50cy9nbG9iYWwvcnBmZGxqb2IwMHByb2RwbjA0In0?api-version=2025-04-01&t=REDACTED&c=REDACTED&s=REDACTED&h=REDACTED'
Request method: 'GET'
Request headers:
    'x-ms-client-request-id': '2cbcc7fd-58f2-11f1-a39a-4c034fe7e914'
    'User-Agent': 'azsdk-python-mgmt-resource/25.0.0 Python/3.12.0 (Windows-11-10.0.22621-SP0)'
    'Authorization': 'REDACTED'
No body was attached to the request
2026-05-26 16:31:16,946 | INFO | Response status: 202
Response headers:
    'Cache-Control': 'no-cache'
    'Pragma': 'no-cache'
    'Expires': '-1'
    'Location': 'REDACTED'
    'Retry-After': '15'
    'x-ms-ratelimit-remaining-subscription-reads': '249'
    'x-ms-ratelimit-remaining-subscription-global-reads': 'REDACTED'
    'x-ms-request-id': '800554ba-24da-440d-a0d9-1e9eb934efce'
    'x-ms-correlation-request-id': 'REDACTED'
    'x-ms-routing-request-id': 'REDACTED'
    'Strict-Transport-Security': 'REDACTED'
    'X-Content-Type-Options': 'REDACTED'
    'X-Cache': 'REDACTED'
    'X-MSEdge-Ref': 'Ref A: 87D19009B5BB41E79D8D831B20F593F1 Ref B: PNQ231110909034 Ref C: 2026-05-26T11:01:16Z'
    'Date': 'Tue, 26 May 2026 11:01:15 GMT'
    'Content-Length': '0'
2026-05-26 16:31:31,947 | INFO | Request URL: 'https://management.azure.com/subscriptions/a8bd7b1b-b9aa-4283-aec4-2040b847d926/operationresults/eyJqb2JJZCI6IlJFU09VUkNFR1JPVVBERUxFVElPTkpPQi1BVVRPUFJPSkVDVFJHLUNFTlRSQUxJTkRJQSIsImpvYkxvY2F0aW9uIjoiY2VudHJhbGluZGlhIiwiam9iU3RvcmFnZUFjY291bnQiOiIvY3NtL3N0b3JhZ2VhY2NvdW50cy9nbG9iYWwvcnBmZGxqb2IwMHByb2RwbjA0In0?api-version=2025-04-01&t=REDACTED&c=REDACTED&s=REDACTED&h=REDACTED'
Request method: 'GET'
Request headers:
    'x-ms-client-request-id': '2cbcc7fd-58f2-11f1-a39a-4c034fe7e914'
    'User-Agent': 'azsdk-python-mgmt-resource/25.0.0 Python/3.12.0 (Windows-11-10.0.22621-SP0)'
    'Authorization': 'REDACTED'
No body was attached to the request
2026-05-26 16:31:32,841 | INFO | Response status: 202
Response headers:
    'Cache-Control': 'no-cache'
    'Pragma': 'no-cache'
    'Expires': '-1'
    'Location': 'REDACTED'
    'Retry-After': '15'
    'x-ms-ratelimit-remaining-subscription-reads': '249'
    'x-ms-ratelimit-remaining-subscription-global-reads': 'REDACTED'
    'x-ms-request-id': '79820e6d-7fe3-4ed5-8a76-de7eb638df60'
    'x-ms-correlation-request-id': 'REDACTED'
    'x-ms-routing-request-id': 'REDACTED'
    'Strict-Transport-Security': 'REDACTED'
    'X-Content-Type-Options': 'REDACTED'
    'X-Cache': 'REDACTED'
    'X-MSEdge-Ref': 'Ref A: 78007D06E86C4491AAABC1C3FF571219 Ref B: PNQ231110909034 Ref C: 2026-05-26T11:01:31Z'
    'Date': 'Tue, 26 May 2026 11:01:31 GMT'
    'Content-Length': '0'
2026-05-26 16:31:47,843 | INFO | Request URL: 'https://management.azure.com/subscriptions/a8bd7b1b-b9aa-4283-aec4-2040b847d926/operationresults/eyJqb2JJZCI6IlJFU09VUkNFR1JPVVBERUxFVElPTkpPQi1BVVRPUFJPSkVDVFJHLUNFTlRSQUxJTkRJQSIsImpvYkxvY2F0aW9uIjoiY2VudHJhbGluZGlhIiwiam9iU3RvcmFnZUFjY291bnQiOiIvY3NtL3N0b3JhZ2VhY2NvdW50cy9nbG9iYWwvcnBmZGxqb2IwMHByb2RwbjA0In0?api-version=2025-04-01&t=REDACTED&c=REDACTED&s=REDACTED&h=REDACTED'
Request method: 'GET'
Request headers:
    'x-ms-client-request-id': '2cbcc7fd-58f2-11f1-a39a-4c034fe7e914'
    'User-Agent': 'azsdk-python-mgmt-resource/25.0.0 Python/3.12.0 (Windows-11-10.0.22621-SP0)'
    'Authorization': 'REDACTED'
No body was attached to the request
2026-05-26 16:31:48,468 | INFO | Response status: 202
Response headers:
    'Cache-Control': 'no-cache'
    'Pragma': 'no-cache'
    'Expires': '-1'
    'Location': 'REDACTED'
    'Retry-After': '15'
    'x-ms-ratelimit-remaining-subscription-reads': '249'
    'x-ms-ratelimit-remaining-subscription-global-reads': 'REDACTED'
    'x-ms-request-id': '77e059bb-c5b4-4cda-afef-6e67878915c1'
    'x-ms-correlation-request-id': 'REDACTED'
    'x-ms-routing-request-id': 'REDACTED'
    'Strict-Transport-Security': 'REDACTED'
    'X-Content-Type-Options': 'REDACTED'
    'X-Cache': 'REDACTED'
    'X-MSEdge-Ref': 'Ref A: 7236BE737DD5494FA96D867647035D35 Ref B: PNQ231110909034 Ref C: 2026-05-26T11:01:47Z'
    'Date': 'Tue, 26 May 2026 11:01:47 GMT'
    'Content-Length': '0'
2026-05-26 16:32:03,469 | INFO | Request URL: 'https://management.azure.com/subscriptions/a8bd7b1b-b9aa-4283-aec4-2040b847d926/operationresults/eyJqb2JJZCI6IlJFU09VUkNFR1JPVVBERUxFVElPTkpPQi1BVVRPUFJPSkVDVFJHLUNFTlRSQUxJTkRJQSIsImpvYkxvY2F0aW9uIjoiY2VudHJhbGluZGlhIiwiam9iU3RvcmFnZUFjY291bnQiOiIvY3NtL3N0b3JhZ2VhY2NvdW50cy9nbG9iYWwvcnBmZGxqb2IwMHByb2RwbjA0In0?api-version=2025-04-01&t=REDACTED&c=REDACTED&s=REDACTED&h=REDACTED'
Request method: 'GET'
Request headers:
    'x-ms-client-request-id': '2cbcc7fd-58f2-11f1-a39a-4c034fe7e914'
    'User-Agent': 'azsdk-python-mgmt-resource/25.0.0 Python/3.12.0 (Windows-11-10.0.22621-SP0)'
    'Authorization': 'REDACTED'
No body was attached to the request
2026-05-26 16:32:03,644 | INFO | Response status: 202
Response headers:
    'Cache-Control': 'no-cache'
    'Pragma': 'no-cache'
    'Expires': '-1'
    'Location': 'REDACTED'
    'Retry-After': '15'
    'x-ms-ratelimit-remaining-subscription-reads': '249'
    'x-ms-ratelimit-remaining-subscription-global-reads': 'REDACTED'
    'x-ms-request-id': 'b5dd5cba-beaa-457a-838a-973b8d071e8b'
    'x-ms-correlation-request-id': 'REDACTED'
    'x-ms-routing-request-id': 'REDACTED'
    'Strict-Transport-Security': 'REDACTED'
    'X-Content-Type-Options': 'REDACTED'
    'X-Cache': 'REDACTED'
    'X-MSEdge-Ref': 'Ref A: 322F945AF5644C36A9CFBD1E06C838C4 Ref B: PNQ231110909034 Ref C: 2026-05-26T11:02:03Z'
    'Date': 'Tue, 26 May 2026 11:02:02 GMT'
    'Content-Length': '0'
2026-05-26 16:32:18,645 | INFO | Request URL: 'https://management.azure.com/subscriptions/a8bd7b1b-b9aa-4283-aec4-2040b847d926/operationresults/eyJqb2JJZCI6IlJFU09VUkNFR1JPVVBERUxFVElPTkpPQi1BVVRPUFJPSkVDVFJHLUNFTlRSQUxJTkRJQSIsImpvYkxvY2F0aW9uIjoiY2VudHJhbGluZGlhIiwiam9iU3RvcmFnZUFjY291bnQiOiIvY3NtL3N0b3JhZ2VhY2NvdW50cy9nbG9iYWwvcnBmZGxqb2IwMHByb2RwbjA0In0?api-version=2025-04-01&t=REDACTED&c=REDACTED&s=REDACTED&h=REDACTED'
Request method: 'GET'
Request headers:
    'x-ms-client-request-id': '2cbcc7fd-58f2-11f1-a39a-4c034fe7e914'
    'User-Agent': 'azsdk-python-mgmt-resource/25.0.0 Python/3.12.0 (Windows-11-10.0.22621-SP0)'
    'Authorization': 'REDACTED'
No body was attached to the request
2026-05-26 16:32:19,104 | INFO | Response status: 202
Response headers:
    'Cache-Control': 'no-cache'
    'Pragma': 'no-cache'
    'Expires': '-1'
    'Location': 'REDACTED'
    'Retry-After': '15'
    'x-ms-ratelimit-remaining-subscription-reads': '249'
    'x-ms-ratelimit-remaining-subscription-global-reads': 'REDACTED'
    'x-ms-request-id': '4340f07b-f3c2-4ff2-be92-edc8730ddebf'
    'x-ms-correlation-request-id': 'REDACTED'
    'x-ms-routing-request-id': 'REDACTED'
    'Strict-Transport-Security': 'REDACTED'
    'X-Content-Type-Options': 'REDACTED'
    'X-Cache': 'REDACTED'
    'X-MSEdge-Ref': 'Ref A: A899299CBC574A5CB21E112980302368 Ref B: PNQ231110909034 Ref C: 2026-05-26T11:02:18Z'
    'Date': 'Tue, 26 May 2026 11:02:17 GMT'
    'Content-Length': '0'
2026-05-26 16:32:34,104 | INFO | Request URL: 'https://management.azure.com/subscriptions/a8bd7b1b-b9aa-4283-aec4-2040b847d926/operationresults/eyJqb2JJZCI6IlJFU09VUkNFR1JPVVBERUxFVElPTkpPQi1BVVRPUFJPSkVDVFJHLUNFTlRSQUxJTkRJQSIsImpvYkxvY2F0aW9uIjoiY2VudHJhbGluZGlhIiwiam9iU3RvcmFnZUFjY291bnQiOiIvY3NtL3N0b3JhZ2VhY2NvdW50cy9nbG9iYWwvcnBmZGxqb2IwMHByb2RwbjA0In0?api-version=2025-04-01&t=REDACTED&c=REDACTED&s=REDACTED&h=REDACTED'
Request method: 'GET'
Request headers:
    'x-ms-client-request-id': '2cbcc7fd-58f2-11f1-a39a-4c034fe7e914'
    'User-Agent': 'azsdk-python-mgmt-resource/25.0.0 Python/3.12.0 (Windows-11-10.0.22621-SP0)'
    'Authorization': 'REDACTED'
No body was attached to the request
2026-05-26 16:32:34,251 | INFO | Response status: 202
Response headers:
    'Cache-Control': 'no-cache'
    'Pragma': 'no-cache'
    'Expires': '-1'
    'Location': 'REDACTED'
    'Retry-After': '15'
    'x-ms-ratelimit-remaining-subscription-reads': '249'
    'x-ms-ratelimit-remaining-subscription-global-reads': 'REDACTED'
    'x-ms-request-id': '9ec439cd-572f-4056-a5a0-b6f0d4ddc1c7'
    'x-ms-correlation-request-id': 'REDACTED'
    'x-ms-routing-request-id': 'REDACTED'
    'Strict-Transport-Security': 'REDACTED'
    'X-Content-Type-Options': 'REDACTED'
    'X-Cache': 'REDACTED'
    'X-MSEdge-Ref': 'Ref A: 3D55EF20E00A40F69631B3BE83CBB309 Ref B: PNQ231110909034 Ref C: 2026-05-26T11:02:33Z'
    'Date': 'Tue, 26 May 2026 11:02:32 GMT'
    'Content-Length': '0'
2026-05-26 16:32:49,251 | INFO | Request URL: 'https://management.azure.com/subscriptions/a8bd7b1b-b9aa-4283-aec4-2040b847d926/operationresults/eyJqb2JJZCI6IlJFU09VUkNFR1JPVVBERUxFVElPTkpPQi1BVVRPUFJPSkVDVFJHLUNFTlRSQUxJTkRJQSIsImpvYkxvY2F0aW9uIjoiY2VudHJhbGluZGlhIiwiam9iU3RvcmFnZUFjY291bnQiOiIvY3NtL3N0b3JhZ2VhY2NvdW50cy9nbG9iYWwvcnBmZGxqb2IwMHByb2RwbjA0In0?api-version=2025-04-01&t=REDACTED&c=REDACTED&s=REDACTED&h=REDACTED'
Request method: 'GET'
Request headers:
    'x-ms-client-request-id': '2cbcc7fd-58f2-11f1-a39a-4c034fe7e914'
    'User-Agent': 'azsdk-python-mgmt-resource/25.0.0 Python/3.12.0 (Windows-11-10.0.22621-SP0)'
    'Authorization': 'REDACTED'
No body was attached to the request
2026-05-26 16:32:49,649 | INFO | Response status: 202
Response headers:
    'Cache-Control': 'no-cache'
    'Pragma': 'no-cache'
    'Expires': '-1'
    'Location': 'REDACTED'
    'Retry-After': '15'
    'x-ms-ratelimit-remaining-subscription-reads': '249'
    'x-ms-ratelimit-remaining-subscription-global-reads': 'REDACTED'
    'x-ms-request-id': 'dd1d8122-e345-4284-9d96-2f1a0b3d0bc8'
    'x-ms-correlation-request-id': 'REDACTED'
    'x-ms-routing-request-id': 'REDACTED'
    'Strict-Transport-Security': 'REDACTED'
    'X-Content-Type-Options': 'REDACTED'
    'X-Cache': 'REDACTED'
    'X-MSEdge-Ref': 'Ref A: 3F887F66472047C58B8E41519A03095A Ref B: PNQ231110909034 Ref C: 2026-05-26T11:02:48Z'
    'Date': 'Tue, 26 May 2026 11:02:48 GMT'
    'Content-Length': '0'
2026-05-26 16:33:04,650 | INFO | Request URL: 'https://management.azure.com/subscriptions/a8bd7b1b-b9aa-4283-aec4-2040b847d926/operationresults/eyJqb2JJZCI6IlJFU09VUkNFR1JPVVBERUxFVElPTkpPQi1BVVRPUFJPSkVDVFJHLUNFTlRSQUxJTkRJQSIsImpvYkxvY2F0aW9uIjoiY2VudHJhbGluZGlhIiwiam9iU3RvcmFnZUFjY291bnQiOiIvY3NtL3N0b3JhZ2VhY2NvdW50cy9nbG9iYWwvcnBmZGxqb2IwMHByb2RwbjA0In0?api-version=2025-04-01&t=REDACTED&c=REDACTED&s=REDACTED&h=REDACTED'
Request method: 'GET'
Request headers:
    'x-ms-client-request-id': '2cbcc7fd-58f2-11f1-a39a-4c034fe7e914'
    'User-Agent': 'azsdk-python-mgmt-resource/25.0.0 Python/3.12.0 (Windows-11-10.0.22621-SP0)'
    'Authorization': 'REDACTED'
No body was attached to the request
2026-05-26 16:33:05,669 | INFO | Response status: 202
Response headers:
    'Cache-Control': 'no-cache'
    'Pragma': 'no-cache'
    'Expires': '-1'
    'Location': 'REDACTED'
    'Retry-After': '15'
    'x-ms-ratelimit-remaining-subscription-reads': '249'
    'x-ms-ratelimit-remaining-subscription-global-reads': 'REDACTED'
    'x-ms-request-id': 'd75822ea-aee1-4f3c-aea0-2aa0fa3261d7'
    'x-ms-correlation-request-id': 'REDACTED'
    'x-ms-routing-request-id': 'REDACTED'
    'Strict-Transport-Security': 'REDACTED'
    'X-Content-Type-Options': 'REDACTED'
    'X-Cache': 'REDACTED'
    'X-MSEdge-Ref': 'Ref A: 5C4DAFF2C0DE4EDB98D1A6F2B16A0CF9 Ref B: PNQ231110909034 Ref C: 2026-05-26T11:03:04Z'
    'Date': 'Tue, 26 May 2026 11:03:04 GMT'
    'Content-Length': '0'
2026-05-26 16:33:20,670 | INFO | Request URL: 'https://management.azure.com/subscriptions/a8bd7b1b-b9aa-4283-aec4-2040b847d926/operationresults/eyJqb2JJZCI6IlJFU09VUkNFR1JPVVBERUxFVElPTkpPQi1BVVRPUFJPSkVDVFJHLUNFTlRSQUxJTkRJQSIsImpvYkxvY2F0aW9uIjoiY2VudHJhbGluZGlhIiwiam9iU3RvcmFnZUFjY291bnQiOiIvY3NtL3N0b3JhZ2VhY2NvdW50cy9nbG9iYWwvcnBmZGxqb2IwMHByb2RwbjA0In0?api-version=2025-04-01&t=REDACTED&c=REDACTED&s=REDACTED&h=REDACTED'
Request method: 'GET'
Request headers:
    'x-ms-client-request-id': '2cbcc7fd-58f2-11f1-a39a-4c034fe7e914'
    'User-Agent': 'azsdk-python-mgmt-resource/25.0.0 Python/3.12.0 (Windows-11-10.0.22621-SP0)'
    'Authorization': 'REDACTED'
No body was attached to the request
2026-05-26 16:33:20,862 | INFO | Response status: 202
Response headers:
    'Cache-Control': 'no-cache'
    'Pragma': 'no-cache'
    'Expires': '-1'
    'Location': 'REDACTED'
    'Retry-After': '15'
    'x-ms-ratelimit-remaining-subscription-reads': '249'
    'x-ms-ratelimit-remaining-subscription-global-reads': 'REDACTED'
    'x-ms-request-id': '1cce9e77-3da8-4e7b-bcc2-fb25a03ea960'
    'x-ms-correlation-request-id': 'REDACTED'
    'x-ms-routing-request-id': 'REDACTED'
    'Strict-Transport-Security': 'REDACTED'
    'X-Content-Type-Options': 'REDACTED'
    'X-Cache': 'REDACTED'
    'X-MSEdge-Ref': 'Ref A: CAE8F580B11D4A1D887FC92892866A64 Ref B: PNQ231110909034 Ref C: 2026-05-26T11:03:20Z'
    'Date': 'Tue, 26 May 2026 11:03:19 GMT'
    'Content-Length': '0'
2026-05-26 16:33:35,863 | INFO | Request URL: 'https://management.azure.com/subscriptions/a8bd7b1b-b9aa-4283-aec4-2040b847d926/operationresults/eyJqb2JJZCI6IlJFU09VUkNFR1JPVVBERUxFVElPTkpPQi1BVVRPUFJPSkVDVFJHLUNFTlRSQUxJTkRJQSIsImpvYkxvY2F0aW9uIjoiY2VudHJhbGluZGlhIiwiam9iU3RvcmFnZUFjY291bnQiOiIvY3NtL3N0b3JhZ2VhY2NvdW50cy9nbG9iYWwvcnBmZGxqb2IwMHByb2RwbjA0In0?api-version=2025-04-01&t=REDACTED&c=REDACTED&s=REDACTED&h=REDACTED'
Request method: 'GET'
Request headers:
    'x-ms-client-request-id': '2cbcc7fd-58f2-11f1-a39a-4c034fe7e914'
    'User-Agent': 'azsdk-python-mgmt-resource/25.0.0 Python/3.12.0 (Windows-11-10.0.22621-SP0)'
    'Authorization': 'REDACTED'
No body was attached to the request
2026-05-26 16:33:36,375 | INFO | Response status: 202
Response headers:
    'Cache-Control': 'no-cache'
    'Pragma': 'no-cache'
    'Expires': '-1'
    'Location': 'REDACTED'
    'Retry-After': '15'
    'x-ms-ratelimit-remaining-subscription-reads': '249'
    'x-ms-ratelimit-remaining-subscription-global-reads': 'REDACTED'
    'x-ms-request-id': 'a6f4d0bb-bb31-4b51-b297-2dd1836976a1'
    'x-ms-correlation-request-id': 'REDACTED'
    'x-ms-routing-request-id': 'REDACTED'
    'Strict-Transport-Security': 'REDACTED'
    'X-Content-Type-Options': 'REDACTED'
    'X-Cache': 'REDACTED'
    'X-MSEdge-Ref': 'Ref A: 493A6368520D4B279D29FD5FD5EE3DC5 Ref B: PNQ231110909034 Ref C: 2026-05-26T11:03:35Z'
    'Date': 'Tue, 26 May 2026 11:03:34 GMT'
    'Content-Length': '0'
2026-05-26 16:33:51,376 | INFO | Request URL: 'https://management.azure.com/subscriptions/a8bd7b1b-b9aa-4283-aec4-2040b847d926/operationresults/eyJqb2JJZCI6IlJFU09VUkNFR1JPVVBERUxFVElPTkpPQi1BVVRPUFJPSkVDVFJHLUNFTlRSQUxJTkRJQSIsImpvYkxvY2F0aW9uIjoiY2VudHJhbGluZGlhIiwiam9iU3RvcmFnZUFjY291bnQiOiIvY3NtL3N0b3JhZ2VhY2NvdW50cy9nbG9iYWwvcnBmZGxqb2IwMHByb2RwbjA0In0?api-version=2025-04-01&t=REDACTED&c=REDACTED&s=REDACTED&h=REDACTED'
Request method: 'GET'
Request headers:
    'x-ms-client-request-id': '2cbcc7fd-58f2-11f1-a39a-4c034fe7e914'
    'User-Agent': 'azsdk-python-mgmt-resource/25.0.0 Python/3.12.0 (Windows-11-10.0.22621-SP0)'
    'Authorization': 'REDACTED'
No body was attached to the request
2026-05-26 16:33:51,780 | INFO | Response status: 202
Response headers:
    'Cache-Control': 'no-cache'
    'Pragma': 'no-cache'
    'Expires': '-1'
    'Location': 'REDACTED'
    'Retry-After': '15'
    'x-ms-ratelimit-remaining-subscription-reads': '249'
    'x-ms-ratelimit-remaining-subscription-global-reads': 'REDACTED'
    'x-ms-request-id': '78e11cbd-43d6-4272-a40d-efb37b2d5f3d'
    'x-ms-correlation-request-id': 'REDACTED'
    'x-ms-routing-request-id': 'REDACTED'
    'Strict-Transport-Security': 'REDACTED'
    'X-Content-Type-Options': 'REDACTED'
    'X-Cache': 'REDACTED'
    'X-MSEdge-Ref': 'Ref A: C055084E2C5844EEA736A4985885107E Ref B: PNQ231110909034 Ref C: 2026-05-26T11:03:51Z'
    'Date': 'Tue, 26 May 2026 11:03:50 GMT'
    'Content-Length': '0'
2026-05-26 16:34:06,781 | INFO | Request URL: 'https://management.azure.com/subscriptions/a8bd7b1b-b9aa-4283-aec4-2040b847d926/operationresults/eyJqb2JJZCI6IlJFU09VUkNFR1JPVVBERUxFVElPTkpPQi1BVVRPUFJPSkVDVFJHLUNFTlRSQUxJTkRJQSIsImpvYkxvY2F0aW9uIjoiY2VudHJhbGluZGlhIiwiam9iU3RvcmFnZUFjY291bnQiOiIvY3NtL3N0b3JhZ2VhY2NvdW50cy9nbG9iYWwvcnBmZGxqb2IwMHByb2RwbjA0In0?api-version=2025-04-01&t=REDACTED&c=REDACTED&s=REDACTED&h=REDACTED'
Request method: 'GET'
Request headers:
    'x-ms-client-request-id': '2cbcc7fd-58f2-11f1-a39a-4c034fe7e914'
    'User-Agent': 'azsdk-python-mgmt-resource/25.0.0 Python/3.12.0 (Windows-11-10.0.22621-SP0)'
    'Authorization': 'REDACTED'
No body was attached to the request
2026-05-26 16:34:07,023 | INFO | Response status: 200
Response headers:
    'Cache-Control': 'no-cache'
    'Pragma': 'no-cache'
    'Expires': '-1'
    'x-ms-ratelimit-remaining-subscription-reads': '249'
    'x-ms-ratelimit-remaining-subscription-global-reads': 'REDACTED'
    'x-ms-request-id': 'b829c794-f0b0-4f2e-bd65-e69893742f20'
    'x-ms-correlation-request-id': 'REDACTED'
    'x-ms-routing-request-id': 'REDACTED'
    'Strict-Transport-Security': 'REDACTED'
    'X-Content-Type-Options': 'REDACTED'
    'X-Cache': 'REDACTED'
    'X-MSEdge-Ref': 'Ref A: 8FD5ABF7CB4940A79E14F64F4850E047 Ref B: PNQ231110909034 Ref C: 2026-05-26T11:04:06Z'
    'Date': 'Tue, 26 May 2026 11:04:05 GMT'
    'Content-Length': '0'
2026-05-26 16:34:07,024 | INFO | Deleted Resource Group: AutoProjectRG
