2026-05-25 13:42:55,541 | INFO | Infrastructure creation started
2026-05-25 13:42:57,219 | INFO | AzureCliCredential.get_token_info succeeded
2026-05-25 13:42:57,220 | INFO | Request URL: 'https://management.azure.com/subscriptions/a8bd7b1b-b9aa-4283-aec4-2040b847d926/resourcegroups/AutoProjectRG?api-version=2025-04-01'
Request method: 'HEAD'
Request headers:
    'Accept': 'application/json'
    'x-ms-client-request-id': '88a55d6d-5811-11f1-a803-088fc34e0447'
    'User-Agent': 'azsdk-python-mgmt-resource/25.0.0 Python/3.12.0 (Windows-11-10.0.22621-SP0)'
    'Authorization': 'REDACTED'
No body was attached to the request
2026-05-25 13:42:58,595 | INFO | Response status: 404
Response headers:
    'Cache-Control': 'no-cache'
    'Pragma': 'no-cache'
    'Content-Length': '0'
    'Expires': '-1'
    'x-ms-failure-cause': 'REDACTED'
    'x-ms-ratelimit-remaining-subscription-reads': '249'
    'x-ms-ratelimit-remaining-subscription-global-reads': 'REDACTED'
    'x-ms-request-id': '28b4f4ed-132c-47bb-9a66-09b1968699f5'
    'x-ms-correlation-request-id': 'REDACTED'
    'x-ms-routing-request-id': 'REDACTED'
    'Strict-Transport-Security': 'REDACTED'
    'X-Content-Type-Options': 'REDACTED'
    'X-Cache': 'REDACTED'
    'X-MSEdge-Ref': 'Ref A: EA351CBC291549A5A43662696D3A80B0 Ref B: PNQ231110909023 Ref C: 2026-05-25T08:12:57Z'
    'Date': 'Mon, 25 May 2026 08:12:58 GMT'
2026-05-25 13:42:58,596 | INFO | Request URL: 'https://management.azure.com/subscriptions/a8bd7b1b-b9aa-4283-aec4-2040b847d926/resourcegroups/AutoProjectRG?api-version=2025-04-01'
Request method: 'PUT'
Request headers:
    'Content-Type': 'application/json'
    'Content-Length': '28'
    'Accept': 'application/json'
    'x-ms-client-request-id': '8a7777cf-5811-11f1-94f6-088fc34e0447'
    'User-Agent': 'azsdk-python-mgmt-resource/25.0.0 Python/3.12.0 (Windows-11-10.0.22621-SP0)'
    'Authorization': 'REDACTED'
A body is sent with the request
2026-05-25 13:43:01,157 | INFO | Response status: 201
Response headers:
    'Cache-Control': 'no-cache'
    'Pragma': 'no-cache'
    'Content-Length': '229'
    'Content-Type': 'application/json; charset=utf-8'
    'Expires': '-1'
    'x-ms-ratelimit-remaining-subscription-writes': '199'
    'x-ms-ratelimit-remaining-subscription-global-writes': 'REDACTED'
    'x-ms-request-id': '42340cd9-2778-4e90-986f-bf3f1cbb3c20'
    'x-ms-correlation-request-id': 'REDACTED'
    'x-ms-routing-request-id': 'REDACTED'
    'Strict-Transport-Security': 'REDACTED'
    'X-Content-Type-Options': 'REDACTED'
    'X-Cache': 'REDACTED'
    'X-MSEdge-Ref': 'Ref A: C90FF9311C8D4310B365761FD995EF61 Ref B: PNQ231110909023 Ref C: 2026-05-25T08:12:58Z'
    'Date': 'Mon, 25 May 2026 08:13:01 GMT'
2026-05-25 13:43:01,160 | INFO | Resource Group created: AutoProjectRG
2026-05-25 13:43:02,390 | INFO | AzureCliCredential.get_token_info succeeded
2026-05-25 13:43:02,390 | INFO | Request URL: 'https://management.azure.com/subscriptions/a8bd7b1b-b9aa-4283-aec4-2040b847d926/resourceGroups/AutoProjectRG/providers/Microsoft.Network/virtualNetworks/ProjectVNet?api-version=2025-05-01'
Request method: 'PUT'
Request headers:
    'Content-Type': 'application/json'
    'Content-Length': '98'
    'Accept': 'application/json'
    'x-ms-client-request-id': '8bfed573-5811-11f1-a25f-088fc34e0447'
    'User-Agent': 'azsdk-python-mgmt-network/30.2.0 Python/3.12.0 (Windows-11-10.0.22621-SP0)'
    'Authorization': 'REDACTED'
A body is sent with the request
2026-05-25 13:43:03,739 | INFO | Response status: 201
Response headers:
    'Cache-Control': 'no-cache'
    'Pragma': 'no-cache'
    'Content-Length': '549'
    'Content-Type': 'application/json; charset=utf-8'
    'Expires': '-1'
    'Retry-After': '3'
    'x-ms-request-id': '4972450b-cd04-457b-aec4-15e1859537f2'
    'Azure-AsyncOperation': 'REDACTED'
    'x-ms-throttle-levels': 'REDACTED'
    'x-ms-correlation-request-id': 'REDACTED'
    'Azure-AsyncNotification': 'REDACTED'
    'x-ms-arm-service-request-id': 'REDACTED'
    'Strict-Transport-Security': 'REDACTED'
    'x-ms-operation-identifier': 'REDACTED'
    'x-ms-ratelimit-remaining-subscription-writes': '199'
    'x-ms-ratelimit-remaining-subscription-global-writes': 'REDACTED'
    'x-ms-routing-request-id': 'REDACTED'
    'X-Content-Type-Options': 'REDACTED'
    'X-Cache': 'REDACTED'
    'X-MSEdge-Ref': 'Ref A: EC3C3488B05E4917BF030D9398BF131B Ref B: PNQ231110906036 Ref C: 2026-05-25T08:13:02Z'
    'Date': 'Mon, 25 May 2026 08:13:03 GMT'
2026-05-25 13:43:03,741 | INFO | Request URL: 'https://management.azure.com/subscriptions/a8bd7b1b-b9aa-4283-aec4-2040b847d926/providers/Microsoft.Network/locations/centralindia/operations/4972450b-cd04-457b-aec4-15e1859537f2?api-version=2025-05-01&t=REDACTED&c=REDACTED&s=REDACTED&h=REDACTED'
Request method: 'GET'
Request headers:
    'x-ms-client-request-id': '8bfed573-5811-11f1-a25f-088fc34e0447'
    'User-Agent': 'azsdk-python-mgmt-network/30.2.0 Python/3.12.0 (Windows-11-10.0.22621-SP0)'
    'Authorization': 'REDACTED'
No body was attached to the request
2026-05-25 13:43:04,353 | INFO | Response status: 200
Response headers:
    'Cache-Control': 'no-cache'
    'Pragma': 'no-cache'
    'Content-Length': '23'
    'Content-Type': 'application/json; charset=utf-8'
    'Expires': '-1'
    'Retry-After': '10'
    'x-ms-request-id': '78573817-9272-4a28-9373-6902580e3a7e'
    'x-ms-throttle-levels': 'REDACTED'
    'x-ms-correlation-request-id': 'REDACTED'
    'x-ms-arm-service-request-id': 'REDACTED'
    'Strict-Transport-Security': 'REDACTED'
    'x-ms-operation-identifier': 'REDACTED'
    'x-ms-ratelimit-remaining-subscription-reads': '249'
    'x-ms-ratelimit-remaining-subscription-global-reads': 'REDACTED'
    'x-ms-routing-request-id': 'REDACTED'
    'X-Content-Type-Options': 'REDACTED'
    'X-Cache': 'REDACTED'
    'X-MSEdge-Ref': 'Ref A: E889F5C67C0B4ED39E5A61146584596E Ref B: PNQ231110906036 Ref C: 2026-05-25T08:13:03Z'
    'Date': 'Mon, 25 May 2026 08:13:04 GMT'
2026-05-25 13:43:14,356 | INFO | Request URL: 'https://management.azure.com/subscriptions/a8bd7b1b-b9aa-4283-aec4-2040b847d926/providers/Microsoft.Network/locations/centralindia/operations/4972450b-cd04-457b-aec4-15e1859537f2?api-version=2025-05-01&t=REDACTED&c=REDACTED&s=REDACTED&h=REDACTED'
Request method: 'GET'
Request headers:
    'x-ms-client-request-id': '8bfed573-5811-11f1-a25f-088fc34e0447'
    'User-Agent': 'azsdk-python-mgmt-network/30.2.0 Python/3.12.0 (Windows-11-10.0.22621-SP0)'
    'Authorization': 'REDACTED'
No body was attached to the request
2026-05-25 13:43:15,255 | INFO | Response status: 200
Response headers:
    'Cache-Control': 'no-cache'
    'Pragma': 'no-cache'
    'Content-Length': '22'
    'Content-Type': 'application/json; charset=utf-8'
    'Expires': '-1'
    'x-ms-request-id': 'b781b874-3a9c-4546-ab8c-f6e69a3b65ef'
    'x-ms-throttle-levels': 'REDACTED'
    'x-ms-correlation-request-id': 'REDACTED'
    'x-ms-arm-service-request-id': 'REDACTED'
    'Strict-Transport-Security': 'REDACTED'
    'x-ms-operation-identifier': 'REDACTED'
    'x-ms-ratelimit-remaining-subscription-reads': '249'
    'x-ms-ratelimit-remaining-subscription-global-reads': 'REDACTED'
    'x-ms-routing-request-id': 'REDACTED'
    'X-Content-Type-Options': 'REDACTED'
    'X-Cache': 'REDACTED'
    'X-MSEdge-Ref': 'Ref A: 6E591357D261499B84B60F2B4C00FE7B Ref B: PNQ231110906036 Ref C: 2026-05-25T08:13:14Z'
    'Date': 'Mon, 25 May 2026 08:13:15 GMT'
2026-05-25 13:43:15,256 | INFO | Request URL: 'https://management.azure.com/subscriptions/a8bd7b1b-b9aa-4283-aec4-2040b847d926/resourceGroups/AutoProjectRG/providers/Microsoft.Network/virtualNetworks/ProjectVNet?api-version=2025-05-01'
Request method: 'GET'
Request headers:
    'x-ms-client-request-id': '8bfed573-5811-11f1-a25f-088fc34e0447'
    'User-Agent': 'azsdk-python-mgmt-network/30.2.0 Python/3.12.0 (Windows-11-10.0.22621-SP0)'
    'Authorization': 'REDACTED'
No body was attached to the request
2026-05-25 13:43:15,737 | INFO | Response status: 200
Response headers:
    'Cache-Control': 'no-cache'
    'Pragma': 'no-cache'
    'Content-Length': '550'
    'Content-Type': 'application/json; charset=utf-8'
    'Expires': '-1'
    'x-ms-request-id': '18bc6d9f-750d-4b44-af36-38869760bcd5'
    'x-ms-throttle-levels': 'REDACTED'
    'x-ms-correlation-request-id': 'REDACTED'
    'x-ms-arm-service-request-id': 'REDACTED'
    'Strict-Transport-Security': 'REDACTED'
    'x-ms-ratelimit-remaining-subscription-reads': '249'
    'x-ms-ratelimit-remaining-subscription-global-reads': 'REDACTED'
    'x-ms-routing-request-id': 'REDACTED'
    'X-Content-Type-Options': 'REDACTED'
    'X-Cache': 'REDACTED'
    'X-MSEdge-Ref': 'Ref A: 4A75D620106D4301A8248A49F20CF45C Ref B: PNQ231110906036 Ref C: 2026-05-25T08:13:15Z'
    'Date': 'Mon, 25 May 2026 08:13:15 GMT'
2026-05-25 13:43:15,739 | INFO | Virtual Network created
2026-05-25 13:43:15,741 | INFO | Request URL: 'https://management.azure.com/subscriptions/a8bd7b1b-b9aa-4283-aec4-2040b847d926/resourceGroups/AutoProjectRG/providers/Microsoft.Network/virtualNetworks/ProjectVNet/subnets/DefaultSubnet?api-version=2025-05-01'
Request method: 'PUT'
Request headers:
    'Content-Type': 'application/json'
    'Content-Length': '48'
    'Accept': 'application/json'
    'x-ms-client-request-id': '94af8842-5811-11f1-94f1-088fc34e0447'
    'User-Agent': 'azsdk-python-mgmt-network/30.2.0 Python/3.12.0 (Windows-11-10.0.22621-SP0)'
    'Authorization': 'REDACTED'
A body is sent with the request
2026-05-25 13:43:16,431 | INFO | Response status: 201
Response headers:
    'Cache-Control': 'no-cache'
    'Pragma': 'no-cache'
    'Content-Length': '476'
    'Content-Type': 'application/json; charset=utf-8'
    'Expires': '-1'
    'Retry-After': '3'
    'x-ms-request-id': '7931ca3d-ea03-4bd3-8401-0bf7b07faee3'
    'Azure-AsyncOperation': 'REDACTED'
    'x-ms-throttle-levels': 'REDACTED'
    'x-ms-correlation-request-id': 'REDACTED'
    'Azure-AsyncNotification': 'REDACTED'
    'x-ms-arm-service-request-id': 'REDACTED'
    'Strict-Transport-Security': 'REDACTED'
    'x-ms-operation-identifier': 'REDACTED'
    'x-ms-ratelimit-remaining-subscription-writes': '199'
    'x-ms-ratelimit-remaining-subscription-global-writes': 'REDACTED'
    'x-ms-routing-request-id': 'REDACTED'
    'X-Content-Type-Options': 'REDACTED'
    'X-Cache': 'REDACTED'
    'X-MSEdge-Ref': 'Ref A: 14D8BF1545D44B7D9B3439BFFDD0B66F Ref B: PNQ231110906036 Ref C: 2026-05-25T08:13:15Z'
    'Date': 'Mon, 25 May 2026 08:13:16 GMT'
2026-05-25 13:43:16,433 | INFO | Request URL: 'https://management.azure.com/subscriptions/a8bd7b1b-b9aa-4283-aec4-2040b847d926/providers/Microsoft.Network/locations/centralindia/operations/7931ca3d-ea03-4bd3-8401-0bf7b07faee3?api-version=2025-05-01&t=REDACTED&c=REDACTED&s=REDACTED&h=REDACTED'
Request method: 'GET'
Request headers:
    'x-ms-client-request-id': '94af8842-5811-11f1-94f1-088fc34e0447'
    'User-Agent': 'azsdk-python-mgmt-network/30.2.0 Python/3.12.0 (Windows-11-10.0.22621-SP0)'
    'Authorization': 'REDACTED'
No body was attached to the request
2026-05-25 13:43:16,560 | INFO | Response status: 200
Response headers:
    'Cache-Control': 'no-cache'
    'Pragma': 'no-cache'
    'Content-Length': '23'
    'Content-Type': 'application/json; charset=utf-8'
    'Expires': '-1'
    'Retry-After': '10'
    'x-ms-request-id': '5157b81b-ccd1-4bf0-85f7-c111a662f029'
    'x-ms-throttle-levels': 'REDACTED'
    'x-ms-correlation-request-id': 'REDACTED'
    'x-ms-arm-service-request-id': 'REDACTED'
    'Strict-Transport-Security': 'REDACTED'
    'x-ms-operation-identifier': 'REDACTED'
    'x-ms-ratelimit-remaining-subscription-reads': '249'
    'x-ms-ratelimit-remaining-subscription-global-reads': 'REDACTED'
    'x-ms-routing-request-id': 'REDACTED'
    'X-Content-Type-Options': 'REDACTED'
    'X-Cache': 'REDACTED'
    'X-MSEdge-Ref': 'Ref A: FC3087A908A145139A43AFB53233AE70 Ref B: PNQ231110906036 Ref C: 2026-05-25T08:13:16Z'
    'Date': 'Mon, 25 May 2026 08:13:16 GMT'
2026-05-25 13:43:26,562 | INFO | Request URL: 'https://management.azure.com/subscriptions/a8bd7b1b-b9aa-4283-aec4-2040b847d926/providers/Microsoft.Network/locations/centralindia/operations/7931ca3d-ea03-4bd3-8401-0bf7b07faee3?api-version=2025-05-01&t=REDACTED&c=REDACTED&s=REDACTED&h=REDACTED'
Request method: 'GET'
Request headers:
    'x-ms-client-request-id': '94af8842-5811-11f1-94f1-088fc34e0447'
    'User-Agent': 'azsdk-python-mgmt-network/30.2.0 Python/3.12.0 (Windows-11-10.0.22621-SP0)'
    'Authorization': 'REDACTED'
No body was attached to the request
2026-05-25 13:43:26,651 | INFO | Response status: 200
Response headers:
    'Cache-Control': 'no-cache'
    'Pragma': 'no-cache'
    'Content-Length': '22'
    'Content-Type': 'application/json; charset=utf-8'
    'Expires': '-1'
    'x-ms-request-id': '43b57dcf-c01a-4276-b69c-a2372be7d617'
    'x-ms-throttle-levels': 'REDACTED'
    'x-ms-correlation-request-id': 'REDACTED'
    'x-ms-arm-service-request-id': 'REDACTED'
    'Strict-Transport-Security': 'REDACTED'
    'x-ms-operation-identifier': 'REDACTED'
    'x-ms-ratelimit-remaining-subscription-reads': '249'
    'x-ms-ratelimit-remaining-subscription-global-reads': 'REDACTED'
    'x-ms-routing-request-id': 'REDACTED'
    'X-Content-Type-Options': 'REDACTED'
    'X-Cache': 'REDACTED'
    'X-MSEdge-Ref': 'Ref A: 5719463900D74295921DB46280063CD5 Ref B: PNQ231110906036 Ref C: 2026-05-25T08:13:26Z'
    'Date': 'Mon, 25 May 2026 08:13:26 GMT'
2026-05-25 13:43:26,652 | INFO | Request URL: 'https://management.azure.com/subscriptions/a8bd7b1b-b9aa-4283-aec4-2040b847d926/resourceGroups/AutoProjectRG/providers/Microsoft.Network/virtualNetworks/ProjectVNet/subnets/DefaultSubnet?api-version=2025-05-01'
Request method: 'GET'
Request headers:
    'x-ms-client-request-id': '94af8842-5811-11f1-94f1-088fc34e0447'
    'User-Agent': 'azsdk-python-mgmt-network/30.2.0 Python/3.12.0 (Windows-11-10.0.22621-SP0)'
    'Authorization': 'REDACTED'
No body was attached to the request
2026-05-25 13:43:26,863 | INFO | Response status: 200
Response headers:
    'Cache-Control': 'no-cache'
    'Pragma': 'no-cache'
    'Content-Length': '477'
    'Content-Type': 'application/json; charset=utf-8'
    'Expires': '-1'
    'ETag': 'W/"c8ffd5ab-403d-4622-9e33-766294afca45"'
    'x-ms-request-id': '0c9ccbc6-ad4b-4d89-80c5-d234c9f7dfc5'
    'x-ms-throttle-levels': 'REDACTED'
    'x-ms-correlation-request-id': 'REDACTED'
    'x-ms-arm-service-request-id': 'REDACTED'
    'Strict-Transport-Security': 'REDACTED'
    'x-ms-operation-identifier': 'REDACTED'
    'x-ms-ratelimit-remaining-subscription-reads': '249'
    'x-ms-ratelimit-remaining-subscription-global-reads': 'REDACTED'
    'x-ms-routing-request-id': 'REDACTED'
    'X-Content-Type-Options': 'REDACTED'
    'X-Cache': 'REDACTED'
    'X-MSEdge-Ref': 'Ref A: C5C9EB51DE0248D8B65128162C05FC4C Ref B: PNQ231110906036 Ref C: 2026-05-25T08:13:26Z'
    'Date': 'Mon, 25 May 2026 08:13:26 GMT'
2026-05-25 13:43:26,864 | INFO | Subnet created
2026-05-25 13:43:26,866 | INFO | Request URL: 'https://management.azure.com/subscriptions/a8bd7b1b-b9aa-4283-aec4-2040b847d926/resourceGroups/AutoProjectRG/providers/Microsoft.Network/publicIPAddresses/ProjectPublicIP?api-version=2025-05-01'
Request method: 'PUT'
Request headers:
    'Content-Type': 'application/json'
    'Content-Length': '111'
    'Accept': 'application/json'
    'x-ms-client-request-id': '9b50da3d-5811-11f1-97a5-088fc34e0447'
    'User-Agent': 'azsdk-python-mgmt-network/30.2.0 Python/3.12.0 (Windows-11-10.0.22621-SP0)'
    'Authorization': 'REDACTED'
A body is sent with the request
2026-05-25 13:43:27,800 | INFO | Response status: 201
Response headers:
    'Cache-Control': 'no-cache'
    'Pragma': 'no-cache'
    'Content-Length': '608'
    'Content-Type': 'application/json; charset=utf-8'
    'Expires': '-1'
    'Retry-After': '1'
    'x-ms-request-id': '0f17545b-053f-4e4c-b56a-7ede7c4b99ac'
    'Azure-AsyncOperation': 'REDACTED'
    'x-ms-throttle-levels': 'REDACTED'
    'x-ms-correlation-request-id': 'REDACTED'
    'azure-asyncnotification': 'REDACTED'
    'x-ms-arm-service-request-id': 'REDACTED'
    'Strict-Transport-Security': 'REDACTED'
    'x-ms-operation-identifier': 'REDACTED'
    'x-ms-ratelimit-remaining-subscription-writes': '199'
    'x-ms-ratelimit-remaining-subscription-global-writes': 'REDACTED'
    'x-ms-routing-request-id': 'REDACTED'
    'X-Content-Type-Options': 'REDACTED'
    'X-Cache': 'REDACTED'
    'X-MSEdge-Ref': 'Ref A: 114393EA565A450B8E0C474C296EE3F4 Ref B: PNQ231110906036 Ref C: 2026-05-25T08:13:26Z'
    'Date': 'Mon, 25 May 2026 08:13:27 GMT'
2026-05-25 13:43:27,801 | INFO | Request URL: 'https://management.azure.com/subscriptions/a8bd7b1b-b9aa-4283-aec4-2040b847d926/providers/Microsoft.Network/locations/centralindia/operations/0f17545b-053f-4e4c-b56a-7ede7c4b99ac?api-version=2025-05-01&t=REDACTED&c=REDACTED&s=REDACTED&h=REDACTED'
Request method: 'GET'
Request headers:
    'x-ms-client-request-id': '9b50da3d-5811-11f1-97a5-088fc34e0447'
    'User-Agent': 'azsdk-python-mgmt-network/30.2.0 Python/3.12.0 (Windows-11-10.0.22621-SP0)'
    'Authorization': 'REDACTED'
No body was attached to the request
2026-05-25 13:43:27,964 | INFO | Response status: 200
Response headers:
    'Cache-Control': 'no-cache'
    'Pragma': 'no-cache'
    'Content-Length': '23'
    'Content-Type': 'application/json; charset=utf-8'
    'Expires': '-1'
    'Retry-After': '2'
    'x-ms-request-id': 'bbafe1a3-1d9d-48ab-b347-8d43272b8b7a'
    'x-ms-throttle-levels': 'REDACTED'
    'x-ms-correlation-request-id': 'REDACTED'
    'x-ms-arm-service-request-id': 'REDACTED'
    'Strict-Transport-Security': 'REDACTED'
    'x-ms-operation-identifier': 'REDACTED'
    'x-ms-ratelimit-remaining-subscription-reads': '249'
    'x-ms-ratelimit-remaining-subscription-global-reads': 'REDACTED'
    'x-ms-routing-request-id': 'REDACTED'
    'X-Content-Type-Options': 'REDACTED'
    'X-Cache': 'REDACTED'
    'X-MSEdge-Ref': 'Ref A: CE99069484C94C8B9DE42A35E8768AEB Ref B: PNQ231110906036 Ref C: 2026-05-25T08:13:27Z'
    'Date': 'Mon, 25 May 2026 08:13:27 GMT'
2026-05-25 13:43:29,966 | INFO | Request URL: 'https://management.azure.com/subscriptions/a8bd7b1b-b9aa-4283-aec4-2040b847d926/providers/Microsoft.Network/locations/centralindia/operations/0f17545b-053f-4e4c-b56a-7ede7c4b99ac?api-version=2025-05-01&t=REDACTED&c=REDACTED&s=REDACTED&h=REDACTED'
Request method: 'GET'
Request headers:
    'x-ms-client-request-id': '9b50da3d-5811-11f1-97a5-088fc34e0447'
    'User-Agent': 'azsdk-python-mgmt-network/30.2.0 Python/3.12.0 (Windows-11-10.0.22621-SP0)'
    'Authorization': 'REDACTED'
No body was attached to the request
2026-05-25 13:43:30,288 | INFO | Response status: 200
Response headers:
    'Cache-Control': 'no-cache'
    'Pragma': 'no-cache'
    'Content-Length': '22'
    'Content-Type': 'application/json; charset=utf-8'
    'Expires': '-1'
    'x-ms-request-id': 'd96be652-fd8d-4fe5-bd71-d61a0021e002'
    'x-ms-throttle-levels': 'REDACTED'
    'x-ms-correlation-request-id': 'REDACTED'
    'x-ms-arm-service-request-id': 'REDACTED'
    'Strict-Transport-Security': 'REDACTED'
    'x-ms-operation-identifier': 'REDACTED'
    'x-ms-ratelimit-remaining-subscription-reads': '249'
    'x-ms-ratelimit-remaining-subscription-global-reads': 'REDACTED'
    'x-ms-routing-request-id': 'REDACTED'
    'X-Content-Type-Options': 'REDACTED'
    'X-Cache': 'REDACTED'
    'X-MSEdge-Ref': 'Ref A: 3651D15511BB44879C6F4416D5B2A468 Ref B: PNQ231110906036 Ref C: 2026-05-25T08:13:30Z'
    'Date': 'Mon, 25 May 2026 08:13:30 GMT'
2026-05-25 13:43:30,289 | INFO | Request URL: 'https://management.azure.com/subscriptions/a8bd7b1b-b9aa-4283-aec4-2040b847d926/resourceGroups/AutoProjectRG/providers/Microsoft.Network/publicIPAddresses/ProjectPublicIP?api-version=2025-05-01'
Request method: 'GET'
Request headers:
    'x-ms-client-request-id': '9b50da3d-5811-11f1-97a5-088fc34e0447'
    'User-Agent': 'azsdk-python-mgmt-network/30.2.0 Python/3.12.0 (Windows-11-10.0.22621-SP0)'
    'Authorization': 'REDACTED'
No body was attached to the request
2026-05-25 13:43:30,514 | INFO | Response status: 200
Response headers:
    'Cache-Control': 'no-cache'
    'Pragma': 'no-cache'
    'Content-Length': '638'
    'Content-Type': 'application/json; charset=utf-8'
    'Expires': '-1'
    'ETag': 'W/"9dccc837-4be3-4b97-b98e-5a6772f9abf1"'
    'x-ms-request-id': '16d3b005-05e4-42de-9614-b61813b68ffa'
    'x-ms-throttle-levels': 'REDACTED'
    'x-ms-correlation-request-id': 'REDACTED'
    'x-ms-arm-service-request-id': 'REDACTED'
    'Strict-Transport-Security': 'REDACTED'
    'x-ms-ratelimit-remaining-subscription-reads': '249'
    'x-ms-ratelimit-remaining-subscription-global-reads': 'REDACTED'
    'x-ms-routing-request-id': 'REDACTED'
    'X-Content-Type-Options': 'REDACTED'
    'X-Cache': 'REDACTED'
    'X-MSEdge-Ref': 'Ref A: DEB5E95F966F4A0094EBD2F1B058698E Ref B: PNQ231110906036 Ref C: 2026-05-25T08:13:30Z'
    'Date': 'Mon, 25 May 2026 08:13:30 GMT'
2026-05-25 13:43:30,515 | INFO | Public IP created
2026-05-25 13:43:30,517 | INFO | Request URL: 'https://management.azure.com/subscriptions/a8bd7b1b-b9aa-4283-aec4-2040b847d926/resourceGroups/AutoProjectRG/providers/Microsoft.Network/networkSecurityGroups/ProjectNSG?api-version=2025-05-01'
Request method: 'PUT'
Request headers:
    'Content-Type': 'application/json'
    'Content-Length': '28'
    'Accept': 'application/json'
    'x-ms-client-request-id': '9d7e05be-5811-11f1-8e4b-088fc34e0447'
    'User-Agent': 'azsdk-python-mgmt-network/30.2.0 Python/3.12.0 (Windows-11-10.0.22621-SP0)'
    'Authorization': 'REDACTED'
A body is sent with the request
2026-05-25 13:43:30,956 | INFO | Response status: 201
Response headers:
    'Cache-Control': 'no-cache'
    'Pragma': 'no-cache'
    'Content-Length': '4897'
    'Content-Type': 'application/json; charset=utf-8'
    'Expires': '-1'
    'Retry-After': '1'
    'x-ms-request-id': 'c809d627-789e-433b-9ddd-ae7a8fb81ae2'
    'Azure-AsyncOperation': 'REDACTED'
    'x-ms-throttle-levels': 'REDACTED'
    'x-ms-correlation-request-id': 'REDACTED'
    'Azure-AsyncNotification': 'REDACTED'
    'x-ms-arm-service-request-id': 'REDACTED'
    'Strict-Transport-Security': 'REDACTED'
    'x-ms-operation-identifier': 'REDACTED'
    'x-ms-ratelimit-remaining-subscription-writes': '199'
    'x-ms-ratelimit-remaining-subscription-global-writes': 'REDACTED'
    'x-ms-routing-request-id': 'REDACTED'
    'X-Content-Type-Options': 'REDACTED'
    'X-Cache': 'REDACTED'
    'X-MSEdge-Ref': 'Ref A: F237D1A9E9234AEB9FF39732554C0E8F Ref B: PNQ231110906036 Ref C: 2026-05-25T08:13:30Z'
    'Date': 'Mon, 25 May 2026 08:13:30 GMT'
2026-05-25 13:43:30,957 | INFO | Request URL: 'https://management.azure.com/subscriptions/a8bd7b1b-b9aa-4283-aec4-2040b847d926/providers/Microsoft.Network/locations/centralindia/operations/c809d627-789e-433b-9ddd-ae7a8fb81ae2?api-version=2025-05-01&t=REDACTED&c=REDACTED&s=REDACTED&h=REDACTED'
Request method: 'GET'
Request headers:
    'x-ms-client-request-id': '9d7e05be-5811-11f1-8e4b-088fc34e0447'
    'User-Agent': 'azsdk-python-mgmt-network/30.2.0 Python/3.12.0 (Windows-11-10.0.22621-SP0)'
    'Authorization': 'REDACTED'
No body was attached to the request
2026-05-25 13:43:31,068 | INFO | Response status: 200
Response headers:
    'Cache-Control': 'no-cache'
    'Pragma': 'no-cache'
    'Content-Length': '23'
    'Content-Type': 'application/json; charset=utf-8'
    'Expires': '-1'
    'Retry-After': '1'
    'x-ms-request-id': '8a276846-a97b-4661-82d4-aff7ac677084'
    'x-ms-throttle-levels': 'REDACTED'
    'x-ms-correlation-request-id': 'REDACTED'
    'x-ms-arm-service-request-id': 'REDACTED'
    'Strict-Transport-Security': 'REDACTED'
    'x-ms-operation-identifier': 'REDACTED'
    'x-ms-ratelimit-remaining-subscription-reads': '249'
    'x-ms-ratelimit-remaining-subscription-global-reads': 'REDACTED'
    'x-ms-routing-request-id': 'REDACTED'
    'X-Content-Type-Options': 'REDACTED'
    'X-Cache': 'REDACTED'
    'X-MSEdge-Ref': 'Ref A: CEA2E5FF031646F7902366025185D6A9 Ref B: PNQ231110906036 Ref C: 2026-05-25T08:13:31Z'
    'Date': 'Mon, 25 May 2026 08:13:30 GMT'
2026-05-25 13:43:32,070 | INFO | Request URL: 'https://management.azure.com/subscriptions/a8bd7b1b-b9aa-4283-aec4-2040b847d926/providers/Microsoft.Network/locations/centralindia/operations/c809d627-789e-433b-9ddd-ae7a8fb81ae2?api-version=2025-05-01&t=REDACTED&c=REDACTED&s=REDACTED&h=REDACTED'
Request method: 'GET'
Request headers:
    'x-ms-client-request-id': '9d7e05be-5811-11f1-8e4b-088fc34e0447'
    'User-Agent': 'azsdk-python-mgmt-network/30.2.0 Python/3.12.0 (Windows-11-10.0.22621-SP0)'
    'Authorization': 'REDACTED'
No body was attached to the request
2026-05-25 13:43:32,365 | INFO | Response status: 200
Response headers:
    'Cache-Control': 'no-cache'
    'Pragma': 'no-cache'
    'Content-Length': '22'
    'Content-Type': 'application/json; charset=utf-8'
    'Expires': '-1'
    'x-ms-request-id': '3f6a30e6-a844-416a-94ed-9af1d0dc18a8'
    'x-ms-throttle-levels': 'REDACTED'
    'x-ms-correlation-request-id': 'REDACTED'
    'x-ms-arm-service-request-id': 'REDACTED'
    'Strict-Transport-Security': 'REDACTED'
    'x-ms-operation-identifier': 'REDACTED'
    'x-ms-ratelimit-remaining-subscription-reads': '249'
    'x-ms-ratelimit-remaining-subscription-global-reads': 'REDACTED'
    'x-ms-routing-request-id': 'REDACTED'
    'X-Content-Type-Options': 'REDACTED'
    'X-Cache': 'REDACTED'
    'X-MSEdge-Ref': 'Ref A: 1450B04CADBB4F4881DA7C591CDE4858 Ref B: PNQ231110906036 Ref C: 2026-05-25T08:13:32Z'
    'Date': 'Mon, 25 May 2026 08:13:32 GMT'
2026-05-25 13:43:32,366 | INFO | Request URL: 'https://management.azure.com/subscriptions/a8bd7b1b-b9aa-4283-aec4-2040b847d926/resourceGroups/AutoProjectRG/providers/Microsoft.Network/networkSecurityGroups/ProjectNSG?api-version=2025-05-01'
Request method: 'GET'
Request headers:
    'x-ms-client-request-id': '9d7e05be-5811-11f1-8e4b-088fc34e0447'
    'User-Agent': 'azsdk-python-mgmt-network/30.2.0 Python/3.12.0 (Windows-11-10.0.22621-SP0)'
    'Authorization': 'REDACTED'
No body was attached to the request
2026-05-25 13:43:32,840 | INFO | Response status: 200
Response headers:
    'Cache-Control': 'no-cache'
    'Pragma': 'no-cache'
    'Content-Length': '4904'
    'Content-Type': 'application/json; charset=utf-8'
    'Expires': '-1'
    'ETag': 'W/"18641799-5e17-4686-ab1b-dc4d3cff675c"'
    'x-ms-request-id': '41a30a98-236e-4a87-8d04-3411526e4cc3'
    'x-ms-throttle-levels': 'REDACTED'
    'x-ms-correlation-request-id': 'REDACTED'
    'x-ms-arm-service-request-id': 'REDACTED'
    'Strict-Transport-Security': 'REDACTED'
    'x-ms-ratelimit-remaining-subscription-reads': '249'
    'x-ms-ratelimit-remaining-subscription-global-reads': 'REDACTED'
    'x-ms-routing-request-id': 'REDACTED'
    'X-Content-Type-Options': 'REDACTED'
    'X-Cache': 'REDACTED'
    'X-MSEdge-Ref': 'Ref A: 18812F83889C4C75A3E8D35AD14A3C5C Ref B: PNQ231110906036 Ref C: 2026-05-25T08:13:32Z'
    'Date': 'Mon, 25 May 2026 08:13:32 GMT'
2026-05-25 13:43:32,842 | INFO | NSG created
2026-05-25 13:43:32,843 | INFO | Request URL: 'https://management.azure.com/subscriptions/a8bd7b1b-b9aa-4283-aec4-2040b847d926/resourceGroups/AutoProjectRG/providers/Microsoft.Network/networkSecurityGroups/ProjectNSG/securityRules/AllowSSH?api-version=2025-05-01'
Request method: 'PUT'
Request headers:
    'Content-Type': 'application/json'
    'Content-Length': '211'
    'Accept': 'application/json'
    'x-ms-client-request-id': '9ee11299-5811-11f1-98ae-088fc34e0447'
    'User-Agent': 'azsdk-python-mgmt-network/30.2.0 Python/3.12.0 (Windows-11-10.0.22621-SP0)'
    'Authorization': 'REDACTED'
A body is sent with the request
2026-05-25 13:43:33,554 | INFO | Response status: 201
Response headers:
    'Cache-Control': 'no-cache'
    'Pragma': 'no-cache'
    'Content-Length': '639'
    'Content-Type': 'application/json; charset=utf-8'
    'Expires': '-1'
    'Retry-After': '1'
    'x-ms-request-id': '2a6e5d9a-22ed-4d1a-8628-c37dedf94cfc'
    'Azure-AsyncOperation': 'REDACTED'
    'x-ms-throttle-levels': 'REDACTED'
    'x-ms-correlation-request-id': 'REDACTED'
    'Azure-AsyncNotification': 'REDACTED'
    'x-ms-arm-service-request-id': 'REDACTED'
    'Strict-Transport-Security': 'REDACTED'
    'x-ms-operation-identifier': 'REDACTED'
    'x-ms-ratelimit-remaining-subscription-writes': '199'
    'x-ms-ratelimit-remaining-subscription-global-writes': 'REDACTED'
    'x-ms-routing-request-id': 'REDACTED'
    'X-Content-Type-Options': 'REDACTED'
    'X-Cache': 'REDACTED'
    'X-MSEdge-Ref': 'Ref A: 450BC04E0BC840C2B9AFD6DF9B73CDF9 Ref B: PNQ231110906036 Ref C: 2026-05-25T08:13:32Z'
    'Date': 'Mon, 25 May 2026 08:13:33 GMT'
2026-05-25 13:43:33,556 | INFO | Request URL: 'https://management.azure.com/subscriptions/a8bd7b1b-b9aa-4283-aec4-2040b847d926/providers/Microsoft.Network/locations/centralindia/operations/2a6e5d9a-22ed-4d1a-8628-c37dedf94cfc?api-version=2025-05-01&t=REDACTED&c=REDACTED&s=REDACTED&h=REDACTED'
Request method: 'GET'
Request headers:
    'x-ms-client-request-id': '9ee11299-5811-11f1-98ae-088fc34e0447'
    'User-Agent': 'azsdk-python-mgmt-network/30.2.0 Python/3.12.0 (Windows-11-10.0.22621-SP0)'
    'Authorization': 'REDACTED'
No body was attached to the request
2026-05-25 13:43:33,683 | INFO | Response status: 200
Response headers:
    'Cache-Control': 'no-cache'
    'Pragma': 'no-cache'
    'Content-Length': '23'
    'Content-Type': 'application/json; charset=utf-8'
    'Expires': '-1'
    'Retry-After': '1'
    'x-ms-request-id': '2effa54d-1328-4650-b9f0-2892600b0b7a'
    'x-ms-throttle-levels': 'REDACTED'
    'x-ms-correlation-request-id': 'REDACTED'
    'x-ms-arm-service-request-id': 'REDACTED'
    'Strict-Transport-Security': 'REDACTED'
    'x-ms-operation-identifier': 'REDACTED'
    'x-ms-ratelimit-remaining-subscription-reads': '249'
    'x-ms-ratelimit-remaining-subscription-global-reads': 'REDACTED'
    'x-ms-routing-request-id': 'REDACTED'
    'X-Content-Type-Options': 'REDACTED'
    'X-Cache': 'REDACTED'
    'X-MSEdge-Ref': 'Ref A: 7EC236F990C140328B1F64EEFF84861D Ref B: PNQ231110906036 Ref C: 2026-05-25T08:13:33Z'
    'Date': 'Mon, 25 May 2026 08:13:33 GMT'
2026-05-25 13:43:34,684 | INFO | Request URL: 'https://management.azure.com/subscriptions/a8bd7b1b-b9aa-4283-aec4-2040b847d926/providers/Microsoft.Network/locations/centralindia/operations/2a6e5d9a-22ed-4d1a-8628-c37dedf94cfc?api-version=2025-05-01&t=REDACTED&c=REDACTED&s=REDACTED&h=REDACTED'
Request method: 'GET'
Request headers:
    'x-ms-client-request-id': '9ee11299-5811-11f1-98ae-088fc34e0447'
    'User-Agent': 'azsdk-python-mgmt-network/30.2.0 Python/3.12.0 (Windows-11-10.0.22621-SP0)'
    'Authorization': 'REDACTED'
No body was attached to the request
2026-05-25 13:43:35,015 | INFO | Response status: 200
Response headers:
    'Cache-Control': 'no-cache'
    'Pragma': 'no-cache'
    'Content-Length': '22'
    'Content-Type': 'application/json; charset=utf-8'
    'Expires': '-1'
    'x-ms-request-id': '374d6cf5-2478-45da-885e-85f1e798589f'
    'x-ms-throttle-levels': 'REDACTED'
    'x-ms-correlation-request-id': 'REDACTED'
    'x-ms-arm-service-request-id': 'REDACTED'
    'Strict-Transport-Security': 'REDACTED'
    'x-ms-operation-identifier': 'REDACTED'
    'x-ms-ratelimit-remaining-subscription-reads': '249'
    'x-ms-ratelimit-remaining-subscription-global-reads': 'REDACTED'
    'x-ms-routing-request-id': 'REDACTED'
    'X-Content-Type-Options': 'REDACTED'
    'X-Cache': 'REDACTED'
    'X-MSEdge-Ref': 'Ref A: 4D0AC5CCE053419BA1891083333E5CC1 Ref B: PNQ231110906036 Ref C: 2026-05-25T08:13:34Z'
    'Date': 'Mon, 25 May 2026 08:13:34 GMT'
2026-05-25 13:43:35,016 | INFO | Request URL: 'https://management.azure.com/subscriptions/a8bd7b1b-b9aa-4283-aec4-2040b847d926/resourceGroups/AutoProjectRG/providers/Microsoft.Network/networkSecurityGroups/ProjectNSG/securityRules/AllowSSH?api-version=2025-05-01'
Request method: 'GET'
Request headers:
    'x-ms-client-request-id': '9ee11299-5811-11f1-98ae-088fc34e0447'
    'User-Agent': 'azsdk-python-mgmt-network/30.2.0 Python/3.12.0 (Windows-11-10.0.22621-SP0)'
    'Authorization': 'REDACTED'
No body was attached to the request
2026-05-25 13:43:35,076 | INFO | Response status: 200
Response headers:
    'Cache-Control': 'no-cache'
    'Pragma': 'no-cache'
    'Content-Length': '640'
    'Content-Type': 'application/json; charset=utf-8'
    'Expires': '-1'
    'ETag': 'W/"39f18c25-f7e7-4bbd-ba15-60f164e5b2c0"'
    'x-ms-request-id': 'd8a8288e-d830-4683-ab86-765a20fc613f'
    'x-ms-throttle-levels': 'REDACTED'
    'x-ms-correlation-request-id': 'REDACTED'
    'x-ms-arm-service-request-id': 'REDACTED'
    'Strict-Transport-Security': 'REDACTED'
    'x-ms-operation-identifier': 'REDACTED'
    'x-ms-ratelimit-remaining-subscription-reads': '249'
    'x-ms-ratelimit-remaining-subscription-global-reads': 'REDACTED'
    'x-ms-routing-request-id': 'REDACTED'
    'X-Content-Type-Options': 'REDACTED'
    'X-Cache': 'REDACTED'
    'X-MSEdge-Ref': 'Ref A: F052C62966334FD08CF08173D26357F0 Ref B: PNQ231110906036 Ref C: 2026-05-25T08:13:35Z'
    'Date': 'Mon, 25 May 2026 08:13:34 GMT'
2026-05-25 13:43:35,077 | INFO | SSH rule created
2026-05-25 13:43:35,079 | INFO | Request URL: 'https://management.azure.com/subscriptions/a8bd7b1b-b9aa-4283-aec4-2040b847d926/resourceGroups/AutoProjectRG/providers/Microsoft.Network/networkSecurityGroups/ProjectNSG/securityRules/AllowHTTP?api-version=2025-05-01'
Request method: 'PUT'
Request headers:
    'Content-Type': 'application/json'
    'Content-Length': '211'
    'Accept': 'application/json'
    'x-ms-client-request-id': 'a0362abf-5811-11f1-8585-088fc34e0447'
    'User-Agent': 'azsdk-python-mgmt-network/30.2.0 Python/3.12.0 (Windows-11-10.0.22621-SP0)'
    'Authorization': 'REDACTED'
A body is sent with the request
2026-05-25 13:43:35,365 | INFO | Response status: 201
Response headers:
    'Cache-Control': 'no-cache'
    'Pragma': 'no-cache'
    'Content-Length': '641'
    'Content-Type': 'application/json; charset=utf-8'
    'Expires': '-1'
    'Retry-After': '1'
    'x-ms-request-id': '5e96510d-030e-4f38-b322-b9c8c5883ec3'
    'Azure-AsyncOperation': 'REDACTED'
    'x-ms-throttle-levels': 'REDACTED'
    'x-ms-correlation-request-id': 'REDACTED'
    'Azure-AsyncNotification': 'REDACTED'
    'x-ms-arm-service-request-id': 'REDACTED'
    'Strict-Transport-Security': 'REDACTED'
    'x-ms-operation-identifier': 'REDACTED'
    'x-ms-ratelimit-remaining-subscription-writes': '198'
    'x-ms-ratelimit-remaining-subscription-global-writes': 'REDACTED'
    'x-ms-routing-request-id': 'REDACTED'
    'X-Content-Type-Options': 'REDACTED'
    'X-Cache': 'REDACTED'
    'X-MSEdge-Ref': 'Ref A: F30E6862951645B08FFC29894E6A2B42 Ref B: PNQ231110906036 Ref C: 2026-05-25T08:13:35Z'
    'Date': 'Mon, 25 May 2026 08:13:35 GMT'
2026-05-25 13:43:35,366 | INFO | Request URL: 'https://management.azure.com/subscriptions/a8bd7b1b-b9aa-4283-aec4-2040b847d926/providers/Microsoft.Network/locations/centralindia/operations/5e96510d-030e-4f38-b322-b9c8c5883ec3?api-version=2025-05-01&t=REDACTED&c=REDACTED&s=REDACTED&h=REDACTED'
Request method: 'GET'
Request headers:
    'x-ms-client-request-id': 'a0362abf-5811-11f1-8585-088fc34e0447'
    'User-Agent': 'azsdk-python-mgmt-network/30.2.0 Python/3.12.0 (Windows-11-10.0.22621-SP0)'
    'Authorization': 'REDACTED'
No body was attached to the request
2026-05-25 13:43:35,569 | INFO | Response status: 200
Response headers:
    'Cache-Control': 'no-cache'
    'Pragma': 'no-cache'
    'Content-Length': '23'
    'Content-Type': 'application/json; charset=utf-8'
    'Expires': '-1'
    'Retry-After': '1'
    'x-ms-request-id': '4389da5f-682e-4374-b078-c4f52b3918c1'
    'x-ms-throttle-levels': 'REDACTED'
    'x-ms-correlation-request-id': 'REDACTED'
    'x-ms-arm-service-request-id': 'REDACTED'
    'Strict-Transport-Security': 'REDACTED'
    'x-ms-operation-identifier': 'REDACTED'
    'x-ms-ratelimit-remaining-subscription-reads': '249'
    'x-ms-ratelimit-remaining-subscription-global-reads': 'REDACTED'
    'x-ms-routing-request-id': 'REDACTED'
    'X-Content-Type-Options': 'REDACTED'
    'X-Cache': 'REDACTED'
    'X-MSEdge-Ref': 'Ref A: 0ACC45272B784F73BCB023452B40D632 Ref B: PNQ231110906036 Ref C: 2026-05-25T08:13:35Z'
    'Date': 'Mon, 25 May 2026 08:13:35 GMT'
2026-05-25 13:43:36,570 | INFO | Request URL: 'https://management.azure.com/subscriptions/a8bd7b1b-b9aa-4283-aec4-2040b847d926/providers/Microsoft.Network/locations/centralindia/operations/5e96510d-030e-4f38-b322-b9c8c5883ec3?api-version=2025-05-01&t=REDACTED&c=REDACTED&s=REDACTED&h=REDACTED'
Request method: 'GET'
Request headers:
    'x-ms-client-request-id': 'a0362abf-5811-11f1-8585-088fc34e0447'
    'User-Agent': 'azsdk-python-mgmt-network/30.2.0 Python/3.12.0 (Windows-11-10.0.22621-SP0)'
    'Authorization': 'REDACTED'
No body was attached to the request
2026-05-25 13:43:37,601 | INFO | Response status: 200
Response headers:
    'Cache-Control': 'no-cache'
    'Pragma': 'no-cache'
    'Content-Length': '22'
    'Content-Type': 'application/json; charset=utf-8'
    'Expires': '-1'
    'x-ms-request-id': '7ff5d3c7-f9ec-45c0-bf06-6256775b6495'
    'x-ms-throttle-levels': 'REDACTED'
    'x-ms-correlation-request-id': 'REDACTED'
    'x-ms-arm-service-request-id': 'REDACTED'
    'Strict-Transport-Security': 'REDACTED'
    'x-ms-operation-identifier': 'REDACTED'
    'x-ms-ratelimit-remaining-subscription-reads': '249'
    'x-ms-ratelimit-remaining-subscription-global-reads': 'REDACTED'
    'x-ms-routing-request-id': 'REDACTED'
    'X-Content-Type-Options': 'REDACTED'
    'X-Cache': 'REDACTED'
    'X-MSEdge-Ref': 'Ref A: 6AB10E4BB7CD410C915C8E0C98CB88AA Ref B: PNQ231110906036 Ref C: 2026-05-25T08:13:36Z'
    'Date': 'Mon, 25 May 2026 08:13:37 GMT'
2026-05-25 13:43:37,602 | INFO | Request URL: 'https://management.azure.com/subscriptions/a8bd7b1b-b9aa-4283-aec4-2040b847d926/resourceGroups/AutoProjectRG/providers/Microsoft.Network/networkSecurityGroups/ProjectNSG/securityRules/AllowHTTP?api-version=2025-05-01'
Request method: 'GET'
Request headers:
    'x-ms-client-request-id': 'a0362abf-5811-11f1-8585-088fc34e0447'
    'User-Agent': 'azsdk-python-mgmt-network/30.2.0 Python/3.12.0 (Windows-11-10.0.22621-SP0)'
    'Authorization': 'REDACTED'
No body was attached to the request
2026-05-25 13:43:37,674 | INFO | Response status: 200
Response headers:
    'Cache-Control': 'no-cache'
    'Pragma': 'no-cache'
    'Content-Length': '642'
    'Content-Type': 'application/json; charset=utf-8'
    'Expires': '-1'
    'ETag': 'W/"a2e0fb1d-c198-4946-9013-299da1e218f5"'
    'x-ms-request-id': '84fb1496-4664-4dbd-becd-495277679895'
    'x-ms-throttle-levels': 'REDACTED'
    'x-ms-correlation-request-id': 'REDACTED'
    'x-ms-arm-service-request-id': 'REDACTED'
    'Strict-Transport-Security': 'REDACTED'
    'x-ms-operation-identifier': 'REDACTED'
    'x-ms-ratelimit-remaining-subscription-reads': '249'
    'x-ms-ratelimit-remaining-subscription-global-reads': 'REDACTED'
    'x-ms-routing-request-id': 'REDACTED'
    'X-Content-Type-Options': 'REDACTED'
    'X-Cache': 'REDACTED'
    'X-MSEdge-Ref': 'Ref A: 7885B3E4CDE44993BA3FEA1FFA77F0A1 Ref B: PNQ231110906036 Ref C: 2026-05-25T08:13:37Z'
    'Date': 'Mon, 25 May 2026 08:13:37 GMT'
2026-05-25 13:43:37,676 | INFO | HTTP rule created
2026-05-25 13:43:37,678 | INFO | Request URL: 'https://management.azure.com/subscriptions/a8bd7b1b-b9aa-4283-aec4-2040b847d926/resourceGroups/AutoProjectRG/providers/Microsoft.Network/networkSecurityGroups/ProjectNSG/securityRules/AllowHTTPS?api-version=2025-05-01'
Request method: 'PUT'
Request headers:
    'Content-Type': 'application/json'
    'Content-Length': '212'
    'Accept': 'application/json'
    'x-ms-client-request-id': 'a1c2acd9-5811-11f1-b2f1-088fc34e0447'
    'User-Agent': 'azsdk-python-mgmt-network/30.2.0 Python/3.12.0 (Windows-11-10.0.22621-SP0)'
    'Authorization': 'REDACTED'
A body is sent with the request
2026-05-25 13:43:38,180 | INFO | Response status: 201
Response headers:
    'Cache-Control': 'no-cache'
    'Pragma': 'no-cache'
    'Content-Length': '644'
    'Content-Type': 'application/json; charset=utf-8'
    'Expires': '-1'
    'Retry-After': '1'
    'x-ms-request-id': 'b7684bd9-9e88-4d07-9893-620184d58bb2'
    'Azure-AsyncOperation': 'REDACTED'
    'x-ms-throttle-levels': 'REDACTED'
    'x-ms-correlation-request-id': 'REDACTED'
    'Azure-AsyncNotification': 'REDACTED'
    'x-ms-arm-service-request-id': 'REDACTED'
    'Strict-Transport-Security': 'REDACTED'
    'x-ms-operation-identifier': 'REDACTED'
    'x-ms-ratelimit-remaining-subscription-writes': '199'
    'x-ms-ratelimit-remaining-subscription-global-writes': 'REDACTED'
    'x-ms-routing-request-id': 'REDACTED'
    'X-Content-Type-Options': 'REDACTED'
    'X-Cache': 'REDACTED'
    'X-MSEdge-Ref': 'Ref A: 55ACB68AC61347C98B353A9890C5B44D Ref B: PNQ231110906036 Ref C: 2026-05-25T08:13:37Z'
    'Date': 'Mon, 25 May 2026 08:13:37 GMT'
2026-05-25 13:43:38,182 | INFO | Request URL: 'https://management.azure.com/subscriptions/a8bd7b1b-b9aa-4283-aec4-2040b847d926/providers/Microsoft.Network/locations/centralindia/operations/b7684bd9-9e88-4d07-9893-620184d58bb2?api-version=2025-05-01&t=REDACTED&c=REDACTED&s=REDACTED&h=REDACTED'
Request method: 'GET'
Request headers:
    'x-ms-client-request-id': 'a1c2acd9-5811-11f1-b2f1-088fc34e0447'
    'User-Agent': 'azsdk-python-mgmt-network/30.2.0 Python/3.12.0 (Windows-11-10.0.22621-SP0)'
    'Authorization': 'REDACTED'
No body was attached to the request
2026-05-25 13:43:38,522 | INFO | Response status: 200
Response headers:
    'Cache-Control': 'no-cache'
    'Pragma': 'no-cache'
    'Content-Length': '22'
    'Content-Type': 'application/json; charset=utf-8'
    'Expires': '-1'
    'x-ms-request-id': 'b0da4ef3-1be3-4378-a793-48b4ad8437b3'
    'x-ms-throttle-levels': 'REDACTED'
    'x-ms-correlation-request-id': 'REDACTED'
    'x-ms-arm-service-request-id': 'REDACTED'
    'Strict-Transport-Security': 'REDACTED'
    'x-ms-operation-identifier': 'REDACTED'
    'x-ms-ratelimit-remaining-subscription-reads': '249'
    'x-ms-ratelimit-remaining-subscription-global-reads': 'REDACTED'
    'x-ms-routing-request-id': 'REDACTED'
    'X-Content-Type-Options': 'REDACTED'
    'X-Cache': 'REDACTED'
    'X-MSEdge-Ref': 'Ref A: 55BC9C5466104F95B3EFA3E99EB5672B Ref B: PNQ231110906036 Ref C: 2026-05-25T08:13:38Z'
    'Date': 'Mon, 25 May 2026 08:13:38 GMT'
2026-05-25 13:43:38,523 | INFO | Request URL: 'https://management.azure.com/subscriptions/a8bd7b1b-b9aa-4283-aec4-2040b847d926/resourceGroups/AutoProjectRG/providers/Microsoft.Network/networkSecurityGroups/ProjectNSG/securityRules/AllowHTTPS?api-version=2025-05-01'
Request method: 'GET'
Request headers:
    'x-ms-client-request-id': 'a1c2acd9-5811-11f1-b2f1-088fc34e0447'
    'User-Agent': 'azsdk-python-mgmt-network/30.2.0 Python/3.12.0 (Windows-11-10.0.22621-SP0)'
    'Authorization': 'REDACTED'
No body was attached to the request
2026-05-25 13:43:38,575 | INFO | Response status: 200
Response headers:
    'Cache-Control': 'no-cache'
    'Pragma': 'no-cache'
    'Content-Length': '645'
    'Content-Type': 'application/json; charset=utf-8'
    'Expires': '-1'
    'ETag': 'W/"faeef8a8-6afb-4846-825a-30860bfcda37"'
    'x-ms-request-id': '258a2f25-4dfc-45a6-8e32-29f83bb59dcd'
    'x-ms-throttle-levels': 'REDACTED'
    'x-ms-correlation-request-id': 'REDACTED'
    'x-ms-arm-service-request-id': 'REDACTED'
    'Strict-Transport-Security': 'REDACTED'
    'x-ms-operation-identifier': 'REDACTED'
    'x-ms-ratelimit-remaining-subscription-reads': '249'
    'x-ms-ratelimit-remaining-subscription-global-reads': 'REDACTED'
    'x-ms-routing-request-id': 'REDACTED'
    'X-Content-Type-Options': 'REDACTED'
    'X-Cache': 'REDACTED'
    'X-MSEdge-Ref': 'Ref A: 3BB9D6FD19DE4828A610A10EEE9E3C2F Ref B: PNQ231110906036 Ref C: 2026-05-25T08:13:38Z'
    'Date': 'Mon, 25 May 2026 08:13:38 GMT'
2026-05-25 13:43:38,575 | INFO | HTTPS rule created
2026-05-25 13:43:38,577 | INFO | Request URL: 'https://management.azure.com/subscriptions/a8bd7b1b-b9aa-4283-aec4-2040b847d926/resourceGroups/AutoProjectRG/providers/Microsoft.Network/networkInterfaces/ProductionUbuntuVMNic?api-version=2025-05-01'
Request method: 'PUT'
Request headers:
    'Content-Type': 'application/json'
    'Content-Length': '634'
    'Accept': 'application/json'
    'x-ms-client-request-id': 'a24c0226-5811-11f1-9c3f-088fc34e0447'
    'User-Agent': 'azsdk-python-mgmt-network/30.2.0 Python/3.12.0 (Windows-11-10.0.22621-SP0)'
    'Authorization': 'REDACTED'
A body is sent with the request
2026-05-25 13:43:39,114 | INFO | Response status: 201
Response headers:
    'Cache-Control': 'no-cache'
    'Pragma': 'no-cache'
    'Content-Length': '1887'
    'Content-Type': 'application/json; charset=utf-8'
    'Expires': '-1'
    'Retry-After': '1'
    'x-ms-request-id': 'edc3e4a9-0d14-4bc7-b9d2-908cf65bd8fc'
    'Azure-AsyncOperation': 'REDACTED'
    'x-ms-throttle-levels': 'REDACTED'
    'x-ms-correlation-request-id': 'REDACTED'
    'Azure-AsyncNotification': 'REDACTED'
    'x-ms-arm-service-request-id': 'REDACTED'
    'Strict-Transport-Security': 'REDACTED'
    'x-ms-operation-identifier': 'REDACTED'
    'x-ms-ratelimit-remaining-subscription-writes': '199'
    'x-ms-ratelimit-remaining-subscription-global-writes': 'REDACTED'
    'x-ms-routing-request-id': 'REDACTED'
    'X-Content-Type-Options': 'REDACTED'
    'X-Cache': 'REDACTED'
    'X-MSEdge-Ref': 'Ref A: 6455955B49874745A9CE579470D6CE5C Ref B: PNQ231110906036 Ref C: 2026-05-25T08:13:38Z'
    'Date': 'Mon, 25 May 2026 08:13:38 GMT'
2026-05-25 13:43:39,116 | INFO | Request URL: 'https://management.azure.com/subscriptions/a8bd7b1b-b9aa-4283-aec4-2040b847d926/providers/Microsoft.Network/locations/centralindia/operations/edc3e4a9-0d14-4bc7-b9d2-908cf65bd8fc?api-version=2025-05-01&t=REDACTED&c=REDACTED&s=REDACTED&h=REDACTED'
Request method: 'GET'
Request headers:
    'x-ms-client-request-id': 'a24c0226-5811-11f1-9c3f-088fc34e0447'
    'User-Agent': 'azsdk-python-mgmt-network/30.2.0 Python/3.12.0 (Windows-11-10.0.22621-SP0)'
    'Authorization': 'REDACTED'
No body was attached to the request
2026-05-25 13:43:39,219 | INFO | Response status: 200
Response headers:
    'Cache-Control': 'no-cache'
    'Pragma': 'no-cache'
    'Content-Length': '23'
    'Content-Type': 'application/json; charset=utf-8'
    'Expires': '-1'
    'Retry-After': '1'
    'x-ms-request-id': 'f4090b73-4292-47ee-98a7-9059ac9be616'
    'x-ms-throttle-levels': 'REDACTED'
    'x-ms-correlation-request-id': 'REDACTED'
    'x-ms-arm-service-request-id': 'REDACTED'
    'Strict-Transport-Security': 'REDACTED'
    'x-ms-operation-identifier': 'REDACTED'
    'x-ms-ratelimit-remaining-subscription-reads': '249'
    'x-ms-ratelimit-remaining-subscription-global-reads': 'REDACTED'
    'x-ms-routing-request-id': 'REDACTED'
    'X-Content-Type-Options': 'REDACTED'
    'X-Cache': 'REDACTED'
    'X-MSEdge-Ref': 'Ref A: AE02A6A9D16D4EAC8DD895E8311EEFB8 Ref B: PNQ231110906036 Ref C: 2026-05-25T08:13:39Z'
    'Date': 'Mon, 25 May 2026 08:13:39 GMT'
2026-05-25 13:43:40,221 | INFO | Request URL: 'https://management.azure.com/subscriptions/a8bd7b1b-b9aa-4283-aec4-2040b847d926/providers/Microsoft.Network/locations/centralindia/operations/edc3e4a9-0d14-4bc7-b9d2-908cf65bd8fc?api-version=2025-05-01&t=REDACTED&c=REDACTED&s=REDACTED&h=REDACTED'
Request method: 'GET'
Request headers:
    'x-ms-client-request-id': 'a24c0226-5811-11f1-9c3f-088fc34e0447'
    'User-Agent': 'azsdk-python-mgmt-network/30.2.0 Python/3.12.0 (Windows-11-10.0.22621-SP0)'
    'Authorization': 'REDACTED'
No body was attached to the request
2026-05-25 13:43:40,330 | INFO | Response status: 200
Response headers:
    'Cache-Control': 'no-cache'
    'Pragma': 'no-cache'
    'Content-Length': '22'
    'Content-Type': 'application/json; charset=utf-8'
    'Expires': '-1'
    'x-ms-request-id': '1a75ef7b-2816-459c-8a13-9c2d56b7a0f4'
    'x-ms-throttle-levels': 'REDACTED'
    'x-ms-correlation-request-id': 'REDACTED'
    'x-ms-arm-service-request-id': 'REDACTED'
    'Strict-Transport-Security': 'REDACTED'
    'x-ms-operation-identifier': 'REDACTED'
    'x-ms-ratelimit-remaining-subscription-reads': '249'
    'x-ms-ratelimit-remaining-subscription-global-reads': 'REDACTED'
    'x-ms-routing-request-id': 'REDACTED'
    'X-Content-Type-Options': 'REDACTED'
    'X-Cache': 'REDACTED'
    'X-MSEdge-Ref': 'Ref A: 909E150B3F4840CC9B123E4607622E4B Ref B: PNQ231110906036 Ref C: 2026-05-25T08:13:40Z'
    'Date': 'Mon, 25 May 2026 08:13:40 GMT'
2026-05-25 13:43:40,330 | INFO | Request URL: 'https://management.azure.com/subscriptions/a8bd7b1b-b9aa-4283-aec4-2040b847d926/resourceGroups/AutoProjectRG/providers/Microsoft.Network/networkInterfaces/ProductionUbuntuVMNic?api-version=2025-05-01'
Request method: 'GET'
Request headers:
    'x-ms-client-request-id': 'a24c0226-5811-11f1-9c3f-088fc34e0447'
    'User-Agent': 'azsdk-python-mgmt-network/30.2.0 Python/3.12.0 (Windows-11-10.0.22621-SP0)'
    'Authorization': 'REDACTED'
No body was attached to the request
2026-05-25 13:43:40,567 | INFO | Response status: 200
Response headers:
    'Cache-Control': 'no-cache'
    'Pragma': 'no-cache'
    'Content-Length': '1889'
    'Content-Type': 'application/json; charset=utf-8'
    'Expires': '-1'
    'ETag': 'W/"89ca539a-5e5f-45b4-9f73-15d760b180ee"'
    'x-ms-request-id': '55181337-8ea1-497f-9433-b27494a99ecf'
    'x-ms-throttle-levels': 'REDACTED'
    'x-ms-correlation-request-id': 'REDACTED'
    'x-ms-arm-service-request-id': 'REDACTED'
    'Strict-Transport-Security': 'REDACTED'
    'x-ms-ratelimit-remaining-subscription-reads': '249'
    'x-ms-ratelimit-remaining-subscription-global-reads': 'REDACTED'
    'x-ms-routing-request-id': 'REDACTED'
    'X-Content-Type-Options': 'REDACTED'
    'X-Cache': 'REDACTED'
    'X-MSEdge-Ref': 'Ref A: 6C890E53D2F1450286ED8EDFF30CD4F9 Ref B: PNQ231110906036 Ref C: 2026-05-25T08:13:40Z'
    'Date': 'Mon, 25 May 2026 08:13:40 GMT'
2026-05-25 13:43:40,569 | INFO | NIC created
2026-05-25 13:43:41,893 | INFO | AzureCliCredential.get_token_info succeeded
2026-05-25 13:43:41,894 | INFO | Request URL: 'https://management.azure.com/subscriptions/a8bd7b1b-b9aa-4283-aec4-2040b847d926/resourceGroups/AutoProjectRG/providers/Microsoft.Compute/virtualMachines/ProductionUbuntuVM?api-version=2025-11-01'
Request method: 'PUT'
Request headers:
    'Content-Type': 'application/json'
    'Content-Length': '1197'
    'Accept': 'application/json'
    'x-ms-client-request-id': 'a38135c0-5811-11f1-9543-088fc34e0447'
    'User-Agent': 'azsdk-python-mgmt-compute/38.0.0 Python/3.12.0 (Windows-11-10.0.22621-SP0)'
    'Authorization': 'REDACTED'
A body is sent with the request
2026-05-25 13:43:44,038 | INFO | Response status: 201
Response headers:
    'Cache-Control': 'no-cache'
    'Pragma': 'no-cache'
    'Content-Length': '2470'
    'Content-Type': 'application/json; charset=utf-8'
    'Expires': '-1'
    'ETag': '"1"'
    'Retry-After': '10'
    'Azure-AsyncOperation': 'REDACTED'
    'azure-asyncnotification': 'REDACTED'
    'x-ms-ratelimit-remaining-resource': 'Microsoft.Compute/PutVMSubscriptionMaximum;1499,Microsoft.Compute/PutVMResource;11'
    'x-ms-need-to-refresh-epl-cache': 'REDACTED'
    'Strict-Transport-Security': 'REDACTED'
    'x-ms-request-id': 'ffd77e82-9201-4747-adb6-78cbdae06da0'
    'x-ms-operation-identifier': 'REDACTED'
    'x-ms-ratelimit-remaining-subscription-writes': '199'
    'x-ms-ratelimit-remaining-subscription-global-writes': 'REDACTED'
    'x-ms-correlation-request-id': 'REDACTED'
    'x-ms-routing-request-id': 'REDACTED'
    'X-Content-Type-Options': 'REDACTED'
    'X-Cache': 'REDACTED'
    'X-MSEdge-Ref': 'Ref A: 3F629D2EB73F47048F9E839B63DEE8CB Ref B: PNQ231110909034 Ref C: 2026-05-25T08:13:42Z'
    'Date': 'Mon, 25 May 2026 08:13:43 GMT'
2026-05-25 13:43:44,041 | INFO | Request URL: 'https://management.azure.com/subscriptions/a8bd7b1b-b9aa-4283-aec4-2040b847d926/providers/Microsoft.Compute/locations/CentralIndia/operations/ffd77e82-9201-4747-adb6-78cbdae06da0?p=REDACTED&api-version=2025-11-01&t=REDACTED&c=REDACTED&s=REDACTED&h=REDACTED'
Request method: 'GET'
Request headers:
    'x-ms-client-request-id': 'a38135c0-5811-11f1-9543-088fc34e0447'
    'User-Agent': 'azsdk-python-mgmt-compute/38.0.0 Python/3.12.0 (Windows-11-10.0.22621-SP0)'
    'Authorization': 'REDACTED'
No body was attached to the request
2026-05-25 13:43:44,122 | INFO | Response status: 200
Response headers:
    'Cache-Control': 'no-cache'
    'Pragma': 'no-cache'
    'Content-Length': '133'
    'Content-Type': 'application/json; charset=utf-8'
    'Expires': '-1'
    'Retry-After': '35'
    'x-ms-ratelimit-remaining-resource': 'Microsoft.Compute/GetOperationResource;44,Microsoft.Compute/GetOperationSubscriptionMaximum;14999'
    'x-ms-need-to-refresh-epl-cache': 'REDACTED'
    'Strict-Transport-Security': 'REDACTED'
    'x-ms-request-id': '9d2e5f6e-2284-4121-84f4-1910d075b9c1'
    'x-ms-operation-identifier': 'REDACTED'
    'x-ms-ratelimit-remaining-subscription-reads': '249'
    'x-ms-ratelimit-remaining-subscription-global-reads': 'REDACTED'
    'x-ms-correlation-request-id': 'REDACTED'
    'x-ms-routing-request-id': 'REDACTED'
    'X-Content-Type-Options': 'REDACTED'
    'X-Cache': 'REDACTED'
    'X-MSEdge-Ref': 'Ref A: 4CE603F5678542B28071F733FE04CCD7 Ref B: PNQ231110909034 Ref C: 2026-05-25T08:13:44Z'
    'Date': 'Mon, 25 May 2026 08:13:44 GMT'
2026-05-25 13:44:19,124 | INFO | Request URL: 'https://management.azure.com/subscriptions/a8bd7b1b-b9aa-4283-aec4-2040b847d926/providers/Microsoft.Compute/locations/CentralIndia/operations/ffd77e82-9201-4747-adb6-78cbdae06da0?p=REDACTED&api-version=2025-11-01&t=REDACTED&c=REDACTED&s=REDACTED&h=REDACTED'
Request method: 'GET'
Request headers:
    'x-ms-client-request-id': 'a38135c0-5811-11f1-9543-088fc34e0447'
    'User-Agent': 'azsdk-python-mgmt-compute/38.0.0 Python/3.12.0 (Windows-11-10.0.22621-SP0)'
    'Authorization': 'REDACTED'
No body was attached to the request
2026-05-25 13:44:20,227 | INFO | Response status: 200
Response headers:
    'Cache-Control': 'no-cache'
    'Pragma': 'no-cache'
    'Content-Length': '183'
    'Content-Type': 'application/json; charset=utf-8'
    'Expires': '-1'
    'x-ms-ratelimit-remaining-resource': 'Microsoft.Compute/GetOperationResource;43,Microsoft.Compute/GetOperationSubscriptionMaximum;14998'
    'x-ms-need-to-refresh-epl-cache': 'REDACTED'
    'Strict-Transport-Security': 'REDACTED'
    'x-ms-request-id': 'b907436b-30d2-445d-bce1-95db2d5efb1c'
    'x-ms-operation-identifier': 'REDACTED'
    'x-ms-ratelimit-remaining-subscription-reads': '249'
    'x-ms-ratelimit-remaining-subscription-global-reads': 'REDACTED'
    'x-ms-correlation-request-id': 'REDACTED'
    'x-ms-routing-request-id': 'REDACTED'
    'X-Content-Type-Options': 'REDACTED'
    'X-Cache': 'REDACTED'
    'X-MSEdge-Ref': 'Ref A: 877303CFE51C489CA285E712335105A9 Ref B: PNQ231110909034 Ref C: 2026-05-25T08:14:19Z'
    'Date': 'Mon, 25 May 2026 08:14:20 GMT'
2026-05-25 13:44:20,228 | INFO | Request URL: 'https://management.azure.com/subscriptions/a8bd7b1b-b9aa-4283-aec4-2040b847d926/resourceGroups/AutoProjectRG/providers/Microsoft.Compute/virtualMachines/ProductionUbuntuVM?api-version=2025-11-01'
Request method: 'GET'
Request headers:
    'x-ms-client-request-id': 'a38135c0-5811-11f1-9543-088fc34e0447'
    'User-Agent': 'azsdk-python-mgmt-compute/38.0.0 Python/3.12.0 (Windows-11-10.0.22621-SP0)'
    'Authorization': 'REDACTED'
No body was attached to the request
2026-05-25 13:44:20,853 | INFO | Response status: 200
Response headers:
    'Cache-Control': 'no-cache'
    'Pragma': 'no-cache'
    'Content-Length': '2748'
    'Content-Type': 'application/json; charset=utf-8'
    'Expires': '-1'
    'ETag': '"1"'
    'x-ms-ratelimit-remaining-resource': 'Microsoft.Compute/LowCostGetSubscriptionMaximum;23997,Microsoft.Compute/LowCostGetResource;33'
    'x-ms-need-to-refresh-epl-cache': 'REDACTED'
    'Strict-Transport-Security': 'REDACTED'
    'x-ms-request-id': 'b0c40e04-65e2-4713-a0e3-15945941cb07'
    'x-ms-ratelimit-remaining-subscription-reads': '249'
    'x-ms-ratelimit-remaining-subscription-global-reads': 'REDACTED'
    'x-ms-correlation-request-id': 'REDACTED'
    'x-ms-routing-request-id': 'REDACTED'
    'X-Content-Type-Options': 'REDACTED'
    'X-Cache': 'REDACTED'
    'X-MSEdge-Ref': 'Ref A: 9EBCE0274E39453F8004E3F2D99A6E04 Ref B: PNQ231110909034 Ref C: 2026-05-25T08:14:20Z'
    'Date': 'Mon, 25 May 2026 08:14:20 GMT'
2026-05-25 13:44:20,857 | INFO | VM created successfully
2026-05-26 15:46:01,606 | INFO | Infrastructure creation started
2026-05-26 15:46:02,357 | INFO | AzureCliCredential.get_token_info succeeded
2026-05-26 15:46:02,358 | INFO | Request URL: 'https://management.azure.com/subscriptions/a8bd7b1b-b9aa-4283-aec4-2040b847d926/resourcegroups/AutoProjectRG?api-version=2025-04-01'
Request method: 'HEAD'
Request headers:
    'Accept': 'application/json'
    'x-ms-client-request-id': 'e57f46b3-58eb-11f1-8402-4c034fe7e914'
    'User-Agent': 'azsdk-python-mgmt-resource/25.0.0 Python/3.12.0 (Windows-11-10.0.22621-SP0)'
    'Authorization': 'REDACTED'
No body was attached to the request
2026-05-26 15:46:02,792 | INFO | Request URL: 'https://management.azure.com/subscriptions/a8bd7b1b-b9aa-4283-aec4-2040b847d926/resourcegroups/AutoProjectRG?api-version=2025-04-01'
Request method: 'HEAD'
Request headers:
    'Accept': 'application/json'
    'x-ms-client-request-id': 'e57f46b3-58eb-11f1-8402-4c034fe7e914'
    'User-Agent': 'azsdk-python-mgmt-resource/25.0.0 Python/3.12.0 (Windows-11-10.0.22621-SP0)'
    'Authorization': 'REDACTED'
No body was attached to the request
2026-05-26 15:46:04,689 | INFO | Request URL: 'https://management.azure.com/subscriptions/a8bd7b1b-b9aa-4283-aec4-2040b847d926/resourcegroups/AutoProjectRG?api-version=2025-04-01'
Request method: 'HEAD'
Request headers:
    'Accept': 'application/json'
    'x-ms-client-request-id': 'e57f46b3-58eb-11f1-8402-4c034fe7e914'
    'User-Agent': 'azsdk-python-mgmt-resource/25.0.0 Python/3.12.0 (Windows-11-10.0.22621-SP0)'
    'Authorization': 'REDACTED'
No body was attached to the request
2026-05-26 15:46:05,939 | INFO | Response status: 404
Response headers:
    'Cache-Control': 'no-cache'
    'Pragma': 'no-cache'
    'Content-Length': '0'
    'Expires': '-1'
    'x-ms-failure-cause': 'REDACTED'
    'x-ms-ratelimit-remaining-subscription-reads': '249'
    'x-ms-ratelimit-remaining-subscription-global-reads': 'REDACTED'
    'x-ms-request-id': '505b8787-c80c-4e3c-969b-efdd3fb8a032'
    'x-ms-correlation-request-id': 'REDACTED'
    'x-ms-routing-request-id': 'REDACTED'
    'Strict-Transport-Security': 'REDACTED'
    'X-Content-Type-Options': 'REDACTED'
    'X-Cache': 'REDACTED'
    'X-MSEdge-Ref': 'Ref A: 745018369B5B44A99109B5B423F9818D Ref B: PNQ231110906042 Ref C: 2026-05-26T10:16:04Z'
    'Date': 'Tue, 26 May 2026 10:16:05 GMT'
2026-05-26 15:46:05,939 | INFO | Request URL: 'https://management.azure.com/subscriptions/a8bd7b1b-b9aa-4283-aec4-2040b847d926/resourcegroups/AutoProjectRG?api-version=2025-04-01'
Request method: 'PUT'
Request headers:
    'Content-Type': 'application/json'
    'Content-Length': '28'
    'Accept': 'application/json'
    'x-ms-client-request-id': 'e814403a-58eb-11f1-8bab-4c034fe7e914'
    'User-Agent': 'azsdk-python-mgmt-resource/25.0.0 Python/3.12.0 (Windows-11-10.0.22621-SP0)'
    'Authorization': 'REDACTED'
A body is sent with the request
2026-05-26 15:46:10,192 | INFO | Response status: 201
Response headers:
    'Cache-Control': 'no-cache'
    'Pragma': 'no-cache'
    'Content-Length': '229'
    'Content-Type': 'application/json; charset=utf-8'
    'Expires': '-1'
    'x-ms-ratelimit-remaining-subscription-writes': '199'
    'x-ms-ratelimit-remaining-subscription-global-writes': 'REDACTED'
    'x-ms-request-id': '32d4ef26-9a9c-42c1-936d-b9c8dc14d23b'
    'x-ms-correlation-request-id': 'REDACTED'
    'x-ms-routing-request-id': 'REDACTED'
    'Strict-Transport-Security': 'REDACTED'
    'X-Content-Type-Options': 'REDACTED'
    'X-Cache': 'REDACTED'
    'X-MSEdge-Ref': 'Ref A: 026EF33D301D443EAB14DBA765761872 Ref B: PNQ231110906042 Ref C: 2026-05-26T10:16:05Z'
    'Date': 'Tue, 26 May 2026 10:16:09 GMT'
2026-05-26 15:46:10,205 | INFO | Resource Group created: AutoProjectRG
2026-05-26 15:46:10,868 | INFO | AzureCliCredential.get_token_info succeeded
2026-05-26 15:46:10,868 | INFO | Request URL: 'https://management.azure.com/subscriptions/a8bd7b1b-b9aa-4283-aec4-2040b847d926/resourceGroups/AutoProjectRG/providers/Microsoft.Network/virtualNetworks/ProjectVNet?api-version=2025-05-01'
Request method: 'PUT'
Request headers:
    'Content-Type': 'application/json'
    'Content-Length': '98'
    'Accept': 'application/json'
    'x-ms-client-request-id': 'ea9f46c6-58eb-11f1-b65c-4c034fe7e914'
    'User-Agent': 'azsdk-python-mgmt-network/30.2.0 Python/3.12.0 (Windows-11-10.0.22621-SP0)'
    'Authorization': 'REDACTED'
A body is sent with the request
2026-05-26 15:46:11,189 | INFO | Request URL: 'https://management.azure.com/subscriptions/a8bd7b1b-b9aa-4283-aec4-2040b847d926/resourceGroups/AutoProjectRG/providers/Microsoft.Network/virtualNetworks/ProjectVNet?api-version=2025-05-01'
Request method: 'PUT'
Request headers:
    'Content-Type': 'application/json'
    'Content-Length': '98'
    'Accept': 'application/json'
    'x-ms-client-request-id': 'ea9f46c6-58eb-11f1-b65c-4c034fe7e914'
    'User-Agent': 'azsdk-python-mgmt-network/30.2.0 Python/3.12.0 (Windows-11-10.0.22621-SP0)'
    'Authorization': 'REDACTED'
A body is sent with the request
2026-05-26 15:46:13,050 | INFO | Request URL: 'https://management.azure.com/subscriptions/a8bd7b1b-b9aa-4283-aec4-2040b847d926/resourceGroups/AutoProjectRG/providers/Microsoft.Network/virtualNetworks/ProjectVNet?api-version=2025-05-01'
Request method: 'PUT'
Request headers:
    'Content-Type': 'application/json'
    'Content-Length': '98'
    'Accept': 'application/json'
    'x-ms-client-request-id': 'ea9f46c6-58eb-11f1-b65c-4c034fe7e914'
    'User-Agent': 'azsdk-python-mgmt-network/30.2.0 Python/3.12.0 (Windows-11-10.0.22621-SP0)'
    'Authorization': 'REDACTED'
A body is sent with the request
2026-05-26 15:46:16,583 | INFO | Request URL: 'https://management.azure.com/subscriptions/a8bd7b1b-b9aa-4283-aec4-2040b847d926/resourceGroups/AutoProjectRG/providers/Microsoft.Network/virtualNetworks/ProjectVNet?api-version=2025-05-01'
Request method: 'PUT'
Request headers:
    'Content-Type': 'application/json'
    'Content-Length': '98'
    'Accept': 'application/json'
    'x-ms-client-request-id': 'ea9f46c6-58eb-11f1-b65c-4c034fe7e914'
    'User-Agent': 'azsdk-python-mgmt-network/30.2.0 Python/3.12.0 (Windows-11-10.0.22621-SP0)'
    'Authorization': 'REDACTED'
A body is sent with the request
2026-05-26 15:46:16,863 | ERROR | Error: ('Connection aborted.', ConnectionResetError(10054, 'An existing connection was forcibly closed by the remote host', None, 10054, None))
2026-05-26 15:54:14,787 | INFO | Infrastructure creation started
2026-05-26 15:54:17,239 | INFO | AzureCliCredential.get_token_info succeeded
2026-05-26 15:54:17,240 | INFO | Request URL: 'https://management.azure.com/subscriptions/a8bd7b1b-b9aa-4283-aec4-2040b847d926/resourcegroups/AutoProjectRG?api-version=2025-04-01'
Request method: 'HEAD'
Request headers:
    'Accept': 'application/json'
    'x-ms-client-request-id': '0b74a5ff-58ed-11f1-aaf0-4c034fe7e914'
    'User-Agent': 'azsdk-python-mgmt-resource/25.0.0 Python/3.12.0 (Windows-11-10.0.22621-SP0)'
    'Authorization': 'REDACTED'
No body was attached to the request
2026-05-26 15:54:17,819 | INFO | Request URL: 'https://management.azure.com/subscriptions/a8bd7b1b-b9aa-4283-aec4-2040b847d926/resourcegroups/AutoProjectRG?api-version=2025-04-01'
Request method: 'HEAD'
Request headers:
    'Accept': 'application/json'
    'x-ms-client-request-id': '0b74a5ff-58ed-11f1-aaf0-4c034fe7e914'
    'User-Agent': 'azsdk-python-mgmt-resource/25.0.0 Python/3.12.0 (Windows-11-10.0.22621-SP0)'
    'Authorization': 'REDACTED'
No body was attached to the request
2026-05-26 15:54:35,585 | INFO | Response status: 204
Response headers:
    'Cache-Control': 'no-cache'
    'Pragma': 'no-cache'
    'Content-Length': '0'
    'Expires': '-1'
    'x-ms-ratelimit-remaining-subscription-reads': '249'
    'x-ms-ratelimit-remaining-subscription-global-reads': 'REDACTED'
    'x-ms-request-id': 'a3373196-1ae4-42dc-b03f-e375db3dfe0b'
    'x-ms-correlation-request-id': 'REDACTED'
    'x-ms-routing-request-id': 'REDACTED'
    'Strict-Transport-Security': 'REDACTED'
    'X-Content-Type-Options': 'REDACTED'
    'X-Cache': 'REDACTED'
    'X-MSEdge-Ref': 'Ref A: 711A8E8322B84C0791FB3392EE62EB0E Ref B: PNQ231110907054 Ref C: 2026-05-26T10:24:18Z'
    'Date': 'Tue, 26 May 2026 10:24:34 GMT'
2026-05-26 15:54:35,585 | INFO | Resource Group already exists: AutoProjectRG
2026-05-26 15:54:36,275 | INFO | AzureCliCredential.get_token_info succeeded
2026-05-26 15:54:36,275 | INFO | Request URL: 'https://management.azure.com/subscriptions/a8bd7b1b-b9aa-4283-aec4-2040b847d926/resourceGroups/AutoProjectRG/providers/Microsoft.Network/virtualNetworks/ProjectVNet?api-version=2025-05-01'
Request method: 'PUT'
Request headers:
    'Content-Type': 'application/json'
    'Content-Length': '98'
    'Accept': 'application/json'
    'x-ms-client-request-id': '17da441c-58ed-11f1-b452-4c034fe7e914'
    'User-Agent': 'azsdk-python-mgmt-network/30.2.0 Python/3.12.0 (Windows-11-10.0.22621-SP0)'
    'Authorization': 'REDACTED'
A body is sent with the request
2026-05-26 15:54:36,672 | INFO | Request URL: 'https://management.azure.com/subscriptions/a8bd7b1b-b9aa-4283-aec4-2040b847d926/resourceGroups/AutoProjectRG/providers/Microsoft.Network/virtualNetworks/ProjectVNet?api-version=2025-05-01'
Request method: 'PUT'
Request headers:
    'Content-Type': 'application/json'
    'Content-Length': '98'
    'Accept': 'application/json'
    'x-ms-client-request-id': '17da441c-58ed-11f1-b452-4c034fe7e914'
    'User-Agent': 'azsdk-python-mgmt-network/30.2.0 Python/3.12.0 (Windows-11-10.0.22621-SP0)'
    'Authorization': 'REDACTED'
A body is sent with the request
2026-05-26 15:54:38,561 | INFO | Request URL: 'https://management.azure.com/subscriptions/a8bd7b1b-b9aa-4283-aec4-2040b847d926/resourceGroups/AutoProjectRG/providers/Microsoft.Network/virtualNetworks/ProjectVNet?api-version=2025-05-01'
Request method: 'PUT'
Request headers:
    'Content-Type': 'application/json'
    'Content-Length': '98'
    'Accept': 'application/json'
    'x-ms-client-request-id': '17da441c-58ed-11f1-b452-4c034fe7e914'
    'User-Agent': 'azsdk-python-mgmt-network/30.2.0 Python/3.12.0 (Windows-11-10.0.22621-SP0)'
    'Authorization': 'REDACTED'
A body is sent with the request
2026-05-26 15:54:39,732 | INFO | Response status: 201
Response headers:
    'Cache-Control': 'no-cache'
    'Pragma': 'no-cache'
    'Content-Length': '549'
    'Content-Type': 'application/json; charset=utf-8'
    'Expires': '-1'
    'Retry-After': '3'
    'x-ms-request-id': 'c3870fda-1973-4f5d-9e79-2961284ff514'
    'Azure-AsyncOperation': 'REDACTED'
    'x-ms-throttle-levels': 'REDACTED'
    'x-ms-correlation-request-id': 'REDACTED'
    'Azure-AsyncNotification': 'REDACTED'
    'x-ms-arm-service-request-id': 'REDACTED'
    'Strict-Transport-Security': 'REDACTED'
    'x-ms-operation-identifier': 'REDACTED'
    'x-ms-ratelimit-remaining-subscription-writes': '199'
    'x-ms-ratelimit-remaining-subscription-global-writes': 'REDACTED'
    'x-ms-routing-request-id': 'REDACTED'
    'X-Content-Type-Options': 'REDACTED'
    'X-Cache': 'REDACTED'
    'X-MSEdge-Ref': 'Ref A: FDFB534E7BF946E9A13EE2AE1F8F200F Ref B: PNQ231110906025 Ref C: 2026-05-26T10:24:38Z'
    'Date': 'Tue, 26 May 2026 10:24:39 GMT'
2026-05-26 15:54:39,735 | INFO | Request URL: 'https://management.azure.com/subscriptions/a8bd7b1b-b9aa-4283-aec4-2040b847d926/providers/Microsoft.Network/locations/centralindia/operations/c3870fda-1973-4f5d-9e79-2961284ff514?api-version=2025-05-01&t=REDACTED&c=REDACTED&s=REDACTED&h=REDACTED'
Request method: 'GET'
Request headers:
    'x-ms-client-request-id': '17da441c-58ed-11f1-b452-4c034fe7e914'
    'User-Agent': 'azsdk-python-mgmt-network/30.2.0 Python/3.12.0 (Windows-11-10.0.22621-SP0)'
    'Authorization': 'REDACTED'
No body was attached to the request
2026-05-26 15:54:40,513 | INFO | Response status: 200
Response headers:
    'Cache-Control': 'no-cache'
    'Pragma': 'no-cache'
    'Content-Length': '23'
    'Content-Type': 'application/json; charset=utf-8'
    'Expires': '-1'
    'Retry-After': '10'
    'x-ms-request-id': 'a60f521d-66bc-4ffb-80f2-6ffaad793c5d'
    'x-ms-throttle-levels': 'REDACTED'
    'x-ms-correlation-request-id': 'REDACTED'
    'x-ms-arm-service-request-id': 'REDACTED'
    'Strict-Transport-Security': 'REDACTED'
    'x-ms-operation-identifier': 'REDACTED'
    'x-ms-ratelimit-remaining-subscription-reads': '249'
    'x-ms-ratelimit-remaining-subscription-global-reads': 'REDACTED'
    'x-ms-routing-request-id': 'REDACTED'
    'X-Content-Type-Options': 'REDACTED'
    'X-Cache': 'REDACTED'
    'X-MSEdge-Ref': 'Ref A: 0D9982284206494DBE0219788B6440D8 Ref B: PNQ231110906025 Ref C: 2026-05-26T10:24:39Z'
    'Date': 'Tue, 26 May 2026 10:24:40 GMT'
2026-05-26 15:54:50,515 | INFO | Request URL: 'https://management.azure.com/subscriptions/a8bd7b1b-b9aa-4283-aec4-2040b847d926/providers/Microsoft.Network/locations/centralindia/operations/c3870fda-1973-4f5d-9e79-2961284ff514?api-version=2025-05-01&t=REDACTED&c=REDACTED&s=REDACTED&h=REDACTED'
Request method: 'GET'
Request headers:
    'x-ms-client-request-id': '17da441c-58ed-11f1-b452-4c034fe7e914'
    'User-Agent': 'azsdk-python-mgmt-network/30.2.0 Python/3.12.0 (Windows-11-10.0.22621-SP0)'
    'Authorization': 'REDACTED'
No body was attached to the request
2026-05-26 15:54:51,769 | INFO | Response status: 200
Response headers:
    'Cache-Control': 'no-cache'
    'Pragma': 'no-cache'
    'Content-Length': '22'
    'Content-Type': 'application/json; charset=utf-8'
    'Expires': '-1'
    'x-ms-request-id': 'a90402ca-db5e-40a8-9d52-fa7be1541f64'
    'x-ms-throttle-levels': 'REDACTED'
    'x-ms-correlation-request-id': 'REDACTED'
    'x-ms-arm-service-request-id': 'REDACTED'
    'Strict-Transport-Security': 'REDACTED'
    'x-ms-operation-identifier': 'REDACTED'
    'x-ms-ratelimit-remaining-subscription-reads': '249'
    'x-ms-ratelimit-remaining-subscription-global-reads': 'REDACTED'
    'x-ms-routing-request-id': 'REDACTED'
    'X-Content-Type-Options': 'REDACTED'
    'X-Cache': 'REDACTED'
    'X-MSEdge-Ref': 'Ref A: C669BD7000134038AB487DB51460FFF2 Ref B: PNQ231110906025 Ref C: 2026-05-26T10:24:50Z'
    'Date': 'Tue, 26 May 2026 10:24:51 GMT'
2026-05-26 15:54:51,780 | INFO | Request URL: 'https://management.azure.com/subscriptions/a8bd7b1b-b9aa-4283-aec4-2040b847d926/resourceGroups/AutoProjectRG/providers/Microsoft.Network/virtualNetworks/ProjectVNet?api-version=2025-05-01'
Request method: 'GET'
Request headers:
    'x-ms-client-request-id': '17da441c-58ed-11f1-b452-4c034fe7e914'
    'User-Agent': 'azsdk-python-mgmt-network/30.2.0 Python/3.12.0 (Windows-11-10.0.22621-SP0)'
    'Authorization': 'REDACTED'
No body was attached to the request
2026-05-26 15:54:52,681 | INFO | Response status: 200
Response headers:
    'Cache-Control': 'no-cache'
    'Pragma': 'no-cache'
    'Content-Length': '550'
    'Content-Type': 'application/json; charset=utf-8'
    'Expires': '-1'
    'x-ms-request-id': 'ec10c4f0-79a8-40f6-83e3-823aaf9ef63a'
    'x-ms-throttle-levels': 'REDACTED'
    'x-ms-correlation-request-id': 'REDACTED'
    'x-ms-arm-service-request-id': 'REDACTED'
    'Strict-Transport-Security': 'REDACTED'
    'x-ms-ratelimit-remaining-subscription-reads': '249'
    'x-ms-ratelimit-remaining-subscription-global-reads': 'REDACTED'
    'x-ms-routing-request-id': 'REDACTED'
    'X-Content-Type-Options': 'REDACTED'
    'X-Cache': 'REDACTED'
    'X-MSEdge-Ref': 'Ref A: 1D7FBFEBF269463DA0470292E7F8E482 Ref B: PNQ231110906025 Ref C: 2026-05-26T10:24:51Z'
    'Date': 'Tue, 26 May 2026 10:24:52 GMT'
2026-05-26 15:54:52,682 | INFO | Virtual Network created
2026-05-26 15:54:52,682 | INFO | Request URL: 'https://management.azure.com/subscriptions/a8bd7b1b-b9aa-4283-aec4-2040b847d926/resourceGroups/AutoProjectRG/providers/Microsoft.Network/virtualNetworks/ProjectVNet/subnets/DefaultSubnet?api-version=2025-05-01'
Request method: 'PUT'
Request headers:
    'Content-Type': 'application/json'
    'Content-Length': '48'
    'Accept': 'application/json'
    'x-ms-client-request-id': '220adf8b-58ed-11f1-a9e8-4c034fe7e914'
    'User-Agent': 'azsdk-python-mgmt-network/30.2.0 Python/3.12.0 (Windows-11-10.0.22621-SP0)'
    'Authorization': 'REDACTED'
A body is sent with the request
2026-05-26 15:54:53,923 | INFO | Response status: 201
Response headers:
    'Cache-Control': 'no-cache'
    'Pragma': 'no-cache'
    'Content-Length': '476'
    'Content-Type': 'application/json; charset=utf-8'
    'Expires': '-1'
    'Retry-After': '3'
    'x-ms-request-id': '38d6f51d-c207-4d58-bba2-214b3b08c4c0'
    'Azure-AsyncOperation': 'REDACTED'
    'x-ms-throttle-levels': 'REDACTED'
    'x-ms-correlation-request-id': 'REDACTED'
    'Azure-AsyncNotification': 'REDACTED'
    'x-ms-arm-service-request-id': 'REDACTED'
    'Strict-Transport-Security': 'REDACTED'
    'x-ms-operation-identifier': 'REDACTED'
    'x-ms-ratelimit-remaining-subscription-writes': '199'
    'x-ms-ratelimit-remaining-subscription-global-writes': 'REDACTED'
    'x-ms-routing-request-id': 'REDACTED'
    'X-Content-Type-Options': 'REDACTED'
    'X-Cache': 'REDACTED'
    'X-MSEdge-Ref': 'Ref A: 773013DC5AFE4A9F8C34560D197828B0 Ref B: PNQ231110906025 Ref C: 2026-05-26T10:24:52Z'
    'Date': 'Tue, 26 May 2026 10:24:53 GMT'
2026-05-26 15:54:53,925 | INFO | Request URL: 'https://management.azure.com/subscriptions/a8bd7b1b-b9aa-4283-aec4-2040b847d926/providers/Microsoft.Network/locations/centralindia/operations/38d6f51d-c207-4d58-bba2-214b3b08c4c0?api-version=2025-05-01&t=REDACTED&c=REDACTED&s=REDACTED&h=REDACTED'
Request method: 'GET'
Request headers:
    'x-ms-client-request-id': '220adf8b-58ed-11f1-a9e8-4c034fe7e914'
    'User-Agent': 'azsdk-python-mgmt-network/30.2.0 Python/3.12.0 (Windows-11-10.0.22621-SP0)'
    'Authorization': 'REDACTED'
No body was attached to the request
2026-05-26 15:54:55,217 | INFO | Response status: 200
Response headers:
    'Cache-Control': 'no-cache'
    'Pragma': 'no-cache'
    'Content-Length': '22'
    'Content-Type': 'application/json; charset=utf-8'
    'Expires': '-1'
    'x-ms-request-id': '5fe0f9fd-ce13-4b31-a35c-e89a0571cd5c'
    'x-ms-throttle-levels': 'REDACTED'
    'x-ms-correlation-request-id': 'REDACTED'
    'x-ms-arm-service-request-id': 'REDACTED'
    'Strict-Transport-Security': 'REDACTED'
    'x-ms-operation-identifier': 'REDACTED'
    'x-ms-ratelimit-remaining-subscription-reads': '249'
    'x-ms-ratelimit-remaining-subscription-global-reads': 'REDACTED'
    'x-ms-routing-request-id': 'REDACTED'
    'X-Content-Type-Options': 'REDACTED'
    'X-Cache': 'REDACTED'
    'X-MSEdge-Ref': 'Ref A: F495949A25FD449A850D8DDFDC6925AF Ref B: PNQ231110906025 Ref C: 2026-05-26T10:24:53Z'
    'Date': 'Tue, 26 May 2026 10:24:54 GMT'
2026-05-26 15:54:55,217 | INFO | Request URL: 'https://management.azure.com/subscriptions/a8bd7b1b-b9aa-4283-aec4-2040b847d926/resourceGroups/AutoProjectRG/providers/Microsoft.Network/virtualNetworks/ProjectVNet/subnets/DefaultSubnet?api-version=2025-05-01'
Request method: 'GET'
Request headers:
    'x-ms-client-request-id': '220adf8b-58ed-11f1-a9e8-4c034fe7e914'
    'User-Agent': 'azsdk-python-mgmt-network/30.2.0 Python/3.12.0 (Windows-11-10.0.22621-SP0)'
    'Authorization': 'REDACTED'
No body was attached to the request
2026-05-26 15:54:55,775 | INFO | Response status: 200
Response headers:
    'Cache-Control': 'no-cache'
    'Pragma': 'no-cache'
    'Content-Length': '477'
    'Content-Type': 'application/json; charset=utf-8'
    'Expires': '-1'
    'ETag': 'W/"127ff287-3b94-48a3-918f-d861363163fe"'
    'x-ms-request-id': '71a20476-aa31-4aa9-a21d-1ef03cd0dbaa'
    'x-ms-throttle-levels': 'REDACTED'
    'x-ms-correlation-request-id': 'REDACTED'
    'x-ms-arm-service-request-id': 'REDACTED'
    'Strict-Transport-Security': 'REDACTED'
    'x-ms-operation-identifier': 'REDACTED'
    'x-ms-ratelimit-remaining-subscription-reads': '249'
    'x-ms-ratelimit-remaining-subscription-global-reads': 'REDACTED'
    'x-ms-routing-request-id': 'REDACTED'
    'X-Content-Type-Options': 'REDACTED'
    'X-Cache': 'REDACTED'
    'X-MSEdge-Ref': 'Ref A: B4BF9FBAB2894C0DBD0ABA4893E5D855 Ref B: PNQ231110906025 Ref C: 2026-05-26T10:24:55Z'
    'Date': 'Tue, 26 May 2026 10:24:55 GMT'
2026-05-26 15:54:55,776 | INFO | Subnet created
2026-05-26 15:54:55,777 | INFO | Request URL: 'https://management.azure.com/subscriptions/a8bd7b1b-b9aa-4283-aec4-2040b847d926/resourceGroups/AutoProjectRG/providers/Microsoft.Network/publicIPAddresses/ProjectPublicIP?api-version=2025-05-01'
Request method: 'PUT'
Request headers:
    'Content-Type': 'application/json'
    'Content-Length': '111'
    'Accept': 'application/json'
    'x-ms-client-request-id': '23e32131-58ed-11f1-94d1-4c034fe7e914'
    'User-Agent': 'azsdk-python-mgmt-network/30.2.0 Python/3.12.0 (Windows-11-10.0.22621-SP0)'
    'Authorization': 'REDACTED'
A body is sent with the request
2026-05-26 15:54:56,483 | INFO | Response status: 201
Response headers:
    'Cache-Control': 'no-cache'
    'Pragma': 'no-cache'
    'Content-Length': '608'
    'Content-Type': 'application/json; charset=utf-8'
    'Expires': '-1'
    'Retry-After': '1'
    'x-ms-request-id': 'c9c986f3-daa3-40f2-b4fa-3b56da06bc02'
    'Azure-AsyncOperation': 'REDACTED'
    'x-ms-throttle-levels': 'REDACTED'
    'x-ms-correlation-request-id': 'REDACTED'
    'Azure-AsyncNotification': 'REDACTED'
    'x-ms-arm-service-request-id': 'REDACTED'
    'Strict-Transport-Security': 'REDACTED'
    'x-ms-operation-identifier': 'REDACTED'
    'x-ms-ratelimit-remaining-subscription-writes': '199'
    'x-ms-ratelimit-remaining-subscription-global-writes': 'REDACTED'
    'x-ms-routing-request-id': 'REDACTED'
    'X-Content-Type-Options': 'REDACTED'
    'X-Cache': 'REDACTED'
    'X-MSEdge-Ref': 'Ref A: 7E42D69B935041DA8C56496779875C41 Ref B: PNQ231110906025 Ref C: 2026-05-26T10:24:55Z'
    'Date': 'Tue, 26 May 2026 10:24:56 GMT'
2026-05-26 15:54:56,484 | INFO | Request URL: 'https://management.azure.com/subscriptions/a8bd7b1b-b9aa-4283-aec4-2040b847d926/providers/Microsoft.Network/locations/centralindia/operations/c9c986f3-daa3-40f2-b4fa-3b56da06bc02?api-version=2025-05-01&t=REDACTED&c=REDACTED&s=REDACTED&h=REDACTED'
Request method: 'GET'
Request headers:
    'x-ms-client-request-id': '23e32131-58ed-11f1-94d1-4c034fe7e914'
    'User-Agent': 'azsdk-python-mgmt-network/30.2.0 Python/3.12.0 (Windows-11-10.0.22621-SP0)'
    'Authorization': 'REDACTED'
No body was attached to the request
2026-05-26 15:54:57,252 | INFO | Response status: 200
Response headers:
    'Cache-Control': 'no-cache'
    'Pragma': 'no-cache'
    'Content-Length': '22'
    'Content-Type': 'application/json; charset=utf-8'
    'Expires': '-1'
    'x-ms-request-id': '1f71df64-5611-45f1-9ed6-d85db6a9ce27'
    'x-ms-throttle-levels': 'REDACTED'
    'x-ms-correlation-request-id': 'REDACTED'
    'x-ms-arm-service-request-id': 'REDACTED'
    'Strict-Transport-Security': 'REDACTED'
    'x-ms-operation-identifier': 'REDACTED'
    'x-ms-ratelimit-remaining-subscription-reads': '249'
    'x-ms-ratelimit-remaining-subscription-global-reads': 'REDACTED'
    'x-ms-routing-request-id': 'REDACTED'
    'X-Content-Type-Options': 'REDACTED'
    'X-Cache': 'REDACTED'
    'X-MSEdge-Ref': 'Ref A: 5803401E41884D8BB55335473AC0C655 Ref B: PNQ231110906025 Ref C: 2026-05-26T10:24:56Z'
    'Date': 'Tue, 26 May 2026 10:24:56 GMT'
2026-05-26 15:54:57,252 | INFO | Request URL: 'https://management.azure.com/subscriptions/a8bd7b1b-b9aa-4283-aec4-2040b847d926/resourceGroups/AutoProjectRG/providers/Microsoft.Network/publicIPAddresses/ProjectPublicIP?api-version=2025-05-01'
Request method: 'GET'
Request headers:
    'x-ms-client-request-id': '23e32131-58ed-11f1-94d1-4c034fe7e914'
    'User-Agent': 'azsdk-python-mgmt-network/30.2.0 Python/3.12.0 (Windows-11-10.0.22621-SP0)'
    'Authorization': 'REDACTED'
No body was attached to the request
2026-05-26 15:54:57,620 | INFO | Response status: 200
Response headers:
    'Cache-Control': 'no-cache'
    'Pragma': 'no-cache'
    'Content-Length': '637'
    'Content-Type': 'application/json; charset=utf-8'
    'Expires': '-1'
    'ETag': 'W/"ab1e0af4-cf7c-4864-9637-131f4536f4fb"'
    'x-ms-request-id': 'a5c6e3ef-6247-4265-8fb7-aef69d31d08e'
    'x-ms-throttle-levels': 'REDACTED'
    'x-ms-correlation-request-id': 'REDACTED'
    'x-ms-arm-service-request-id': 'REDACTED'
    'Strict-Transport-Security': 'REDACTED'
    'x-ms-ratelimit-remaining-subscription-reads': '249'
    'x-ms-ratelimit-remaining-subscription-global-reads': 'REDACTED'
    'x-ms-routing-request-id': 'REDACTED'
    'X-Content-Type-Options': 'REDACTED'
    'X-Cache': 'REDACTED'
    'X-MSEdge-Ref': 'Ref A: C0E5303BB6154ABCAB808015FB0F9F19 Ref B: PNQ231110906025 Ref C: 2026-05-26T10:24:57Z'
    'Date': 'Tue, 26 May 2026 10:24:57 GMT'
2026-05-26 15:54:57,621 | INFO | Public IP created
2026-05-26 15:54:57,621 | INFO | Request URL: 'https://management.azure.com/subscriptions/a8bd7b1b-b9aa-4283-aec4-2040b847d926/resourceGroups/AutoProjectRG/providers/Microsoft.Network/networkSecurityGroups/ProjectNSG?api-version=2025-05-01'
Request method: 'PUT'
Request headers:
    'Content-Type': 'application/json'
    'Content-Length': '28'
    'Accept': 'application/json'
    'x-ms-client-request-id': '24fc6bc3-58ed-11f1-8150-4c034fe7e914'
    'User-Agent': 'azsdk-python-mgmt-network/30.2.0 Python/3.12.0 (Windows-11-10.0.22621-SP0)'
    'Authorization': 'REDACTED'
A body is sent with the request
2026-05-26 15:54:58,886 | INFO | Response status: 201
Response headers:
    'Cache-Control': 'no-cache'
    'Pragma': 'no-cache'
    'Content-Length': '4897'
    'Content-Type': 'application/json; charset=utf-8'
    'Expires': '-1'
    'Retry-After': '1'
    'x-ms-request-id': '065d4fe5-a15c-4115-8a2f-64eefc679ed5'
    'Azure-AsyncOperation': 'REDACTED'
    'x-ms-throttle-levels': 'REDACTED'
    'x-ms-correlation-request-id': 'REDACTED'
    'Azure-AsyncNotification': 'REDACTED'
    'x-ms-arm-service-request-id': 'REDACTED'
    'Strict-Transport-Security': 'REDACTED'
    'x-ms-operation-identifier': 'REDACTED'
    'x-ms-ratelimit-remaining-subscription-writes': '199'
    'x-ms-ratelimit-remaining-subscription-global-writes': 'REDACTED'
    'x-ms-routing-request-id': 'REDACTED'
    'X-Content-Type-Options': 'REDACTED'
    'X-Cache': 'REDACTED'
    'X-MSEdge-Ref': 'Ref A: 92E8062F728F4A94930FAD4875992AAE Ref B: PNQ231110906025 Ref C: 2026-05-26T10:24:57Z'
    'Date': 'Tue, 26 May 2026 10:24:58 GMT'
2026-05-26 15:54:58,893 | INFO | Request URL: 'https://management.azure.com/subscriptions/a8bd7b1b-b9aa-4283-aec4-2040b847d926/providers/Microsoft.Network/locations/centralindia/operations/065d4fe5-a15c-4115-8a2f-64eefc679ed5?api-version=2025-05-01&t=REDACTED&c=REDACTED&s=REDACTED&h=REDACTED'
Request method: 'GET'
Request headers:
    'x-ms-client-request-id': '24fc6bc3-58ed-11f1-8150-4c034fe7e914'
    'User-Agent': 'azsdk-python-mgmt-network/30.2.0 Python/3.12.0 (Windows-11-10.0.22621-SP0)'
    'Authorization': 'REDACTED'
No body was attached to the request
2026-05-26 15:54:59,804 | INFO | Response status: 200
Response headers:
    'Cache-Control': 'no-cache'
    'Pragma': 'no-cache'
    'Content-Length': '22'
    'Content-Type': 'application/json; charset=utf-8'
    'Expires': '-1'
    'x-ms-request-id': 'd606f0bf-df22-4a13-8061-3c07ab3c74ca'
    'x-ms-throttle-levels': 'REDACTED'
    'x-ms-correlation-request-id': 'REDACTED'
    'x-ms-arm-service-request-id': 'REDACTED'
    'Strict-Transport-Security': 'REDACTED'
    'x-ms-operation-identifier': 'REDACTED'
    'x-ms-ratelimit-remaining-subscription-reads': '249'
    'x-ms-ratelimit-remaining-subscription-global-reads': 'REDACTED'
    'x-ms-routing-request-id': 'REDACTED'
    'X-Content-Type-Options': 'REDACTED'
    'X-Cache': 'REDACTED'
    'X-MSEdge-Ref': 'Ref A: 6A4895CBAFB44A88BC2153CFAB9A22C7 Ref B: PNQ231110906025 Ref C: 2026-05-26T10:24:59Z'
    'Date': 'Tue, 26 May 2026 10:24:59 GMT'
2026-05-26 15:54:59,804 | INFO | Request URL: 'https://management.azure.com/subscriptions/a8bd7b1b-b9aa-4283-aec4-2040b847d926/resourceGroups/AutoProjectRG/providers/Microsoft.Network/networkSecurityGroups/ProjectNSG?api-version=2025-05-01'
Request method: 'GET'
Request headers:
    'x-ms-client-request-id': '24fc6bc3-58ed-11f1-8150-4c034fe7e914'
    'User-Agent': 'azsdk-python-mgmt-network/30.2.0 Python/3.12.0 (Windows-11-10.0.22621-SP0)'
    'Authorization': 'REDACTED'
No body was attached to the request
2026-05-26 15:54:59,986 | INFO | Response status: 200
Response headers:
    'Cache-Control': 'no-cache'
    'Pragma': 'no-cache'
    'Content-Length': '4904'
    'Content-Type': 'application/json; charset=utf-8'
    'Expires': '-1'
    'ETag': 'W/"553042fd-32c0-497a-aa1b-025ed4cee405"'
    'x-ms-request-id': '3311fc40-e9f4-40e1-b2b5-81f03f11371d'
    'x-ms-throttle-levels': 'REDACTED'
    'x-ms-correlation-request-id': 'REDACTED'
    'x-ms-arm-service-request-id': 'REDACTED'
    'Strict-Transport-Security': 'REDACTED'
    'x-ms-ratelimit-remaining-subscription-reads': '249'
    'x-ms-ratelimit-remaining-subscription-global-reads': 'REDACTED'
    'x-ms-routing-request-id': 'REDACTED'
    'X-Content-Type-Options': 'REDACTED'
    'X-Cache': 'REDACTED'
    'X-MSEdge-Ref': 'Ref A: FC603D64BAF84EC9AA75072648401ECB Ref B: PNQ231110906025 Ref C: 2026-05-26T10:24:59Z'
    'Date': 'Tue, 26 May 2026 10:24:59 GMT'
2026-05-26 15:54:59,987 | INFO | NSG created
2026-05-26 15:54:59,987 | INFO | Request URL: 'https://management.azure.com/subscriptions/a8bd7b1b-b9aa-4283-aec4-2040b847d926/resourceGroups/AutoProjectRG/providers/Microsoft.Network/networkSecurityGroups/ProjectNSG/securityRules/AllowSSH?api-version=2025-05-01'
Request method: 'PUT'
Request headers:
    'Content-Type': 'application/json'
    'Content-Length': '211'
    'Accept': 'application/json'
    'x-ms-client-request-id': '26658d56-58ed-11f1-bd46-4c034fe7e914'
    'User-Agent': 'azsdk-python-mgmt-network/30.2.0 Python/3.12.0 (Windows-11-10.0.22621-SP0)'
    'Authorization': 'REDACTED'
A body is sent with the request
2026-05-26 15:55:00,852 | INFO | Response status: 201
Response headers:
    'Cache-Control': 'no-cache'
    'Pragma': 'no-cache'
    'Content-Length': '639'
    'Content-Type': 'application/json; charset=utf-8'
    'Expires': '-1'
    'Retry-After': '1'
    'x-ms-request-id': '0fee8d63-695a-4f1a-9655-a6d402f231e6'
    'Azure-AsyncOperation': 'REDACTED'
    'x-ms-throttle-levels': 'REDACTED'
    'x-ms-correlation-request-id': 'REDACTED'
    'Azure-AsyncNotification': 'REDACTED'
    'x-ms-arm-service-request-id': 'REDACTED'
    'Strict-Transport-Security': 'REDACTED'
    'x-ms-operation-identifier': 'REDACTED'
    'x-ms-ratelimit-remaining-subscription-writes': '199'
    'x-ms-ratelimit-remaining-subscription-global-writes': 'REDACTED'
    'x-ms-routing-request-id': 'REDACTED'
    'X-Content-Type-Options': 'REDACTED'
    'X-Cache': 'REDACTED'
    'X-MSEdge-Ref': 'Ref A: 10E65B6B695E494DAE0D26AE041D90E1 Ref B: PNQ231110906025 Ref C: 2026-05-26T10:24:59Z'
    'Date': 'Tue, 26 May 2026 10:25:00 GMT'
2026-05-26 15:55:00,853 | INFO | Request URL: 'https://management.azure.com/subscriptions/a8bd7b1b-b9aa-4283-aec4-2040b847d926/providers/Microsoft.Network/locations/centralindia/operations/0fee8d63-695a-4f1a-9655-a6d402f231e6?api-version=2025-05-01&t=REDACTED&c=REDACTED&s=REDACTED&h=REDACTED'
Request method: 'GET'
Request headers:
    'x-ms-client-request-id': '26658d56-58ed-11f1-bd46-4c034fe7e914'
    'User-Agent': 'azsdk-python-mgmt-network/30.2.0 Python/3.12.0 (Windows-11-10.0.22621-SP0)'
    'Authorization': 'REDACTED'
No body was attached to the request
2026-05-26 15:55:01,482 | INFO | Response status: 200
Response headers:
    'Cache-Control': 'no-cache'
    'Pragma': 'no-cache'
    'Content-Length': '22'
    'Content-Type': 'application/json; charset=utf-8'
    'Expires': '-1'
    'x-ms-request-id': 'b8010cc8-f18d-4330-9505-fd283c2b2a53'
    'x-ms-throttle-levels': 'REDACTED'
    'x-ms-correlation-request-id': 'REDACTED'
    'x-ms-arm-service-request-id': 'REDACTED'
    'Strict-Transport-Security': 'REDACTED'
    'x-ms-operation-identifier': 'REDACTED'
    'x-ms-ratelimit-remaining-subscription-reads': '249'
    'x-ms-ratelimit-remaining-subscription-global-reads': 'REDACTED'
    'x-ms-routing-request-id': 'REDACTED'
    'X-Content-Type-Options': 'REDACTED'
    'X-Cache': 'REDACTED'
    'X-MSEdge-Ref': 'Ref A: BFEB9E85D7C847DAB7AAC9290550FA26 Ref B: PNQ231110906025 Ref C: 2026-05-26T10:25:00Z'
    'Date': 'Tue, 26 May 2026 10:25:00 GMT'
2026-05-26 15:55:01,483 | INFO | Request URL: 'https://management.azure.com/subscriptions/a8bd7b1b-b9aa-4283-aec4-2040b847d926/resourceGroups/AutoProjectRG/providers/Microsoft.Network/networkSecurityGroups/ProjectNSG/securityRules/AllowSSH?api-version=2025-05-01'
Request method: 'GET'
Request headers:
    'x-ms-client-request-id': '26658d56-58ed-11f1-bd46-4c034fe7e914'
    'User-Agent': 'azsdk-python-mgmt-network/30.2.0 Python/3.12.0 (Windows-11-10.0.22621-SP0)'
    'Authorization': 'REDACTED'
No body was attached to the request
2026-05-26 15:55:01,751 | INFO | Response status: 200
Response headers:
    'Cache-Control': 'no-cache'
    'Pragma': 'no-cache'
    'Content-Length': '640'
    'Content-Type': 'application/json; charset=utf-8'
    'Expires': '-1'
    'ETag': 'W/"599a8d0c-ec58-4f70-b8ea-31d1475c4f0f"'
    'x-ms-request-id': '215ed892-6eba-41a3-b3c2-a45906d462e4'
    'x-ms-throttle-levels': 'REDACTED'
    'x-ms-correlation-request-id': 'REDACTED'
    'x-ms-arm-service-request-id': 'REDACTED'
    'Strict-Transport-Security': 'REDACTED'
    'x-ms-operation-identifier': 'REDACTED'
    'x-ms-ratelimit-remaining-subscription-reads': '249'
    'x-ms-ratelimit-remaining-subscription-global-reads': 'REDACTED'
    'x-ms-routing-request-id': 'REDACTED'
    'X-Content-Type-Options': 'REDACTED'
    'X-Cache': 'REDACTED'
    'X-MSEdge-Ref': 'Ref A: C1D07CD43B4C4507BFD3DE425CFBDD99 Ref B: PNQ231110906025 Ref C: 2026-05-26T10:25:01Z'
    'Date': 'Tue, 26 May 2026 10:25:01 GMT'
2026-05-26 15:55:01,752 | INFO | SSH rule created
2026-05-26 15:55:01,753 | INFO | Request URL: 'https://management.azure.com/subscriptions/a8bd7b1b-b9aa-4283-aec4-2040b847d926/resourceGroups/AutoProjectRG/providers/Microsoft.Network/networkSecurityGroups/ProjectNSG/securityRules/AllowHTTP?api-version=2025-05-01'
Request method: 'PUT'
Request headers:
    'Content-Type': 'application/json'
    'Content-Length': '211'
    'Accept': 'application/json'
    'x-ms-client-request-id': '2772fff2-58ed-11f1-a0fa-4c034fe7e914'
    'User-Agent': 'azsdk-python-mgmt-network/30.2.0 Python/3.12.0 (Windows-11-10.0.22621-SP0)'
    'Authorization': 'REDACTED'
A body is sent with the request
2026-05-26 15:55:02,923 | INFO | Response status: 201
Response headers:
    'Cache-Control': 'no-cache'
    'Pragma': 'no-cache'
    'Content-Length': '641'
    'Content-Type': 'application/json; charset=utf-8'
    'Expires': '-1'
    'Retry-After': '1'
    'x-ms-request-id': 'ef6f0aec-4a2d-4a0d-8801-5c959347ca0e'
    'Azure-AsyncOperation': 'REDACTED'
    'x-ms-throttle-levels': 'REDACTED'
    'x-ms-correlation-request-id': 'REDACTED'
    'Azure-AsyncNotification': 'REDACTED'
    'x-ms-arm-service-request-id': 'REDACTED'
    'Strict-Transport-Security': 'REDACTED'
    'x-ms-operation-identifier': 'REDACTED'
    'x-ms-ratelimit-remaining-subscription-writes': '199'
    'x-ms-ratelimit-remaining-subscription-global-writes': 'REDACTED'
    'x-ms-routing-request-id': 'REDACTED'
    'X-Content-Type-Options': 'REDACTED'
    'X-Cache': 'REDACTED'
    'X-MSEdge-Ref': 'Ref A: 26C6F712FA1341D6AC18AC96F70C992A Ref B: PNQ231110906025 Ref C: 2026-05-26T10:25:01Z'
    'Date': 'Tue, 26 May 2026 10:25:02 GMT'
2026-05-26 15:55:02,924 | INFO | Request URL: 'https://management.azure.com/subscriptions/a8bd7b1b-b9aa-4283-aec4-2040b847d926/providers/Microsoft.Network/locations/centralindia/operations/ef6f0aec-4a2d-4a0d-8801-5c959347ca0e?api-version=2025-05-01&t=REDACTED&c=REDACTED&s=REDACTED&h=REDACTED'
Request method: 'GET'
Request headers:
    'x-ms-client-request-id': '2772fff2-58ed-11f1-a0fa-4c034fe7e914'
    'User-Agent': 'azsdk-python-mgmt-network/30.2.0 Python/3.12.0 (Windows-11-10.0.22621-SP0)'
    'Authorization': 'REDACTED'
No body was attached to the request
2026-05-26 15:55:03,821 | INFO | Response status: 200
Response headers:
    'Cache-Control': 'no-cache'
    'Pragma': 'no-cache'
    'Content-Length': '22'
    'Content-Type': 'application/json; charset=utf-8'
    'Expires': '-1'
    'x-ms-request-id': '7c6b27a6-bdc9-4c3d-8c9d-7716e28b3513'
    'x-ms-throttle-levels': 'REDACTED'
    'x-ms-correlation-request-id': 'REDACTED'
    'x-ms-arm-service-request-id': 'REDACTED'
    'Strict-Transport-Security': 'REDACTED'
    'x-ms-operation-identifier': 'REDACTED'
    'x-ms-ratelimit-remaining-subscription-reads': '249'
    'x-ms-ratelimit-remaining-subscription-global-reads': 'REDACTED'
    'x-ms-routing-request-id': 'REDACTED'
    'X-Content-Type-Options': 'REDACTED'
    'X-Cache': 'REDACTED'
    'X-MSEdge-Ref': 'Ref A: 11F651959924411496EEB3DD2C8ECCEB Ref B: PNQ231110906025 Ref C: 2026-05-26T10:25:03Z'
    'Date': 'Tue, 26 May 2026 10:25:03 GMT'
2026-05-26 15:55:03,821 | INFO | Request URL: 'https://management.azure.com/subscriptions/a8bd7b1b-b9aa-4283-aec4-2040b847d926/resourceGroups/AutoProjectRG/providers/Microsoft.Network/networkSecurityGroups/ProjectNSG/securityRules/AllowHTTP?api-version=2025-05-01'
Request method: 'GET'
Request headers:
    'x-ms-client-request-id': '2772fff2-58ed-11f1-a0fa-4c034fe7e914'
    'User-Agent': 'azsdk-python-mgmt-network/30.2.0 Python/3.12.0 (Windows-11-10.0.22621-SP0)'
    'Authorization': 'REDACTED'
No body was attached to the request
2026-05-26 15:55:04,274 | INFO | Response status: 200
Response headers:
    'Cache-Control': 'no-cache'
    'Pragma': 'no-cache'
    'Content-Length': '642'
    'Content-Type': 'application/json; charset=utf-8'
    'Expires': '-1'
    'ETag': 'W/"9e7dc190-f742-4153-9e41-17ab28a371ac"'
    'x-ms-request-id': 'e16a711b-7022-4f83-b5d4-bc73a1ecb0f7'
    'x-ms-throttle-levels': 'REDACTED'
    'x-ms-correlation-request-id': 'REDACTED'
    'x-ms-arm-service-request-id': 'REDACTED'
    'Strict-Transport-Security': 'REDACTED'
    'x-ms-operation-identifier': 'REDACTED'
    'x-ms-ratelimit-remaining-subscription-reads': '249'
    'x-ms-ratelimit-remaining-subscription-global-reads': 'REDACTED'
    'x-ms-routing-request-id': 'REDACTED'
    'X-Content-Type-Options': 'REDACTED'
    'X-Cache': 'REDACTED'
    'X-MSEdge-Ref': 'Ref A: B04E89EFC70F4723B46A7FFE4C0FEEA0 Ref B: PNQ231110906025 Ref C: 2026-05-26T10:25:03Z'
    'Date': 'Tue, 26 May 2026 10:25:03 GMT'
2026-05-26 15:55:04,275 | INFO | HTTP rule created
2026-05-26 15:55:04,276 | INFO | Request URL: 'https://management.azure.com/subscriptions/a8bd7b1b-b9aa-4283-aec4-2040b847d926/resourceGroups/AutoProjectRG/providers/Microsoft.Network/networkSecurityGroups/ProjectNSG/securityRules/AllowHTTPS?api-version=2025-05-01'
Request method: 'PUT'
Request headers:
    'Content-Type': 'application/json'
    'Content-Length': '212'
    'Accept': 'application/json'
    'x-ms-client-request-id': '28f3ccac-58ed-11f1-ac06-4c034fe7e914'
    'User-Agent': 'azsdk-python-mgmt-network/30.2.0 Python/3.12.0 (Windows-11-10.0.22621-SP0)'
    'Authorization': 'REDACTED'
A body is sent with the request
2026-05-26 15:55:05,442 | INFO | Response status: 201
Response headers:
    'Cache-Control': 'no-cache'
    'Pragma': 'no-cache'
    'Content-Length': '644'
    'Content-Type': 'application/json; charset=utf-8'
    'Expires': '-1'
    'Retry-After': '1'
    'x-ms-request-id': '5355c50a-8eaa-42b9-9599-6f318aaf7ec7'
    'Azure-AsyncOperation': 'REDACTED'
    'x-ms-throttle-levels': 'REDACTED'
    'x-ms-correlation-request-id': 'REDACTED'
    'Azure-AsyncNotification': 'REDACTED'
    'x-ms-arm-service-request-id': 'REDACTED'
    'Strict-Transport-Security': 'REDACTED'
    'x-ms-operation-identifier': 'REDACTED'
    'x-ms-ratelimit-remaining-subscription-writes': '199'
    'x-ms-ratelimit-remaining-subscription-global-writes': 'REDACTED'
    'x-ms-routing-request-id': 'REDACTED'
    'X-Content-Type-Options': 'REDACTED'
    'X-Cache': 'REDACTED'
    'X-MSEdge-Ref': 'Ref A: 968836A1015944E19DAE82813D292B7C Ref B: PNQ231110906025 Ref C: 2026-05-26T10:25:03Z'
    'Date': 'Tue, 26 May 2026 10:25:04 GMT'
2026-05-26 15:55:05,444 | INFO | Request URL: 'https://management.azure.com/subscriptions/a8bd7b1b-b9aa-4283-aec4-2040b847d926/providers/Microsoft.Network/locations/centralindia/operations/5355c50a-8eaa-42b9-9599-6f318aaf7ec7?api-version=2025-05-01&t=REDACTED&c=REDACTED&s=REDACTED&h=REDACTED'
Request method: 'GET'
Request headers:
    'x-ms-client-request-id': '28f3ccac-58ed-11f1-ac06-4c034fe7e914'
    'User-Agent': 'azsdk-python-mgmt-network/30.2.0 Python/3.12.0 (Windows-11-10.0.22621-SP0)'
    'Authorization': 'REDACTED'
No body was attached to the request
2026-05-26 15:55:06,094 | INFO | Response status: 200
Response headers:
    'Cache-Control': 'no-cache'
    'Pragma': 'no-cache'
    'Content-Length': '22'
    'Content-Type': 'application/json; charset=utf-8'
    'Expires': '-1'
    'x-ms-request-id': '5859bae8-c7ea-4c38-a5dd-007fe36b5fc7'
    'x-ms-throttle-levels': 'REDACTED'
    'x-ms-correlation-request-id': 'REDACTED'
    'x-ms-arm-service-request-id': 'REDACTED'
    'Strict-Transport-Security': 'REDACTED'
    'x-ms-operation-identifier': 'REDACTED'
    'x-ms-ratelimit-remaining-subscription-reads': '249'
    'x-ms-ratelimit-remaining-subscription-global-reads': 'REDACTED'
    'x-ms-routing-request-id': 'REDACTED'
    'X-Content-Type-Options': 'REDACTED'
    'X-Cache': 'REDACTED'
    'X-MSEdge-Ref': 'Ref A: 4485562BB1DB4A0DA133E580CE34705C Ref B: PNQ231110906025 Ref C: 2026-05-26T10:25:05Z'
    'Date': 'Tue, 26 May 2026 10:25:05 GMT'
2026-05-26 15:55:06,094 | INFO | Request URL: 'https://management.azure.com/subscriptions/a8bd7b1b-b9aa-4283-aec4-2040b847d926/resourceGroups/AutoProjectRG/providers/Microsoft.Network/networkSecurityGroups/ProjectNSG/securityRules/AllowHTTPS?api-version=2025-05-01'
Request method: 'GET'
Request headers:
    'x-ms-client-request-id': '28f3ccac-58ed-11f1-ac06-4c034fe7e914'
    'User-Agent': 'azsdk-python-mgmt-network/30.2.0 Python/3.12.0 (Windows-11-10.0.22621-SP0)'
    'Authorization': 'REDACTED'
No body was attached to the request
2026-05-26 15:55:06,342 | INFO | Response status: 200
Response headers:
    'Cache-Control': 'no-cache'
    'Pragma': 'no-cache'
    'Content-Length': '645'
    'Content-Type': 'application/json; charset=utf-8'
    'Expires': '-1'
    'ETag': 'W/"b96a29f1-0e44-427e-a5de-8228fc6e9c9c"'
    'x-ms-request-id': 'd94a147a-132e-481e-ad3e-9acce67de330'
    'x-ms-throttle-levels': 'REDACTED'
    'x-ms-correlation-request-id': 'REDACTED'
    'x-ms-arm-service-request-id': 'REDACTED'
    'Strict-Transport-Security': 'REDACTED'
    'x-ms-operation-identifier': 'REDACTED'
    'x-ms-ratelimit-remaining-subscription-reads': '248'
    'x-ms-ratelimit-remaining-subscription-global-reads': 'REDACTED'
    'x-ms-routing-request-id': 'REDACTED'
    'X-Content-Type-Options': 'REDACTED'
    'X-Cache': 'REDACTED'
    'X-MSEdge-Ref': 'Ref A: 621BE0B50644467C99A4E9033D98D748 Ref B: PNQ231110906025 Ref C: 2026-05-26T10:25:05Z'
    'Date': 'Tue, 26 May 2026 10:25:05 GMT'
2026-05-26 15:55:06,343 | INFO | HTTPS rule created
2026-05-26 15:55:06,344 | INFO | Request URL: 'https://management.azure.com/subscriptions/a8bd7b1b-b9aa-4283-aec4-2040b847d926/resourceGroups/AutoProjectRG/providers/Microsoft.Network/networkInterfaces/ProductionUbuntuVMNic?api-version=2025-05-01'
Request method: 'PUT'
Request headers:
    'Content-Type': 'application/json'
    'Content-Length': '634'
    'Accept': 'application/json'
    'x-ms-client-request-id': '2a2f7aea-58ed-11f1-9fec-4c034fe7e914'
    'User-Agent': 'azsdk-python-mgmt-network/30.2.0 Python/3.12.0 (Windows-11-10.0.22621-SP0)'
    'Authorization': 'REDACTED'
A body is sent with the request
2026-05-26 15:55:07,611 | INFO | Response status: 201
Response headers:
    'Cache-Control': 'no-cache'
    'Pragma': 'no-cache'
    'Content-Length': '1887'
    'Content-Type': 'application/json; charset=utf-8'
    'Expires': '-1'
    'Retry-After': '1'
    'x-ms-request-id': 'c8a92894-915f-4388-b31b-e951a7016fb4'
    'Azure-AsyncOperation': 'REDACTED'
    'x-ms-throttle-levels': 'REDACTED'
    'x-ms-correlation-request-id': 'REDACTED'
    'Azure-AsyncNotification': 'REDACTED'
    'x-ms-arm-service-request-id': 'REDACTED'
    'Strict-Transport-Security': 'REDACTED'
    'x-ms-operation-identifier': 'REDACTED'
    'x-ms-ratelimit-remaining-subscription-writes': '199'
    'x-ms-ratelimit-remaining-subscription-global-writes': 'REDACTED'
    'x-ms-routing-request-id': 'REDACTED'
    'X-Content-Type-Options': 'REDACTED'
    'X-Cache': 'REDACTED'
    'X-MSEdge-Ref': 'Ref A: 9F8BB2D7C69D45619B78BA236BF25BDB Ref B: PNQ231110906025 Ref C: 2026-05-26T10:25:06Z'
    'Date': 'Tue, 26 May 2026 10:25:07 GMT'
2026-05-26 15:55:07,614 | INFO | Request URL: 'https://management.azure.com/subscriptions/a8bd7b1b-b9aa-4283-aec4-2040b847d926/providers/Microsoft.Network/locations/centralindia/operations/c8a92894-915f-4388-b31b-e951a7016fb4?api-version=2025-05-01&t=REDACTED&c=REDACTED&s=REDACTED&h=REDACTED'
Request method: 'GET'
Request headers:
    'x-ms-client-request-id': '2a2f7aea-58ed-11f1-9fec-4c034fe7e914'
    'User-Agent': 'azsdk-python-mgmt-network/30.2.0 Python/3.12.0 (Windows-11-10.0.22621-SP0)'
    'Authorization': 'REDACTED'
No body was attached to the request
2026-05-26 15:55:08,379 | INFO | Response status: 200
Response headers:
    'Cache-Control': 'no-cache'
    'Pragma': 'no-cache'
    'Content-Length': '22'
    'Content-Type': 'application/json; charset=utf-8'
    'Expires': '-1'
    'x-ms-request-id': '824d67ec-00a9-4138-b0e5-6997e81c162b'
    'x-ms-throttle-levels': 'REDACTED'
    'x-ms-correlation-request-id': 'REDACTED'
    'x-ms-arm-service-request-id': 'REDACTED'
    'Strict-Transport-Security': 'REDACTED'
    'x-ms-operation-identifier': 'REDACTED'
    'x-ms-ratelimit-remaining-subscription-reads': '249'
    'x-ms-ratelimit-remaining-subscription-global-reads': 'REDACTED'
    'x-ms-routing-request-id': 'REDACTED'
    'X-Content-Type-Options': 'REDACTED'
    'X-Cache': 'REDACTED'
    'X-MSEdge-Ref': 'Ref A: 35A8D19AD1FB4944AA29C262CFA145B8 Ref B: PNQ231110906025 Ref C: 2026-05-26T10:25:07Z'
    'Date': 'Tue, 26 May 2026 10:25:07 GMT'
2026-05-26 15:55:08,380 | INFO | Request URL: 'https://management.azure.com/subscriptions/a8bd7b1b-b9aa-4283-aec4-2040b847d926/resourceGroups/AutoProjectRG/providers/Microsoft.Network/networkInterfaces/ProductionUbuntuVMNic?api-version=2025-05-01'
Request method: 'GET'
Request headers:
    'x-ms-client-request-id': '2a2f7aea-58ed-11f1-9fec-4c034fe7e914'
    'User-Agent': 'azsdk-python-mgmt-network/30.2.0 Python/3.12.0 (Windows-11-10.0.22621-SP0)'
    'Authorization': 'REDACTED'
No body was attached to the request
2026-05-26 15:55:08,595 | INFO | Response status: 200
Response headers:
    'Cache-Control': 'no-cache'
    'Pragma': 'no-cache'
    'Content-Length': '1889'
    'Content-Type': 'application/json; charset=utf-8'
    'Expires': '-1'
    'ETag': 'W/"87c89a1a-7fc2-4b58-ab99-792612c30cd3"'
    'x-ms-request-id': 'c6d0bd59-8bb6-4142-9611-79b3a241588d'
    'x-ms-throttle-levels': 'REDACTED'
    'x-ms-correlation-request-id': 'REDACTED'
    'x-ms-arm-service-request-id': 'REDACTED'
    'Strict-Transport-Security': 'REDACTED'
    'x-ms-ratelimit-remaining-subscription-reads': '249'
    'x-ms-ratelimit-remaining-subscription-global-reads': 'REDACTED'
    'x-ms-routing-request-id': 'REDACTED'
    'X-Content-Type-Options': 'REDACTED'
    'X-Cache': 'REDACTED'
    'X-MSEdge-Ref': 'Ref A: 70DD1581C8B14B8F94707DCE85DC8ABF Ref B: PNQ231110906025 Ref C: 2026-05-26T10:25:08Z'
    'Date': 'Tue, 26 May 2026 10:25:08 GMT'
2026-05-26 15:55:08,596 | INFO | NIC created
2026-05-26 15:55:09,701 | INFO | AzureCliCredential.get_token_info succeeded
2026-05-26 15:55:09,701 | INFO | Request URL: 'https://management.azure.com/subscriptions/a8bd7b1b-b9aa-4283-aec4-2040b847d926/resourceGroups/AutoProjectRG/providers/Microsoft.Compute/virtualMachines/ProductionUbuntuVM?api-version=2025-11-01'
Request method: 'PUT'
Request headers:
    'Content-Type': 'application/json'
    'Content-Length': '1197'
    'Accept': 'application/json'
    'x-ms-client-request-id': '2b8bf16a-58ed-11f1-9e3a-4c034fe7e914'
    'User-Agent': 'azsdk-python-mgmt-compute/38.0.0 Python/3.12.0 (Windows-11-10.0.22621-SP0)'
    'Authorization': 'REDACTED'
A body is sent with the request
2026-05-26 15:55:10,072 | INFO | Request URL: 'https://management.azure.com/subscriptions/a8bd7b1b-b9aa-4283-aec4-2040b847d926/resourceGroups/AutoProjectRG/providers/Microsoft.Compute/virtualMachines/ProductionUbuntuVM?api-version=2025-11-01'
Request method: 'PUT'
Request headers:
    'Content-Type': 'application/json'
    'Content-Length': '1197'
    'Accept': 'application/json'
    'x-ms-client-request-id': '2b8bf16a-58ed-11f1-9e3a-4c034fe7e914'
    'User-Agent': 'azsdk-python-mgmt-compute/38.0.0 Python/3.12.0 (Windows-11-10.0.22621-SP0)'
    'Authorization': 'REDACTED'
A body is sent with the request
2026-05-26 15:55:12,464 | INFO | Response status: 201
Response headers:
    'Cache-Control': 'no-cache'
    'Pragma': 'no-cache'
    'Content-Length': '2470'
    'Content-Type': 'application/json; charset=utf-8'
    'Expires': '-1'
    'ETag': '"1"'
    'Retry-After': '10'
    'Azure-AsyncOperation': 'REDACTED'
    'azure-asyncnotification': 'REDACTED'
    'x-ms-ratelimit-remaining-resource': 'Microsoft.Compute/PutVMSubscriptionMaximum;1499,Microsoft.Compute/PutVMResource;11'
    'x-ms-need-to-refresh-epl-cache': 'REDACTED'
    'Strict-Transport-Security': 'REDACTED'
    'x-ms-request-id': 'f6bd4f0a-05d5-4f16-8e6b-b469b3e7d03f'
    'x-ms-operation-identifier': 'REDACTED'
    'x-ms-ratelimit-remaining-subscription-writes': '199'
    'x-ms-ratelimit-remaining-subscription-global-writes': 'REDACTED'
    'x-ms-correlation-request-id': 'REDACTED'
    'x-ms-routing-request-id': 'REDACTED'
    'X-Content-Type-Options': 'REDACTED'
    'X-Cache': 'REDACTED'
    'X-MSEdge-Ref': 'Ref A: 1BEFB24D4A8B4E6CB5FD131D11FACED1 Ref B: PNQ231110906025 Ref C: 2026-05-26T10:25:10Z'
    'Date': 'Tue, 26 May 2026 10:25:11 GMT'
2026-05-26 15:55:12,465 | INFO | Request URL: 'https://management.azure.com/subscriptions/a8bd7b1b-b9aa-4283-aec4-2040b847d926/providers/Microsoft.Compute/locations/CentralIndia/operations/f6bd4f0a-05d5-4f16-8e6b-b469b3e7d03f?p=REDACTED&api-version=2025-11-01&t=REDACTED&c=REDACTED&s=REDACTED&h=REDACTED'
Request method: 'GET'
Request headers:
    'x-ms-client-request-id': '2b8bf16a-58ed-11f1-9e3a-4c034fe7e914'
    'User-Agent': 'azsdk-python-mgmt-compute/38.0.0 Python/3.12.0 (Windows-11-10.0.22621-SP0)'
    'Authorization': 'REDACTED'
No body was attached to the request
2026-05-26 15:55:13,013 | INFO | Response status: 200
Response headers:
    'Cache-Control': 'no-cache'
    'Pragma': 'no-cache'
    'Content-Length': '134'
    'Content-Type': 'application/json; charset=utf-8'
    'Expires': '-1'
    'Retry-After': '35'
    'x-ms-ratelimit-remaining-resource': 'Microsoft.Compute/GetOperationResource;44,Microsoft.Compute/GetOperationSubscriptionMaximum;14999'
    'x-ms-need-to-refresh-epl-cache': 'REDACTED'
    'Strict-Transport-Security': 'REDACTED'
    'x-ms-request-id': '6a9dfc17-8a5d-4e43-99dd-0068565bddcd'
    'x-ms-operation-identifier': 'REDACTED'
    'x-ms-ratelimit-remaining-subscription-reads': '249'
    'x-ms-ratelimit-remaining-subscription-global-reads': 'REDACTED'
    'x-ms-correlation-request-id': 'REDACTED'
    'x-ms-routing-request-id': 'REDACTED'
    'X-Content-Type-Options': 'REDACTED'
    'X-Cache': 'REDACTED'
    'X-MSEdge-Ref': 'Ref A: 74F8D6E010264A42B2E2B9AAA6181ED3 Ref B: PNQ231110906025 Ref C: 2026-05-26T10:25:12Z'
    'Date': 'Tue, 26 May 2026 10:25:12 GMT'
2026-05-26 15:55:48,014 | INFO | Request URL: 'https://management.azure.com/subscriptions/a8bd7b1b-b9aa-4283-aec4-2040b847d926/providers/Microsoft.Compute/locations/CentralIndia/operations/f6bd4f0a-05d5-4f16-8e6b-b469b3e7d03f?p=REDACTED&api-version=2025-11-01&t=REDACTED&c=REDACTED&s=REDACTED&h=REDACTED'
Request method: 'GET'
Request headers:
    'x-ms-client-request-id': '2b8bf16a-58ed-11f1-9e3a-4c034fe7e914'
    'User-Agent': 'azsdk-python-mgmt-compute/38.0.0 Python/3.12.0 (Windows-11-10.0.22621-SP0)'
    'Authorization': 'REDACTED'
No body was attached to the request
2026-05-26 15:55:48,199 | INFO | Response status: 200
Response headers:
    'Cache-Control': 'no-cache'
    'Pragma': 'no-cache'
    'Content-Length': '184'
    'Content-Type': 'application/json; charset=utf-8'
    'Expires': '-1'
    'x-ms-ratelimit-remaining-resource': 'Microsoft.Compute/GetOperationResource;43,Microsoft.Compute/GetOperationSubscriptionMaximum;14999'
    'x-ms-need-to-refresh-epl-cache': 'REDACTED'
    'Strict-Transport-Security': 'REDACTED'
    'x-ms-request-id': 'f1c3ab08-3b63-4e9e-a4a0-8e00610173ce'
    'x-ms-operation-identifier': 'REDACTED'
    'x-ms-ratelimit-remaining-subscription-reads': '249'
    'x-ms-ratelimit-remaining-subscription-global-reads': 'REDACTED'
    'x-ms-correlation-request-id': 'REDACTED'
    'x-ms-routing-request-id': 'REDACTED'
    'X-Content-Type-Options': 'REDACTED'
    'X-Cache': 'REDACTED'
    'X-MSEdge-Ref': 'Ref A: BFA249AFFE9B41819E3FCE755CC37A84 Ref B: PNQ231110906025 Ref C: 2026-05-26T10:25:47Z'
    'Date': 'Tue, 26 May 2026 10:25:47 GMT'
2026-05-26 15:55:48,199 | INFO | Request URL: 'https://management.azure.com/subscriptions/a8bd7b1b-b9aa-4283-aec4-2040b847d926/resourceGroups/AutoProjectRG/providers/Microsoft.Compute/virtualMachines/ProductionUbuntuVM?api-version=2025-11-01'
Request method: 'GET'
Request headers:
    'x-ms-client-request-id': '2b8bf16a-58ed-11f1-9e3a-4c034fe7e914'
    'User-Agent': 'azsdk-python-mgmt-compute/38.0.0 Python/3.12.0 (Windows-11-10.0.22621-SP0)'
    'Authorization': 'REDACTED'
No body was attached to the request
2026-05-26 15:55:49,083 | INFO | Response status: 200
Response headers:
    'Cache-Control': 'no-cache'
    'Pragma': 'no-cache'
    'Content-Length': '2748'
    'Content-Type': 'application/json; charset=utf-8'
    'Expires': '-1'
    'ETag': '"1"'
    'x-ms-ratelimit-remaining-resource': 'Microsoft.Compute/LowCostGetSubscriptionMaximum;23997,Microsoft.Compute/LowCostGetResource;33'
    'x-ms-need-to-refresh-epl-cache': 'REDACTED'
    'Strict-Transport-Security': 'REDACTED'
    'x-ms-request-id': 'addad788-7dc8-42e2-bff4-426275ee9fea'
    'x-ms-ratelimit-remaining-subscription-reads': '249'
    'x-ms-ratelimit-remaining-subscription-global-reads': 'REDACTED'
    'x-ms-correlation-request-id': 'REDACTED'
    'x-ms-routing-request-id': 'REDACTED'
    'X-Content-Type-Options': 'REDACTED'
    'X-Cache': 'REDACTED'
    'X-MSEdge-Ref': 'Ref A: 5EF1BA9B9D4C4D969DDFE2287B85F11E Ref B: PNQ231110906025 Ref C: 2026-05-26T10:25:47Z'
    'Date': 'Tue, 26 May 2026 10:25:48 GMT'
2026-05-26 15:55:49,087 | INFO | VM created successfully
2026-05-26 15:58:47,785 | INFO | Infrastructure creation started
2026-05-26 15:58:48,620 | INFO | AzureCliCredential.get_token_info succeeded
2026-05-26 15:58:48,621 | INFO | Request URL: 'https://management.azure.com/subscriptions/a8bd7b1b-b9aa-4283-aec4-2040b847d926/resourcegroups/AutoProjectRG?api-version=2025-04-01'
Request method: 'HEAD'
Request headers:
    'Accept': 'application/json'
    'x-ms-client-request-id': 'ae2cd724-58ed-11f1-a9e8-4c034fe7e914'
    'User-Agent': 'azsdk-python-mgmt-resource/25.0.0 Python/3.12.0 (Windows-11-10.0.22621-SP0)'
    'Authorization': 'REDACTED'
No body was attached to the request
2026-05-26 15:58:49,006 | INFO | Request URL: 'https://management.azure.com/subscriptions/a8bd7b1b-b9aa-4283-aec4-2040b847d926/resourcegroups/AutoProjectRG?api-version=2025-04-01'
Request method: 'HEAD'
Request headers:
    'Accept': 'application/json'
    'x-ms-client-request-id': 'ae2cd724-58ed-11f1-a9e8-4c034fe7e914'
    'User-Agent': 'azsdk-python-mgmt-resource/25.0.0 Python/3.12.0 (Windows-11-10.0.22621-SP0)'
    'Authorization': 'REDACTED'
No body was attached to the request
2026-05-26 15:58:49,708 | INFO | Response status: 204
Response headers:
    'Cache-Control': 'no-cache'
    'Pragma': 'no-cache'
    'Content-Length': '0'
    'Expires': '-1'
    'x-ms-ratelimit-remaining-subscription-reads': '249'
    'x-ms-ratelimit-remaining-subscription-global-reads': 'REDACTED'
    'x-ms-request-id': 'ea5f4c04-a566-4255-a784-f750f8705915'
    'x-ms-correlation-request-id': 'REDACTED'
    'x-ms-routing-request-id': 'REDACTED'
    'Strict-Transport-Security': 'REDACTED'
    'X-Content-Type-Options': 'REDACTED'
    'X-Cache': 'REDACTED'
    'X-MSEdge-Ref': 'Ref A: 56BA63E3EB6C4291913CC5CDA9ECFB7E Ref B: PNQ231110906054 Ref C: 2026-05-26T10:28:49Z'
    'Date': 'Tue, 26 May 2026 10:28:48 GMT'
2026-05-26 15:58:49,708 | INFO | Resource Group already exists: AutoProjectRG
2026-05-26 15:58:50,379 | INFO | AzureCliCredential.get_token_info succeeded
2026-05-26 15:58:50,379 | INFO | Request URL: 'https://management.azure.com/subscriptions/a8bd7b1b-b9aa-4283-aec4-2040b847d926/resourceGroups/AutoProjectRG/providers/Microsoft.Network/virtualNetworks/ProjectVNet?api-version=2025-05-01'
Request method: 'PUT'
Request headers:
    'Content-Type': 'application/json'
    'Content-Length': '98'
    'Accept': 'application/json'
    'x-ms-client-request-id': 'af525608-58ed-11f1-ad7e-4c034fe7e914'
    'User-Agent': 'azsdk-python-mgmt-network/30.2.0 Python/3.12.0 (Windows-11-10.0.22621-SP0)'
    'Authorization': 'REDACTED'
A body is sent with the request
2026-05-26 15:58:51,393 | INFO | Response status: 200
Response headers:
    'Cache-Control': 'no-cache'
    'Pragma': 'no-cache'
    'Content-Length': '1232'
    'Content-Type': 'application/json; charset=utf-8'
    'Expires': '-1'
    'x-ms-request-id': '4f550630-379f-41cd-857c-1f28d5a64f24'
    'Azure-AsyncOperation': 'REDACTED'
    'x-ms-throttle-levels': 'REDACTED'
    'x-ms-correlation-request-id': 'REDACTED'
    'Azure-AsyncNotification': 'REDACTED'
    'x-ms-arm-service-request-id': 'REDACTED'
    'Strict-Transport-Security': 'REDACTED'
    'x-ms-operation-identifier': 'REDACTED'
    'x-ms-ratelimit-remaining-subscription-writes': '199'
    'x-ms-ratelimit-remaining-subscription-global-writes': 'REDACTED'
    'x-ms-routing-request-id': 'REDACTED'
    'X-Content-Type-Options': 'REDACTED'
    'X-Cache': 'REDACTED'
    'X-MSEdge-Ref': 'Ref A: E95B42EFAA08400DAE810BBE544E2100 Ref B: PNQ231110906023 Ref C: 2026-05-26T10:28:50Z'
    'Date': 'Tue, 26 May 2026 10:28:50 GMT'
2026-05-26 15:58:51,397 | INFO | Request URL: 'https://management.azure.com/subscriptions/a8bd7b1b-b9aa-4283-aec4-2040b847d926/providers/Microsoft.Network/locations/centralindia/operations/4f550630-379f-41cd-857c-1f28d5a64f24?api-version=2025-05-01&t=REDACTED&c=REDACTED&s=REDACTED&h=REDACTED'
Request method: 'GET'
Request headers:
    'x-ms-client-request-id': 'af525608-58ed-11f1-ad7e-4c034fe7e914'
    'User-Agent': 'azsdk-python-mgmt-network/30.2.0 Python/3.12.0 (Windows-11-10.0.22621-SP0)'
    'Authorization': 'REDACTED'
No body was attached to the request
2026-05-26 15:58:51,746 | INFO | Response status: 200
Response headers:
    'Cache-Control': 'no-cache'
    'Pragma': 'no-cache'
    'Content-Length': '22'
    'Content-Type': 'application/json; charset=utf-8'
    'Expires': '-1'
    'x-ms-request-id': '2bfb3c3a-c414-4be8-88d9-bb6e378bea90'
    'x-ms-throttle-levels': 'REDACTED'
    'x-ms-correlation-request-id': 'REDACTED'
    'x-ms-arm-service-request-id': 'REDACTED'
    'Strict-Transport-Security': 'REDACTED'
    'x-ms-operation-identifier': 'REDACTED'
    'x-ms-ratelimit-remaining-subscription-reads': '249'
    'x-ms-ratelimit-remaining-subscription-global-reads': 'REDACTED'
    'x-ms-routing-request-id': 'REDACTED'
    'X-Content-Type-Options': 'REDACTED'
    'X-Cache': 'REDACTED'
    'X-MSEdge-Ref': 'Ref A: 5E7CC1F8553C4D769E032C4F772E9773 Ref B: PNQ231110906023 Ref C: 2026-05-26T10:28:51Z'
    'Date': 'Tue, 26 May 2026 10:28:50 GMT'
2026-05-26 15:58:51,747 | INFO | Request URL: 'https://management.azure.com/subscriptions/a8bd7b1b-b9aa-4283-aec4-2040b847d926/resourceGroups/AutoProjectRG/providers/Microsoft.Network/virtualNetworks/ProjectVNet?api-version=2025-05-01'
Request method: 'GET'
Request headers:
    'x-ms-client-request-id': 'af525608-58ed-11f1-ad7e-4c034fe7e914'
    'User-Agent': 'azsdk-python-mgmt-network/30.2.0 Python/3.12.0 (Windows-11-10.0.22621-SP0)'
    'Authorization': 'REDACTED'
No body was attached to the request
2026-05-26 15:58:52,542 | INFO | Response status: 200
Response headers:
    'Cache-Control': 'no-cache'
    'Pragma': 'no-cache'
    'Content-Length': '1232'
    'Content-Type': 'application/json; charset=utf-8'
    'Expires': '-1'
    'x-ms-request-id': '0df34b33-ff7a-4b36-b8b6-519b41a87436'
    'x-ms-throttle-levels': 'REDACTED'
    'x-ms-correlation-request-id': 'REDACTED'
    'x-ms-arm-service-request-id': 'REDACTED'
    'Strict-Transport-Security': 'REDACTED'
    'x-ms-ratelimit-remaining-subscription-reads': '249'
    'x-ms-ratelimit-remaining-subscription-global-reads': 'REDACTED'
    'x-ms-routing-request-id': 'REDACTED'
    'X-Content-Type-Options': 'REDACTED'
    'X-Cache': 'REDACTED'
    'X-MSEdge-Ref': 'Ref A: ACD9C1F21C4C40589FD75B13617DFAF0 Ref B: PNQ231110906023 Ref C: 2026-05-26T10:28:51Z'
    'Date': 'Tue, 26 May 2026 10:28:51 GMT'
2026-05-26 15:58:52,543 | INFO | Virtual Network created
2026-05-26 15:58:52,543 | INFO | Request URL: 'https://management.azure.com/subscriptions/a8bd7b1b-b9aa-4283-aec4-2040b847d926/resourceGroups/AutoProjectRG/providers/Microsoft.Network/virtualNetworks/ProjectVNet/subnets/DefaultSubnet?api-version=2025-05-01'
Request method: 'PUT'
Request headers:
    'Content-Type': 'application/json'
    'Content-Length': '48'
    'Accept': 'application/json'
    'x-ms-client-request-id': 'b102bf26-58ed-11f1-938a-4c034fe7e914'
    'User-Agent': 'azsdk-python-mgmt-network/30.2.0 Python/3.12.0 (Windows-11-10.0.22621-SP0)'
    'Authorization': 'REDACTED'
A body is sent with the request
2026-05-26 15:58:53,741 | INFO | Response status: 200
Response headers:
    'Cache-Control': 'no-cache'
    'Pragma': 'no-cache'
    'Content-Length': '682'
    'Content-Type': 'application/json; charset=utf-8'
    'Expires': '-1'
    'x-ms-request-id': 'e08ffd1e-abf5-4b3d-b697-471177a1600a'
    'Azure-AsyncOperation': 'REDACTED'
    'x-ms-throttle-levels': 'REDACTED'
    'x-ms-correlation-request-id': 'REDACTED'
    'Azure-AsyncNotification': 'REDACTED'
    'x-ms-arm-service-request-id': 'REDACTED'
    'Strict-Transport-Security': 'REDACTED'
    'x-ms-operation-identifier': 'REDACTED'
    'x-ms-ratelimit-remaining-subscription-writes': '199'
    'x-ms-ratelimit-remaining-subscription-global-writes': 'REDACTED'
    'x-ms-routing-request-id': 'REDACTED'
    'X-Content-Type-Options': 'REDACTED'
    'X-Cache': 'REDACTED'
    'X-MSEdge-Ref': 'Ref A: 0B3FBA3F24594A9AAF2085102E44C78B Ref B: PNQ231110906023 Ref C: 2026-05-26T10:28:52Z'
    'Date': 'Tue, 26 May 2026 10:28:52 GMT'
2026-05-26 15:58:53,742 | INFO | Request URL: 'https://management.azure.com/subscriptions/a8bd7b1b-b9aa-4283-aec4-2040b847d926/providers/Microsoft.Network/locations/centralindia/operations/e08ffd1e-abf5-4b3d-b697-471177a1600a?api-version=2025-05-01&t=REDACTED&c=REDACTED&s=REDACTED&h=REDACTED'
Request method: 'GET'
Request headers:
    'x-ms-client-request-id': 'b102bf26-58ed-11f1-938a-4c034fe7e914'
    'User-Agent': 'azsdk-python-mgmt-network/30.2.0 Python/3.12.0 (Windows-11-10.0.22621-SP0)'
    'Authorization': 'REDACTED'
No body was attached to the request
2026-05-26 15:58:54,074 | INFO | Response status: 200
Response headers:
    'Cache-Control': 'no-cache'
    'Pragma': 'no-cache'
    'Content-Length': '22'
    'Content-Type': 'application/json; charset=utf-8'
    'Expires': '-1'
    'x-ms-request-id': 'a7b6844b-b20a-4bc4-a03b-e765047995eb'
    'x-ms-throttle-levels': 'REDACTED'
    'x-ms-correlation-request-id': 'REDACTED'
    'x-ms-arm-service-request-id': 'REDACTED'
    'Strict-Transport-Security': 'REDACTED'
    'x-ms-operation-identifier': 'REDACTED'
    'x-ms-ratelimit-remaining-subscription-reads': '249'
    'x-ms-ratelimit-remaining-subscription-global-reads': 'REDACTED'
    'x-ms-routing-request-id': 'REDACTED'
    'X-Content-Type-Options': 'REDACTED'
    'X-Cache': 'REDACTED'
    'X-MSEdge-Ref': 'Ref A: D7734899DFE34B8C92FBED54F94E8217 Ref B: PNQ231110906023 Ref C: 2026-05-26T10:28:53Z'
    'Date': 'Tue, 26 May 2026 10:28:52 GMT'
2026-05-26 15:58:54,075 | INFO | Request URL: 'https://management.azure.com/subscriptions/a8bd7b1b-b9aa-4283-aec4-2040b847d926/resourceGroups/AutoProjectRG/providers/Microsoft.Network/virtualNetworks/ProjectVNet/subnets/DefaultSubnet?api-version=2025-05-01'
Request method: 'GET'
Request headers:
    'x-ms-client-request-id': 'b102bf26-58ed-11f1-938a-4c034fe7e914'
    'User-Agent': 'azsdk-python-mgmt-network/30.2.0 Python/3.12.0 (Windows-11-10.0.22621-SP0)'
    'Authorization': 'REDACTED'
No body was attached to the request
2026-05-26 15:58:54,289 | INFO | Response status: 200
Response headers:
    'Cache-Control': 'no-cache'
    'Pragma': 'no-cache'
    'Content-Length': '682'
    'Content-Type': 'application/json; charset=utf-8'
    'Expires': '-1'
    'ETag': 'W/"75a91814-1a06-424b-891e-ba58c0616a1f"'
    'x-ms-request-id': 'fdc46093-daba-4eef-9aed-f7ad6d463998'
    'x-ms-throttle-levels': 'REDACTED'
    'x-ms-correlation-request-id': 'REDACTED'
    'x-ms-arm-service-request-id': 'REDACTED'
    'Strict-Transport-Security': 'REDACTED'
    'x-ms-operation-identifier': 'REDACTED'
    'x-ms-ratelimit-remaining-subscription-reads': '248'
    'x-ms-ratelimit-remaining-subscription-global-reads': 'REDACTED'
    'x-ms-routing-request-id': 'REDACTED'
    'X-Content-Type-Options': 'REDACTED'
    'X-Cache': 'REDACTED'
    'X-MSEdge-Ref': 'Ref A: D0A96CE3A42F46939CCD8CDE25280FAF Ref B: PNQ231110906023 Ref C: 2026-05-26T10:28:53Z'
    'Date': 'Tue, 26 May 2026 10:28:53 GMT'
2026-05-26 15:58:54,290 | INFO | Subnet created
2026-05-26 15:58:54,292 | INFO | Request URL: 'https://management.azure.com/subscriptions/a8bd7b1b-b9aa-4283-aec4-2040b847d926/resourceGroups/AutoProjectRG/providers/Microsoft.Network/publicIPAddresses/ProjectPublicIP?api-version=2025-05-01'
Request method: 'PUT'
Request headers:
    'Content-Type': 'application/json'
    'Content-Length': '111'
    'Accept': 'application/json'
    'x-ms-client-request-id': 'b20d790a-58ed-11f1-9dea-4c034fe7e914'
    'User-Agent': 'azsdk-python-mgmt-network/30.2.0 Python/3.12.0 (Windows-11-10.0.22621-SP0)'
    'Authorization': 'REDACTED'
A body is sent with the request
2026-05-26 15:58:54,705 | INFO | Response status: 200
Response headers:
    'Cache-Control': 'no-cache'
    'Pragma': 'no-cache'
    'Content-Length': '839'
    'Content-Type': 'application/json; charset=utf-8'
    'Expires': '-1'
    'x-ms-request-id': '320588ee-3968-484e-a4e4-703b5a9a9413'
    'Azure-AsyncOperation': 'REDACTED'
    'x-ms-throttle-levels': 'REDACTED'
    'x-ms-correlation-request-id': 'REDACTED'
    'Azure-AsyncNotification': 'REDACTED'
    'x-ms-arm-service-request-id': 'REDACTED'
    'Strict-Transport-Security': 'REDACTED'
    'x-ms-operation-identifier': 'REDACTED'
    'x-ms-ratelimit-remaining-subscription-writes': '199'
    'x-ms-ratelimit-remaining-subscription-global-writes': 'REDACTED'
    'x-ms-routing-request-id': 'REDACTED'
    'X-Content-Type-Options': 'REDACTED'
    'X-Cache': 'REDACTED'
    'X-MSEdge-Ref': 'Ref A: B48C7866273A4C9DA00433CD7EB41D55 Ref B: PNQ231110906023 Ref C: 2026-05-26T10:28:54Z'
    'Date': 'Tue, 26 May 2026 10:28:53 GMT'
2026-05-26 15:58:54,706 | INFO | Request URL: 'https://management.azure.com/subscriptions/a8bd7b1b-b9aa-4283-aec4-2040b847d926/providers/Microsoft.Network/locations/centralindia/operations/320588ee-3968-484e-a4e4-703b5a9a9413?api-version=2025-05-01&t=REDACTED&c=REDACTED&s=REDACTED&h=REDACTED'
Request method: 'GET'
Request headers:
    'x-ms-client-request-id': 'b20d790a-58ed-11f1-9dea-4c034fe7e914'
    'User-Agent': 'azsdk-python-mgmt-network/30.2.0 Python/3.12.0 (Windows-11-10.0.22621-SP0)'
    'Authorization': 'REDACTED'
No body was attached to the request
2026-05-26 15:58:55,061 | INFO | Response status: 200
Response headers:
    'Cache-Control': 'no-cache'
    'Pragma': 'no-cache'
    'Content-Length': '22'
    'Content-Type': 'application/json; charset=utf-8'
    'Expires': '-1'
    'x-ms-request-id': '235b22e1-32f8-4ca0-890e-a1cfa9015fd1'
    'x-ms-throttle-levels': 'REDACTED'
    'x-ms-correlation-request-id': 'REDACTED'
    'x-ms-arm-service-request-id': 'REDACTED'
    'Strict-Transport-Security': 'REDACTED'
    'x-ms-operation-identifier': 'REDACTED'
    'x-ms-ratelimit-remaining-subscription-reads': '249'
    'x-ms-ratelimit-remaining-subscription-global-reads': 'REDACTED'
    'x-ms-routing-request-id': 'REDACTED'
    'X-Content-Type-Options': 'REDACTED'
    'X-Cache': 'REDACTED'
    'X-MSEdge-Ref': 'Ref A: FD936694AF8E43ABBE6B488B6658DD64 Ref B: PNQ231110906023 Ref C: 2026-05-26T10:28:54Z'
    'Date': 'Tue, 26 May 2026 10:28:53 GMT'
2026-05-26 15:58:55,061 | INFO | Request URL: 'https://management.azure.com/subscriptions/a8bd7b1b-b9aa-4283-aec4-2040b847d926/resourceGroups/AutoProjectRG/providers/Microsoft.Network/publicIPAddresses/ProjectPublicIP?api-version=2025-05-01'
Request method: 'GET'
Request headers:
    'x-ms-client-request-id': 'b20d790a-58ed-11f1-9dea-4c034fe7e914'
    'User-Agent': 'azsdk-python-mgmt-network/30.2.0 Python/3.12.0 (Windows-11-10.0.22621-SP0)'
    'Authorization': 'REDACTED'
No body was attached to the request
2026-05-26 15:58:55,271 | INFO | Response status: 200
Response headers:
    'Cache-Control': 'no-cache'
    'Pragma': 'no-cache'
    'Content-Length': '839'
    'Content-Type': 'application/json; charset=utf-8'
    'Expires': '-1'
    'ETag': 'W/"bfadfc8a-ec76-4d70-b799-749d3c72b04c"'
    'x-ms-request-id': 'bc7157a6-f28a-468c-bbb3-ce0b8b4edd6e'
    'x-ms-throttle-levels': 'REDACTED'
    'x-ms-correlation-request-id': 'REDACTED'
    'x-ms-arm-service-request-id': 'REDACTED'
    'Strict-Transport-Security': 'REDACTED'
    'x-ms-ratelimit-remaining-subscription-reads': '249'
    'x-ms-ratelimit-remaining-subscription-global-reads': 'REDACTED'
    'x-ms-routing-request-id': 'REDACTED'
    'X-Content-Type-Options': 'REDACTED'
    'X-Cache': 'REDACTED'
    'X-MSEdge-Ref': 'Ref A: 5F362C03E41C4828A7751AF90634E188 Ref B: PNQ231110906023 Ref C: 2026-05-26T10:28:54Z'
    'Date': 'Tue, 26 May 2026 10:28:54 GMT'
2026-05-26 15:58:55,272 | INFO | Public IP created
2026-05-26 15:58:55,272 | INFO | Request URL: 'https://management.azure.com/subscriptions/a8bd7b1b-b9aa-4283-aec4-2040b847d926/resourceGroups/AutoProjectRG/providers/Microsoft.Network/networkSecurityGroups/ProjectNSG?api-version=2025-05-01'
Request method: 'PUT'
Request headers:
    'Content-Type': 'application/json'
    'Content-Length': '28'
    'Accept': 'application/json'
    'x-ms-client-request-id': 'b2a318f3-58ed-11f1-a93c-4c034fe7e914'
    'User-Agent': 'azsdk-python-mgmt-network/30.2.0 Python/3.12.0 (Windows-11-10.0.22621-SP0)'
    'Authorization': 'REDACTED'
A body is sent with the request
2026-05-26 15:58:55,782 | INFO | Response status: 200
Response headers:
    'Cache-Control': 'no-cache'
    'Pragma': 'no-cache'
    'Content-Length': '5077'
    'Content-Type': 'application/json; charset=utf-8'
    'Expires': '-1'
    'Retry-After': '1'
    'x-ms-request-id': 'aed5126f-51ee-40d9-9d03-2b8a6f6260ba'
    'Azure-AsyncOperation': 'REDACTED'
    'x-ms-throttle-levels': 'REDACTED'
    'x-ms-correlation-request-id': 'REDACTED'
    'Azure-AsyncNotification': 'REDACTED'
    'x-ms-arm-service-request-id': 'REDACTED'
    'Strict-Transport-Security': 'REDACTED'
    'x-ms-operation-identifier': 'REDACTED'
    'x-ms-ratelimit-remaining-subscription-writes': '199'
    'x-ms-ratelimit-remaining-subscription-global-writes': 'REDACTED'
    'x-ms-routing-request-id': 'REDACTED'
    'X-Content-Type-Options': 'REDACTED'
    'X-Cache': 'REDACTED'
    'X-MSEdge-Ref': 'Ref A: 010E4FD43FA2434C80D69C34673726ED Ref B: PNQ231110906023 Ref C: 2026-05-26T10:28:55Z'
    'Date': 'Tue, 26 May 2026 10:28:54 GMT'
2026-05-26 15:58:55,783 | INFO | Request URL: 'https://management.azure.com/subscriptions/a8bd7b1b-b9aa-4283-aec4-2040b847d926/providers/Microsoft.Network/locations/centralindia/operations/aed5126f-51ee-40d9-9d03-2b8a6f6260ba?api-version=2025-05-01&t=REDACTED&c=REDACTED&s=REDACTED&h=REDACTED'
Request method: 'GET'
Request headers:
    'x-ms-client-request-id': 'b2a318f3-58ed-11f1-a93c-4c034fe7e914'
    'User-Agent': 'azsdk-python-mgmt-network/30.2.0 Python/3.12.0 (Windows-11-10.0.22621-SP0)'
    'Authorization': 'REDACTED'
No body was attached to the request
2026-05-26 15:58:56,141 | INFO | Response status: 200
Response headers:
    'Cache-Control': 'no-cache'
    'Pragma': 'no-cache'
    'Content-Length': '22'
    'Content-Type': 'application/json; charset=utf-8'
    'Expires': '-1'
    'x-ms-request-id': 'df8db525-40c7-4a58-a1fb-ef6aea1cd9bd'
    'x-ms-throttle-levels': 'REDACTED'
    'x-ms-correlation-request-id': 'REDACTED'
    'x-ms-arm-service-request-id': 'REDACTED'
    'Strict-Transport-Security': 'REDACTED'
    'x-ms-operation-identifier': 'REDACTED'
    'x-ms-ratelimit-remaining-subscription-reads': '249'
    'x-ms-ratelimit-remaining-subscription-global-reads': 'REDACTED'
    'x-ms-routing-request-id': 'REDACTED'
    'X-Content-Type-Options': 'REDACTED'
    'X-Cache': 'REDACTED'
    'X-MSEdge-Ref': 'Ref A: 7F3F9322DE4B4958BC08BA671F9E51CB Ref B: PNQ231110906023 Ref C: 2026-05-26T10:28:55Z'
    'Date': 'Tue, 26 May 2026 10:28:55 GMT'
2026-05-26 15:58:56,141 | INFO | Request URL: 'https://management.azure.com/subscriptions/a8bd7b1b-b9aa-4283-aec4-2040b847d926/resourceGroups/AutoProjectRG/providers/Microsoft.Network/networkSecurityGroups/ProjectNSG?api-version=2025-05-01'
Request method: 'GET'
Request headers:
    'x-ms-client-request-id': 'b2a318f3-58ed-11f1-a93c-4c034fe7e914'
    'User-Agent': 'azsdk-python-mgmt-network/30.2.0 Python/3.12.0 (Windows-11-10.0.22621-SP0)'
    'Authorization': 'REDACTED'
No body was attached to the request
2026-05-26 15:58:56,339 | INFO | Response status: 200
Response headers:
    'Cache-Control': 'no-cache'
    'Pragma': 'no-cache'
    'Content-Length': '5084'
    'Content-Type': 'application/json; charset=utf-8'
    'Expires': '-1'
    'ETag': 'W/"c22d6fdd-8e0e-4dcb-b40d-3d454b986ff6"'
    'x-ms-request-id': '0d816183-da6f-4355-b934-511ed18b7534'
    'x-ms-throttle-levels': 'REDACTED'
    'x-ms-correlation-request-id': 'REDACTED'
    'x-ms-arm-service-request-id': 'REDACTED'
    'Strict-Transport-Security': 'REDACTED'
    'x-ms-ratelimit-remaining-subscription-reads': '249'
    'x-ms-ratelimit-remaining-subscription-global-reads': 'REDACTED'
    'x-ms-routing-request-id': 'REDACTED'
    'X-Content-Type-Options': 'REDACTED'
    'X-Cache': 'REDACTED'
    'X-MSEdge-Ref': 'Ref A: D660CABF2FBE4660826FDAE432E56525 Ref B: PNQ231110906023 Ref C: 2026-05-26T10:28:55Z'
    'Date': 'Tue, 26 May 2026 10:28:55 GMT'
2026-05-26 15:58:56,342 | INFO | NSG created
2026-05-26 15:58:56,343 | INFO | Request URL: 'https://management.azure.com/subscriptions/a8bd7b1b-b9aa-4283-aec4-2040b847d926/resourceGroups/AutoProjectRG/providers/Microsoft.Network/networkSecurityGroups/ProjectNSG/securityRules/AllowSSH?api-version=2025-05-01'
Request method: 'PUT'
Request headers:
    'Content-Type': 'application/json'
    'Content-Length': '211'
    'Accept': 'application/json'
    'x-ms-client-request-id': 'b346a173-58ed-11f1-9664-4c034fe7e914'
    'User-Agent': 'azsdk-python-mgmt-network/30.2.0 Python/3.12.0 (Windows-11-10.0.22621-SP0)'
    'Authorization': 'REDACTED'
A body is sent with the request
2026-05-26 15:58:57,417 | INFO | Response status: 201
Response headers:
    'Cache-Control': 'no-cache'
    'Pragma': 'no-cache'
    'Content-Length': '639'
    'Content-Type': 'application/json; charset=utf-8'
    'Expires': '-1'
    'Retry-After': '1'
    'x-ms-request-id': '04a86a4a-4a3b-4eb1-955a-cfa2e8233ae8'
    'Azure-AsyncOperation': 'REDACTED'
    'x-ms-throttle-levels': 'REDACTED'
    'x-ms-correlation-request-id': 'REDACTED'
    'Azure-AsyncNotification': 'REDACTED'
    'x-ms-arm-service-request-id': 'REDACTED'
    'Strict-Transport-Security': 'REDACTED'
    'x-ms-operation-identifier': 'REDACTED'
    'x-ms-ratelimit-remaining-subscription-writes': '199'
    'x-ms-ratelimit-remaining-subscription-global-writes': 'REDACTED'
    'x-ms-routing-request-id': 'REDACTED'
    'X-Content-Type-Options': 'REDACTED'
    'X-Cache': 'REDACTED'
    'X-MSEdge-Ref': 'Ref A: 0412FBF9646049D5A1EE2801EDDDA9BA Ref B: PNQ231110906023 Ref C: 2026-05-26T10:28:56Z'
    'Date': 'Tue, 26 May 2026 10:28:56 GMT'
2026-05-26 15:58:57,418 | INFO | Request URL: 'https://management.azure.com/subscriptions/a8bd7b1b-b9aa-4283-aec4-2040b847d926/providers/Microsoft.Network/locations/centralindia/operations/04a86a4a-4a3b-4eb1-955a-cfa2e8233ae8?api-version=2025-05-01&t=REDACTED&c=REDACTED&s=REDACTED&h=REDACTED'
Request method: 'GET'
Request headers:
    'x-ms-client-request-id': 'b346a173-58ed-11f1-9664-4c034fe7e914'
    'User-Agent': 'azsdk-python-mgmt-network/30.2.0 Python/3.12.0 (Windows-11-10.0.22621-SP0)'
    'Authorization': 'REDACTED'
No body was attached to the request
2026-05-26 15:58:58,032 | INFO | Response status: 200
Response headers:
    'Cache-Control': 'no-cache'
    'Pragma': 'no-cache'
    'Content-Length': '22'
    'Content-Type': 'application/json; charset=utf-8'
    'Expires': '-1'
    'x-ms-request-id': '4b8b564e-05c5-41c6-ba37-36a1b650d9c8'
    'x-ms-throttle-levels': 'REDACTED'
    'x-ms-correlation-request-id': 'REDACTED'
    'x-ms-arm-service-request-id': 'REDACTED'
    'Strict-Transport-Security': 'REDACTED'
    'x-ms-operation-identifier': 'REDACTED'
    'x-ms-ratelimit-remaining-subscription-reads': '249'
    'x-ms-ratelimit-remaining-subscription-global-reads': 'REDACTED'
    'x-ms-routing-request-id': 'REDACTED'
    'X-Content-Type-Options': 'REDACTED'
    'X-Cache': 'REDACTED'
    'X-MSEdge-Ref': 'Ref A: 871845DABA964C599E162BE37AD5CB3D Ref B: PNQ231110906023 Ref C: 2026-05-26T10:28:57Z'
    'Date': 'Tue, 26 May 2026 10:28:56 GMT'
2026-05-26 15:58:58,032 | INFO | Request URL: 'https://management.azure.com/subscriptions/a8bd7b1b-b9aa-4283-aec4-2040b847d926/resourceGroups/AutoProjectRG/providers/Microsoft.Network/networkSecurityGroups/ProjectNSG/securityRules/AllowSSH?api-version=2025-05-01'
Request method: 'GET'
Request headers:
    'x-ms-client-request-id': 'b346a173-58ed-11f1-9664-4c034fe7e914'
    'User-Agent': 'azsdk-python-mgmt-network/30.2.0 Python/3.12.0 (Windows-11-10.0.22621-SP0)'
    'Authorization': 'REDACTED'
No body was attached to the request
2026-05-26 15:58:58,211 | INFO | Response status: 200
Response headers:
    'Cache-Control': 'no-cache'
    'Pragma': 'no-cache'
    'Content-Length': '640'
    'Content-Type': 'application/json; charset=utf-8'
    'Expires': '-1'
    'ETag': 'W/"61425870-3944-472d-b833-44db7fbcc4e2"'
    'x-ms-request-id': '11dc5aff-e5a0-45ad-a76c-5988bba9c853'
    'x-ms-throttle-levels': 'REDACTED'
    'x-ms-correlation-request-id': 'REDACTED'
    'x-ms-arm-service-request-id': 'REDACTED'
    'Strict-Transport-Security': 'REDACTED'
    'x-ms-operation-identifier': 'REDACTED'
    'x-ms-ratelimit-remaining-subscription-reads': '248'
    'x-ms-ratelimit-remaining-subscription-global-reads': 'REDACTED'
    'x-ms-routing-request-id': 'REDACTED'
    'X-Content-Type-Options': 'REDACTED'
    'X-Cache': 'REDACTED'
    'X-MSEdge-Ref': 'Ref A: E2A03758BA0F4573A30C5C5F45742117 Ref B: PNQ231110906023 Ref C: 2026-05-26T10:28:57Z'
    'Date': 'Tue, 26 May 2026 10:28:57 GMT'
2026-05-26 15:58:58,212 | INFO | SSH rule created
2026-05-26 15:58:58,212 | INFO | Request URL: 'https://management.azure.com/subscriptions/a8bd7b1b-b9aa-4283-aec4-2040b847d926/resourceGroups/AutoProjectRG/providers/Microsoft.Network/networkSecurityGroups/ProjectNSG/securityRules/AllowHTTP?api-version=2025-05-01'
Request method: 'PUT'
Request headers:
    'Content-Type': 'application/json'
    'Content-Length': '211'
    'Accept': 'application/json'
    'x-ms-client-request-id': 'b463c9bb-58ed-11f1-8acb-4c034fe7e914'
    'User-Agent': 'azsdk-python-mgmt-network/30.2.0 Python/3.12.0 (Windows-11-10.0.22621-SP0)'
    'Authorization': 'REDACTED'
A body is sent with the request
2026-05-26 15:58:58,752 | INFO | Response status: 201
Response headers:
    'Cache-Control': 'no-cache'
    'Pragma': 'no-cache'
    'Content-Length': '641'
    'Content-Type': 'application/json; charset=utf-8'
    'Expires': '-1'
    'Retry-After': '1'
    'x-ms-request-id': 'd4febdc2-733a-43fa-adc0-6e4d9fe94c23'
    'Azure-AsyncOperation': 'REDACTED'
    'x-ms-throttle-levels': 'REDACTED'
    'x-ms-correlation-request-id': 'REDACTED'
    'Azure-AsyncNotification': 'REDACTED'
    'x-ms-arm-service-request-id': 'REDACTED'
    'Strict-Transport-Security': 'REDACTED'
    'x-ms-operation-identifier': 'REDACTED'
    'x-ms-ratelimit-remaining-subscription-writes': '199'
    'x-ms-ratelimit-remaining-subscription-global-writes': 'REDACTED'
    'x-ms-routing-request-id': 'REDACTED'
    'X-Content-Type-Options': 'REDACTED'
    'X-Cache': 'REDACTED'
    'X-MSEdge-Ref': 'Ref A: EFB0F29379844E079BF8EF37C24250E5 Ref B: PNQ231110906023 Ref C: 2026-05-26T10:28:57Z'
    'Date': 'Tue, 26 May 2026 10:28:57 GMT'
2026-05-26 15:58:58,753 | INFO | Request URL: 'https://management.azure.com/subscriptions/a8bd7b1b-b9aa-4283-aec4-2040b847d926/providers/Microsoft.Network/locations/centralindia/operations/d4febdc2-733a-43fa-adc0-6e4d9fe94c23?api-version=2025-05-01&t=REDACTED&c=REDACTED&s=REDACTED&h=REDACTED'
Request method: 'GET'
Request headers:
    'x-ms-client-request-id': 'b463c9bb-58ed-11f1-8acb-4c034fe7e914'
    'User-Agent': 'azsdk-python-mgmt-network/30.2.0 Python/3.12.0 (Windows-11-10.0.22621-SP0)'
    'Authorization': 'REDACTED'
No body was attached to the request
2026-05-26 15:58:59,307 | INFO | Response status: 200
Response headers:
    'Cache-Control': 'no-cache'
    'Pragma': 'no-cache'
    'Content-Length': '22'
    'Content-Type': 'application/json; charset=utf-8'
    'Expires': '-1'
    'x-ms-request-id': 'a9a44143-dd19-4e53-90ab-45bf3833cdd2'
    'x-ms-throttle-levels': 'REDACTED'
    'x-ms-correlation-request-id': 'REDACTED'
    'x-ms-arm-service-request-id': 'REDACTED'
    'Strict-Transport-Security': 'REDACTED'
    'x-ms-operation-identifier': 'REDACTED'
    'x-ms-ratelimit-remaining-subscription-reads': '249'
    'x-ms-ratelimit-remaining-subscription-global-reads': 'REDACTED'
    'x-ms-routing-request-id': 'REDACTED'
    'X-Content-Type-Options': 'REDACTED'
    'X-Cache': 'REDACTED'
    'X-MSEdge-Ref': 'Ref A: FB615B5070694C31944B91BB9C523997 Ref B: PNQ231110906023 Ref C: 2026-05-26T10:28:58Z'
    'Date': 'Tue, 26 May 2026 10:28:58 GMT'
2026-05-26 15:58:59,307 | INFO | Request URL: 'https://management.azure.com/subscriptions/a8bd7b1b-b9aa-4283-aec4-2040b847d926/resourceGroups/AutoProjectRG/providers/Microsoft.Network/networkSecurityGroups/ProjectNSG/securityRules/AllowHTTP?api-version=2025-05-01'
Request method: 'GET'
Request headers:
    'x-ms-client-request-id': 'b463c9bb-58ed-11f1-8acb-4c034fe7e914'
    'User-Agent': 'azsdk-python-mgmt-network/30.2.0 Python/3.12.0 (Windows-11-10.0.22621-SP0)'
    'Authorization': 'REDACTED'
No body was attached to the request
2026-05-26 15:59:00,146 | INFO | Response status: 200
Response headers:
    'Cache-Control': 'no-cache'
    'Pragma': 'no-cache'
    'Content-Length': '642'
    'Content-Type': 'application/json; charset=utf-8'
    'Expires': '-1'
    'ETag': 'W/"ad406bf1-13a4-4ced-840b-7bebe8e1c2b1"'
    'x-ms-request-id': '3eb8b660-ff69-48ce-9222-7178a88cbda2'
    'x-ms-throttle-levels': 'REDACTED'
    'x-ms-correlation-request-id': 'REDACTED'
    'x-ms-arm-service-request-id': 'REDACTED'
    'Strict-Transport-Security': 'REDACTED'
    'x-ms-operation-identifier': 'REDACTED'
    'x-ms-ratelimit-remaining-subscription-reads': '249'
    'x-ms-ratelimit-remaining-subscription-global-reads': 'REDACTED'
    'x-ms-routing-request-id': 'REDACTED'
    'X-Content-Type-Options': 'REDACTED'
    'X-Cache': 'REDACTED'
    'X-MSEdge-Ref': 'Ref A: CA6B36FBD9F94F11B5512CEA7A9ADC36 Ref B: PNQ231110906023 Ref C: 2026-05-26T10:28:59Z'
    'Date': 'Tue, 26 May 2026 10:28:59 GMT'
2026-05-26 15:59:00,147 | INFO | HTTP rule created
2026-05-26 15:59:00,147 | INFO | Request URL: 'https://management.azure.com/subscriptions/a8bd7b1b-b9aa-4283-aec4-2040b847d926/resourceGroups/AutoProjectRG/providers/Microsoft.Network/networkSecurityGroups/ProjectNSG/securityRules/AllowHTTPS?api-version=2025-05-01'
Request method: 'PUT'
Request headers:
    'Content-Type': 'application/json'
    'Content-Length': '212'
    'Accept': 'application/json'
    'x-ms-client-request-id': 'b58b0040-58ed-11f1-803d-4c034fe7e914'
    'User-Agent': 'azsdk-python-mgmt-network/30.2.0 Python/3.12.0 (Windows-11-10.0.22621-SP0)'
    'Authorization': 'REDACTED'
A body is sent with the request
2026-05-26 15:59:00,643 | INFO | Response status: 201
Response headers:
    'Cache-Control': 'no-cache'
    'Pragma': 'no-cache'
    'Content-Length': '644'
    'Content-Type': 'application/json; charset=utf-8'
    'Expires': '-1'
    'Retry-After': '1'
    'x-ms-request-id': 'b5513ad9-bb9a-47d9-8e28-2d7e54d53b69'
    'Azure-AsyncOperation': 'REDACTED'
    'x-ms-throttle-levels': 'REDACTED'
    'x-ms-correlation-request-id': 'REDACTED'
    'Azure-AsyncNotification': 'REDACTED'
    'x-ms-arm-service-request-id': 'REDACTED'
    'Strict-Transport-Security': 'REDACTED'
    'x-ms-operation-identifier': 'REDACTED'
    'x-ms-ratelimit-remaining-subscription-writes': '199'
    'x-ms-ratelimit-remaining-subscription-global-writes': 'REDACTED'
    'x-ms-routing-request-id': 'REDACTED'
    'X-Content-Type-Options': 'REDACTED'
    'X-Cache': 'REDACTED'
    'X-MSEdge-Ref': 'Ref A: 9AC7D3156F6841E9A817CCAC452EC20D Ref B: PNQ231110906023 Ref C: 2026-05-26T10:28:59Z'
    'Date': 'Tue, 26 May 2026 10:28:59 GMT'
2026-05-26 15:59:00,644 | INFO | Request URL: 'https://management.azure.com/subscriptions/a8bd7b1b-b9aa-4283-aec4-2040b847d926/providers/Microsoft.Network/locations/centralindia/operations/b5513ad9-bb9a-47d9-8e28-2d7e54d53b69?api-version=2025-05-01&t=REDACTED&c=REDACTED&s=REDACTED&h=REDACTED'
Request method: 'GET'
Request headers:
    'x-ms-client-request-id': 'b58b0040-58ed-11f1-803d-4c034fe7e914'
    'User-Agent': 'azsdk-python-mgmt-network/30.2.0 Python/3.12.0 (Windows-11-10.0.22621-SP0)'
    'Authorization': 'REDACTED'
No body was attached to the request
2026-05-26 15:59:01,747 | INFO | Response status: 200
Response headers:
    'Cache-Control': 'no-cache'
    'Pragma': 'no-cache'
    'Content-Length': '22'
    'Content-Type': 'application/json; charset=utf-8'
    'Expires': '-1'
    'x-ms-request-id': 'ebcba8f1-5192-4765-a8ed-dca303ebe780'
    'x-ms-throttle-levels': 'REDACTED'
    'x-ms-correlation-request-id': 'REDACTED'
    'x-ms-arm-service-request-id': 'REDACTED'
    'Strict-Transport-Security': 'REDACTED'
    'x-ms-operation-identifier': 'REDACTED'
    'x-ms-ratelimit-remaining-subscription-reads': '249'
    'x-ms-ratelimit-remaining-subscription-global-reads': 'REDACTED'
    'x-ms-routing-request-id': 'REDACTED'
    'X-Content-Type-Options': 'REDACTED'
    'X-Cache': 'REDACTED'
    'X-MSEdge-Ref': 'Ref A: 0F269E0363304022B9E2E2C44C15ED8F Ref B: PNQ231110906023 Ref C: 2026-05-26T10:29:00Z'
    'Date': 'Tue, 26 May 2026 10:29:00 GMT'
2026-05-26 15:59:01,748 | INFO | Request URL: 'https://management.azure.com/subscriptions/a8bd7b1b-b9aa-4283-aec4-2040b847d926/resourceGroups/AutoProjectRG/providers/Microsoft.Network/networkSecurityGroups/ProjectNSG/securityRules/AllowHTTPS?api-version=2025-05-01'
Request method: 'GET'
Request headers:
    'x-ms-client-request-id': 'b58b0040-58ed-11f1-803d-4c034fe7e914'
    'User-Agent': 'azsdk-python-mgmt-network/30.2.0 Python/3.12.0 (Windows-11-10.0.22621-SP0)'
    'Authorization': 'REDACTED'
No body was attached to the request
2026-05-26 15:59:01,938 | INFO | Response status: 200
Response headers:
    'Cache-Control': 'no-cache'
    'Pragma': 'no-cache'
    'Content-Length': '645'
    'Content-Type': 'application/json; charset=utf-8'
    'Expires': '-1'
    'ETag': 'W/"e15f06d0-144c-431e-bf87-27f10c917113"'
    'x-ms-request-id': '28b95088-c0b5-4197-858c-52a1b777a73a'
    'x-ms-throttle-levels': 'REDACTED'
    'x-ms-correlation-request-id': 'REDACTED'
    'x-ms-arm-service-request-id': 'REDACTED'
    'Strict-Transport-Security': 'REDACTED'
    'x-ms-operation-identifier': 'REDACTED'
    'x-ms-ratelimit-remaining-subscription-reads': '249'
    'x-ms-ratelimit-remaining-subscription-global-reads': 'REDACTED'
    'x-ms-routing-request-id': 'REDACTED'
    'X-Content-Type-Options': 'REDACTED'
    'X-Cache': 'REDACTED'
    'X-MSEdge-Ref': 'Ref A: 2D48DB1D39F64F1C86C946CA6514FC25 Ref B: PNQ231110906023 Ref C: 2026-05-26T10:29:01Z'
    'Date': 'Tue, 26 May 2026 10:29:00 GMT'
2026-05-26 15:59:01,939 | INFO | HTTPS rule created
2026-05-26 15:59:01,940 | INFO | Request URL: 'https://management.azure.com/subscriptions/a8bd7b1b-b9aa-4283-aec4-2040b847d926/resourceGroups/AutoProjectRG/providers/Microsoft.Network/networkInterfaces/ProductionUbuntuVMNic?api-version=2025-05-01'
Request method: 'PUT'
Request headers:
    'Content-Type': 'application/json'
    'Content-Length': '634'
    'Accept': 'application/json'
    'x-ms-client-request-id': 'b69c849f-58ed-11f1-9672-4c034fe7e914'
    'User-Agent': 'azsdk-python-mgmt-network/30.2.0 Python/3.12.0 (Windows-11-10.0.22621-SP0)'
    'Authorization': 'REDACTED'
A body is sent with the request
2026-05-26 15:59:02,471 | INFO | Response status: 200
Response headers:
    'Cache-Control': 'no-cache'
    'Pragma': 'no-cache'
    'Content-Length': '2107'
    'Content-Type': 'application/json; charset=utf-8'
    'Expires': '-1'
    'x-ms-request-id': '7fa6d787-cd79-401d-92ef-c021f0935007'
    'x-ms-throttle-levels': 'REDACTED'
    'x-ms-correlation-request-id': 'REDACTED'
    'x-ms-arm-service-request-id': 'REDACTED'
    'Strict-Transport-Security': 'REDACTED'
    'x-ms-operation-identifier': 'REDACTED'
    'x-ms-ratelimit-remaining-subscription-writes': '199'
    'x-ms-ratelimit-remaining-subscription-global-writes': 'REDACTED'
    'x-ms-routing-request-id': 'REDACTED'
    'X-Content-Type-Options': 'REDACTED'
    'X-Cache': 'REDACTED'
    'X-MSEdge-Ref': 'Ref A: A7E9B09B5EF84C40A5EE3C0C934271E1 Ref B: PNQ231110906023 Ref C: 2026-05-26T10:29:01Z'
    'Date': 'Tue, 26 May 2026 10:29:01 GMT'
2026-05-26 15:59:02,472 | INFO | NIC created
2026-05-26 15:59:03,185 | INFO | AzureCliCredential.get_token_info succeeded
2026-05-26 15:59:03,185 | INFO | Request URL: 'https://management.azure.com/subscriptions/a8bd7b1b-b9aa-4283-aec4-2040b847d926/resourceGroups/AutoProjectRG/providers/Microsoft.Compute/virtualMachines/ProductionUbuntuVM?api-version=2025-11-01'
Request method: 'PUT'
Request headers:
    'Content-Type': 'application/json'
    'Content-Length': '1197'
    'Accept': 'application/json'
    'x-ms-client-request-id': 'b6ef35ed-58ed-11f1-afa1-4c034fe7e914'
    'User-Agent': 'azsdk-python-mgmt-compute/38.0.0 Python/3.12.0 (Windows-11-10.0.22621-SP0)'
    'Authorization': 'REDACTED'
A body is sent with the request
2026-05-26 15:59:04,422 | INFO | Response status: 200
Response headers:
    'Cache-Control': 'no-cache'
    'Pragma': 'no-cache'
    'Content-Length': '2747'
    'Content-Type': 'application/json; charset=utf-8'
    'Expires': '-1'
    'ETag': '"2"'
    'x-ms-ratelimit-remaining-resource': 'Microsoft.Compute/PutVMSubscriptionMaximum;1499,Microsoft.Compute/PutVMResource;11'
    'x-ms-need-to-refresh-epl-cache': 'REDACTED'
    'Strict-Transport-Security': 'REDACTED'
    'x-ms-request-id': 'd86e4f2b-fb75-42ec-bcc1-a19ba7f653f1'
    'x-ms-operation-identifier': 'REDACTED'
    'x-ms-ratelimit-remaining-subscription-writes': '198'
    'x-ms-ratelimit-remaining-subscription-global-writes': 'REDACTED'
    'x-ms-correlation-request-id': 'REDACTED'
    'x-ms-routing-request-id': 'REDACTED'
    'X-Content-Type-Options': 'REDACTED'
    'X-Cache': 'REDACTED'
    'X-MSEdge-Ref': 'Ref A: 31F4E78F280A4758B18928D63E752FA5 Ref B: PNQ231110908060 Ref C: 2026-05-26T10:29:03Z'
    'Date': 'Tue, 26 May 2026 10:29:03 GMT'
2026-05-26 15:59:04,423 | INFO | Request URL: 'https://management.azure.com/subscriptions/a8bd7b1b-b9aa-4283-aec4-2040b847d926/resourceGroups/AutoProjectRG/providers/Microsoft.Compute/virtualMachines/ProductionUbuntuVM?api-version=2025-11-01'
Request method: 'GET'
Request headers:
    'x-ms-client-request-id': 'b6ef35ed-58ed-11f1-afa1-4c034fe7e914'
    'User-Agent': 'azsdk-python-mgmt-compute/38.0.0 Python/3.12.0 (Windows-11-10.0.22621-SP0)'
    'Authorization': 'REDACTED'
No body was attached to the request
2026-05-26 15:59:04,616 | INFO | Response status: 200
Response headers:
    'Cache-Control': 'no-cache'
    'Pragma': 'no-cache'
    'Content-Length': '2748'
    'Content-Type': 'application/json; charset=utf-8'
    'Expires': '-1'
    'ETag': '"2"'
    'x-ms-ratelimit-remaining-resource': 'Microsoft.Compute/LowCostGetSubscriptionMaximum;23999,Microsoft.Compute/LowCostGetResource;35'
    'x-ms-need-to-refresh-epl-cache': 'REDACTED'
    'Strict-Transport-Security': 'REDACTED'
    'x-ms-request-id': 'a4019a79-05c6-45a2-9e80-ef929068f220'
    'x-ms-ratelimit-remaining-subscription-reads': '249'
    'x-ms-ratelimit-remaining-subscription-global-reads': 'REDACTED'
    'x-ms-correlation-request-id': 'REDACTED'
    'x-ms-routing-request-id': 'REDACTED'
    'X-Content-Type-Options': 'REDACTED'
    'X-Cache': 'REDACTED'
    'X-MSEdge-Ref': 'Ref A: 266EF6EFA663438E9641B6D2768B7897 Ref B: PNQ231110908060 Ref C: 2026-05-26T10:29:04Z'
    'Date': 'Tue, 26 May 2026 10:29:03 GMT'
2026-05-26 15:59:04,619 | INFO | VM created successfully
2026-05-26 16:05:18,778 | INFO | Infrastructure creation started
2026-05-26 16:05:19,795 | INFO | AzureCliCredential.get_token_info succeeded
2026-05-26 16:05:19,798 | INFO | Request URL: 'https://management.azure.com/subscriptions/a8bd7b1b-b9aa-4283-aec4-2040b847d926/resourcegroups/AutoProjectRG?api-version=2025-04-01'
Request method: 'HEAD'
Request headers:
    'Accept': 'application/json'
    'x-ms-client-request-id': '9739906d-58ee-11f1-9ffe-4c034fe7e914'
    'User-Agent': 'azsdk-python-mgmt-resource/25.0.0 Python/3.12.0 (Windows-11-10.0.22621-SP0)'
    'Authorization': 'REDACTED'
No body was attached to the request
2026-05-26 16:05:20,508 | INFO | Response status: 204
Response headers:
    'Cache-Control': 'no-cache'
    'Pragma': 'no-cache'
    'Content-Length': '0'
    'Expires': '-1'
    'x-ms-ratelimit-remaining-subscription-reads': '249'
    'x-ms-ratelimit-remaining-subscription-global-reads': 'REDACTED'
    'x-ms-request-id': '9cd87212-c270-45da-986f-e4b1762de9b5'
    'x-ms-correlation-request-id': 'REDACTED'
    'x-ms-routing-request-id': 'REDACTED'
    'Strict-Transport-Security': 'REDACTED'
    'X-Content-Type-Options': 'REDACTED'
    'X-Cache': 'REDACTED'
    'X-MSEdge-Ref': 'Ref A: 644420E09EB545E7BC96FB5AEC226ED1 Ref B: PNQ231110908025 Ref C: 2026-05-26T10:35:19Z'
    'Date': 'Tue, 26 May 2026 10:35:19 GMT'
2026-05-26 16:05:20,508 | INFO | Resource Group already exists: AutoProjectRG
2026-05-26 16:05:21,199 | INFO | AzureCliCredential.get_token_info succeeded
2026-05-26 16:05:21,200 | INFO | Request URL: 'https://management.azure.com/subscriptions/a8bd7b1b-b9aa-4283-aec4-2040b847d926/resourceGroups/AutoProjectRG/providers/Microsoft.Network/virtualNetworks/ProjectVNet?api-version=2025-05-01'
Request method: 'PUT'
Request headers:
    'Content-Type': 'application/json'
    'Content-Length': '98'
    'Accept': 'application/json'
    'x-ms-client-request-id': '984170de-58ee-11f1-89a8-4c034fe7e914'
    'User-Agent': 'azsdk-python-mgmt-network/30.2.0 Python/3.12.0 (Windows-11-10.0.22621-SP0)'
    'Authorization': 'REDACTED'
A body is sent with the request
2026-05-26 16:05:21,930 | INFO | Response status: 200
Response headers:
    'Cache-Control': 'no-cache'
    'Pragma': 'no-cache'
    'Content-Length': '1232'
    'Content-Type': 'application/json; charset=utf-8'
    'Expires': '-1'
    'x-ms-request-id': '3bf57035-d002-4ff2-b961-f7b39e085ef2'
    'Azure-AsyncOperation': 'REDACTED'
    'x-ms-throttle-levels': 'REDACTED'
    'x-ms-correlation-request-id': 'REDACTED'
    'Azure-AsyncNotification': 'REDACTED'
    'x-ms-arm-service-request-id': 'REDACTED'
    'Strict-Transport-Security': 'REDACTED'
    'x-ms-operation-identifier': 'REDACTED'
    'x-ms-ratelimit-remaining-subscription-writes': '199'
    'x-ms-ratelimit-remaining-subscription-global-writes': 'REDACTED'
    'x-ms-routing-request-id': 'REDACTED'
    'X-Content-Type-Options': 'REDACTED'
    'X-Cache': 'REDACTED'
    'X-MSEdge-Ref': 'Ref A: 6F669C76450B4B608A6F17FC400A7DAC Ref B: PNQ231110906042 Ref C: 2026-05-26T10:35:21Z'
    'Date': 'Tue, 26 May 2026 10:35:20 GMT'
2026-05-26 16:05:21,933 | INFO | Request URL: 'https://management.azure.com/subscriptions/a8bd7b1b-b9aa-4283-aec4-2040b847d926/providers/Microsoft.Network/locations/centralindia/operations/3bf57035-d002-4ff2-b961-f7b39e085ef2?api-version=2025-05-01&t=REDACTED&c=REDACTED&s=REDACTED&h=REDACTED'
Request method: 'GET'
Request headers:
    'x-ms-client-request-id': '984170de-58ee-11f1-89a8-4c034fe7e914'
    'User-Agent': 'azsdk-python-mgmt-network/30.2.0 Python/3.12.0 (Windows-11-10.0.22621-SP0)'
    'Authorization': 'REDACTED'
No body was attached to the request
2026-05-26 16:05:22,703 | INFO | Response status: 200
Response headers:
    'Cache-Control': 'no-cache'
    'Pragma': 'no-cache'
    'Content-Length': '22'
    'Content-Type': 'application/json; charset=utf-8'
    'Expires': '-1'
    'x-ms-request-id': 'd46942b1-a246-4582-bf4a-90547902b08b'
    'x-ms-throttle-levels': 'REDACTED'
    'x-ms-correlation-request-id': 'REDACTED'
    'x-ms-arm-service-request-id': 'REDACTED'
    'Strict-Transport-Security': 'REDACTED'
    'x-ms-operation-identifier': 'REDACTED'
    'x-ms-ratelimit-remaining-subscription-reads': '249'
    'x-ms-ratelimit-remaining-subscription-global-reads': 'REDACTED'
    'x-ms-routing-request-id': 'REDACTED'
    'X-Content-Type-Options': 'REDACTED'
    'X-Cache': 'REDACTED'
    'X-MSEdge-Ref': 'Ref A: 069A175F08E84CB28109015A87BCCF2C Ref B: PNQ231110906042 Ref C: 2026-05-26T10:35:21Z'
    'Date': 'Tue, 26 May 2026 10:35:21 GMT'
2026-05-26 16:05:22,705 | INFO | Request URL: 'https://management.azure.com/subscriptions/a8bd7b1b-b9aa-4283-aec4-2040b847d926/resourceGroups/AutoProjectRG/providers/Microsoft.Network/virtualNetworks/ProjectVNet?api-version=2025-05-01'
Request method: 'GET'
Request headers:
    'x-ms-client-request-id': '984170de-58ee-11f1-89a8-4c034fe7e914'
    'User-Agent': 'azsdk-python-mgmt-network/30.2.0 Python/3.12.0 (Windows-11-10.0.22621-SP0)'
    'Authorization': 'REDACTED'
No body was attached to the request
2026-05-26 16:05:22,991 | INFO | Response status: 200
Response headers:
    'Cache-Control': 'no-cache'
    'Pragma': 'no-cache'
    'Content-Length': '1232'
    'Content-Type': 'application/json; charset=utf-8'
    'Expires': '-1'
    'x-ms-request-id': 'b961c733-fea2-4e87-8527-6d7218751a69'
    'x-ms-throttle-levels': 'REDACTED'
    'x-ms-correlation-request-id': 'REDACTED'
    'x-ms-arm-service-request-id': 'REDACTED'
    'Strict-Transport-Security': 'REDACTED'
    'x-ms-ratelimit-remaining-subscription-reads': '249'
    'x-ms-ratelimit-remaining-subscription-global-reads': 'REDACTED'
    'x-ms-routing-request-id': 'REDACTED'
    'X-Content-Type-Options': 'REDACTED'
    'X-Cache': 'REDACTED'
    'X-MSEdge-Ref': 'Ref A: 27BD8E9655EB4EBC9C92C881FBD5099A Ref B: PNQ231110906042 Ref C: 2026-05-26T10:35:22Z'
    'Date': 'Tue, 26 May 2026 10:35:21 GMT'
2026-05-26 16:05:22,992 | INFO | Virtual Network created
2026-05-26 16:05:22,993 | INFO | Request URL: 'https://management.azure.com/subscriptions/a8bd7b1b-b9aa-4283-aec4-2040b847d926/resourceGroups/AutoProjectRG/providers/Microsoft.Network/virtualNetworks/ProjectVNet/subnets/DefaultSubnet?api-version=2025-05-01'
Request method: 'PUT'
Request headers:
    'Content-Type': 'application/json'
    'Content-Length': '48'
    'Accept': 'application/json'
    'x-ms-client-request-id': '99bc874a-58ee-11f1-b5e3-4c034fe7e914'
    'User-Agent': 'azsdk-python-mgmt-network/30.2.0 Python/3.12.0 (Windows-11-10.0.22621-SP0)'
    'Authorization': 'REDACTED'
A body is sent with the request
2026-05-26 16:05:23,267 | INFO | Response status: 200
Response headers:
    'Cache-Control': 'no-cache'
    'Pragma': 'no-cache'
    'Content-Length': '682'
    'Content-Type': 'application/json; charset=utf-8'
    'Expires': '-1'
    'x-ms-request-id': 'c284fd76-4556-4736-89e4-188697ee60d4'
    'Azure-AsyncOperation': 'REDACTED'
    'x-ms-throttle-levels': 'REDACTED'
    'x-ms-correlation-request-id': 'REDACTED'
    'Azure-AsyncNotification': 'REDACTED'
    'x-ms-arm-service-request-id': 'REDACTED'
    'Strict-Transport-Security': 'REDACTED'
    'x-ms-operation-identifier': 'REDACTED'
    'x-ms-ratelimit-remaining-subscription-writes': '199'
    'x-ms-ratelimit-remaining-subscription-global-writes': 'REDACTED'
    'x-ms-routing-request-id': 'REDACTED'
    'X-Content-Type-Options': 'REDACTED'
    'X-Cache': 'REDACTED'
    'X-MSEdge-Ref': 'Ref A: 6A2A5CA09A1F4B6DA18364774EC0C9BE Ref B: PNQ231110906042 Ref C: 2026-05-26T10:35:22Z'
    'Date': 'Tue, 26 May 2026 10:35:21 GMT'
2026-05-26 16:05:23,268 | INFO | Request URL: 'https://management.azure.com/subscriptions/a8bd7b1b-b9aa-4283-aec4-2040b847d926/providers/Microsoft.Network/locations/centralindia/operations/c284fd76-4556-4736-89e4-188697ee60d4?api-version=2025-05-01&t=REDACTED&c=REDACTED&s=REDACTED&h=REDACTED'
Request method: 'GET'
Request headers:
    'x-ms-client-request-id': '99bc874a-58ee-11f1-b5e3-4c034fe7e914'
    'User-Agent': 'azsdk-python-mgmt-network/30.2.0 Python/3.12.0 (Windows-11-10.0.22621-SP0)'
    'Authorization': 'REDACTED'
No body was attached to the request
2026-05-26 16:05:23,382 | INFO | Response status: 200
Response headers:
    'Cache-Control': 'no-cache'
    'Pragma': 'no-cache'
    'Content-Length': '22'
    'Content-Type': 'application/json; charset=utf-8'
    'Expires': '-1'
    'x-ms-request-id': 'b7e077f4-4576-43dc-920e-feaaac8cbb6a'
    'x-ms-throttle-levels': 'REDACTED'
    'x-ms-correlation-request-id': 'REDACTED'
    'x-ms-arm-service-request-id': 'REDACTED'
    'Strict-Transport-Security': 'REDACTED'
    'x-ms-operation-identifier': 'REDACTED'
    'x-ms-ratelimit-remaining-subscription-reads': '249'
    'x-ms-ratelimit-remaining-subscription-global-reads': 'REDACTED'
    'x-ms-routing-request-id': 'REDACTED'
    'X-Content-Type-Options': 'REDACTED'
    'X-Cache': 'REDACTED'
    'X-MSEdge-Ref': 'Ref A: A2678FDDB1954F9D93465739EED633C7 Ref B: PNQ231110906042 Ref C: 2026-05-26T10:35:22Z'
    'Date': 'Tue, 26 May 2026 10:35:21 GMT'
2026-05-26 16:05:23,383 | INFO | Request URL: 'https://management.azure.com/subscriptions/a8bd7b1b-b9aa-4283-aec4-2040b847d926/resourceGroups/AutoProjectRG/providers/Microsoft.Network/virtualNetworks/ProjectVNet/subnets/DefaultSubnet?api-version=2025-05-01'
Request method: 'GET'
Request headers:
    'x-ms-client-request-id': '99bc874a-58ee-11f1-b5e3-4c034fe7e914'
    'User-Agent': 'azsdk-python-mgmt-network/30.2.0 Python/3.12.0 (Windows-11-10.0.22621-SP0)'
    'Authorization': 'REDACTED'
No body was attached to the request
2026-05-26 16:05:23,471 | INFO | Response status: 200
Response headers:
    'Cache-Control': 'no-cache'
    'Pragma': 'no-cache'
    'Content-Length': '682'
    'Content-Type': 'application/json; charset=utf-8'
    'Expires': '-1'
    'ETag': 'W/"caeec8fb-1a86-456b-8c44-a1ef530617a7"'
    'x-ms-request-id': 'd91b05c3-cbbf-4fa2-a995-94e92eedac62'
    'x-ms-throttle-levels': 'REDACTED'
    'x-ms-correlation-request-id': 'REDACTED'
    'x-ms-arm-service-request-id': 'REDACTED'
    'Strict-Transport-Security': 'REDACTED'
    'x-ms-operation-identifier': 'REDACTED'
    'x-ms-ratelimit-remaining-subscription-reads': '248'
    'x-ms-ratelimit-remaining-subscription-global-reads': 'REDACTED'
    'x-ms-routing-request-id': 'REDACTED'
    'X-Content-Type-Options': 'REDACTED'
    'X-Cache': 'REDACTED'
    'X-MSEdge-Ref': 'Ref A: 6B78EFB9CFB94C8D95F7A2CE54A63216 Ref B: PNQ231110906042 Ref C: 2026-05-26T10:35:23Z'
    'Date': 'Tue, 26 May 2026 10:35:22 GMT'
2026-05-26 16:05:23,472 | INFO | Subnet created
2026-05-26 16:05:23,472 | INFO | Request URL: 'https://management.azure.com/subscriptions/a8bd7b1b-b9aa-4283-aec4-2040b847d926/resourceGroups/AutoProjectRG/providers/Microsoft.Network/publicIPAddresses/ProjectPublicIP?api-version=2025-05-01'
Request method: 'PUT'
Request headers:
    'Content-Type': 'application/json'
    'Content-Length': '111'
    'Accept': 'application/json'
    'x-ms-client-request-id': '9a05cfa6-58ee-11f1-a01a-4c034fe7e914'
    'User-Agent': 'azsdk-python-mgmt-network/30.2.0 Python/3.12.0 (Windows-11-10.0.22621-SP0)'
    'Authorization': 'REDACTED'
A body is sent with the request
2026-05-26 16:05:24,011 | INFO | Response status: 200
Response headers:
    'Cache-Control': 'no-cache'
    'Pragma': 'no-cache'
    'Content-Length': '839'
    'Content-Type': 'application/json; charset=utf-8'
    'Expires': '-1'
    'x-ms-request-id': '2da3a38e-80dc-426c-a6ad-1aed21bcacf9'
    'Azure-AsyncOperation': 'REDACTED'
    'x-ms-throttle-levels': 'REDACTED'
    'x-ms-correlation-request-id': 'REDACTED'
    'Azure-AsyncNotification': 'REDACTED'
    'x-ms-arm-service-request-id': 'REDACTED'
    'Strict-Transport-Security': 'REDACTED'
    'x-ms-operation-identifier': 'REDACTED'
    'x-ms-ratelimit-remaining-subscription-writes': '199'
    'x-ms-ratelimit-remaining-subscription-global-writes': 'REDACTED'
    'x-ms-routing-request-id': 'REDACTED'
    'X-Content-Type-Options': 'REDACTED'
    'X-Cache': 'REDACTED'
    'X-MSEdge-Ref': 'Ref A: 06F14F5B7B2A4A6498F6A38BACF2E5F9 Ref B: PNQ231110906042 Ref C: 2026-05-26T10:35:23Z'
    'Date': 'Tue, 26 May 2026 10:35:22 GMT'
2026-05-26 16:05:24,012 | INFO | Request URL: 'https://management.azure.com/subscriptions/a8bd7b1b-b9aa-4283-aec4-2040b847d926/providers/Microsoft.Network/locations/centralindia/operations/2da3a38e-80dc-426c-a6ad-1aed21bcacf9?api-version=2025-05-01&t=REDACTED&c=REDACTED&s=REDACTED&h=REDACTED'
Request method: 'GET'
Request headers:
    'x-ms-client-request-id': '9a05cfa6-58ee-11f1-a01a-4c034fe7e914'
    'User-Agent': 'azsdk-python-mgmt-network/30.2.0 Python/3.12.0 (Windows-11-10.0.22621-SP0)'
    'Authorization': 'REDACTED'
No body was attached to the request
2026-05-26 16:05:24,582 | INFO | Response status: 200
Response headers:
    'Cache-Control': 'no-cache'
    'Pragma': 'no-cache'
    'Content-Length': '22'
    'Content-Type': 'application/json; charset=utf-8'
    'Expires': '-1'
    'x-ms-request-id': 'c4b3d2d0-be07-4b70-9dc9-0dcd7b04a634'
    'x-ms-throttle-levels': 'REDACTED'
    'x-ms-correlation-request-id': 'REDACTED'
    'x-ms-arm-service-request-id': 'REDACTED'
    'Strict-Transport-Security': 'REDACTED'
    'x-ms-operation-identifier': 'REDACTED'
    'x-ms-ratelimit-remaining-subscription-reads': '249'
    'x-ms-ratelimit-remaining-subscription-global-reads': 'REDACTED'
    'x-ms-routing-request-id': 'REDACTED'
    'X-Content-Type-Options': 'REDACTED'
    'X-Cache': 'REDACTED'
    'X-MSEdge-Ref': 'Ref A: A17E989E48F342EB99C42146C8D82527 Ref B: PNQ231110906042 Ref C: 2026-05-26T10:35:23Z'
    'Date': 'Tue, 26 May 2026 10:35:23 GMT'
2026-05-26 16:05:24,582 | INFO | Request URL: 'https://management.azure.com/subscriptions/a8bd7b1b-b9aa-4283-aec4-2040b847d926/resourceGroups/AutoProjectRG/providers/Microsoft.Network/publicIPAddresses/ProjectPublicIP?api-version=2025-05-01'
Request method: 'GET'
Request headers:
    'x-ms-client-request-id': '9a05cfa6-58ee-11f1-a01a-4c034fe7e914'
    'User-Agent': 'azsdk-python-mgmt-network/30.2.0 Python/3.12.0 (Windows-11-10.0.22621-SP0)'
    'Authorization': 'REDACTED'
No body was attached to the request
2026-05-26 16:05:24,826 | INFO | Response status: 200
Response headers:
    'Cache-Control': 'no-cache'
    'Pragma': 'no-cache'
    'Content-Length': '839'
    'Content-Type': 'application/json; charset=utf-8'
    'Expires': '-1'
    'ETag': 'W/"23921f0d-8c7c-4360-ac19-b5e276076726"'
    'x-ms-request-id': 'b45f7ee0-6937-48ec-9edd-ab792ce693a4'
    'x-ms-throttle-levels': 'REDACTED'
    'x-ms-correlation-request-id': 'REDACTED'
    'x-ms-arm-service-request-id': 'REDACTED'
    'Strict-Transport-Security': 'REDACTED'
    'x-ms-ratelimit-remaining-subscription-reads': '249'
    'x-ms-ratelimit-remaining-subscription-global-reads': 'REDACTED'
    'x-ms-routing-request-id': 'REDACTED'
    'X-Content-Type-Options': 'REDACTED'
    'X-Cache': 'REDACTED'
    'X-MSEdge-Ref': 'Ref A: 3E926E07A85F4476BE510412C64FC2FF Ref B: PNQ231110906042 Ref C: 2026-05-26T10:35:24Z'
    'Date': 'Tue, 26 May 2026 10:35:23 GMT'
2026-05-26 16:05:24,827 | INFO | Public IP created
2026-05-26 16:05:24,827 | INFO | Request URL: 'https://management.azure.com/subscriptions/a8bd7b1b-b9aa-4283-aec4-2040b847d926/resourceGroups/AutoProjectRG/providers/Microsoft.Network/networkSecurityGroups/ProjectNSG?api-version=2025-05-01'
Request method: 'PUT'
Request headers:
    'Content-Type': 'application/json'
    'Content-Length': '28'
    'Accept': 'application/json'
    'x-ms-client-request-id': '9ad483f9-58ee-11f1-8121-4c034fe7e914'
    'User-Agent': 'azsdk-python-mgmt-network/30.2.0 Python/3.12.0 (Windows-11-10.0.22621-SP0)'
    'Authorization': 'REDACTED'
A body is sent with the request
2026-05-26 16:05:25,172 | INFO | Response status: 200
Response headers:
    'Cache-Control': 'no-cache'
    'Pragma': 'no-cache'
    'Content-Length': '5077'
    'Content-Type': 'application/json; charset=utf-8'
    'Expires': '-1'
    'Retry-After': '1'
    'x-ms-request-id': '93df74de-036c-4454-988a-3a22ae8c42eb'
    'Azure-AsyncOperation': 'REDACTED'
    'x-ms-throttle-levels': 'REDACTED'
    'x-ms-correlation-request-id': 'REDACTED'
    'Azure-AsyncNotification': 'REDACTED'
    'x-ms-arm-service-request-id': 'REDACTED'
    'Strict-Transport-Security': 'REDACTED'
    'x-ms-operation-identifier': 'REDACTED'
    'x-ms-ratelimit-remaining-subscription-writes': '198'
    'x-ms-ratelimit-remaining-subscription-global-writes': 'REDACTED'
    'x-ms-routing-request-id': 'REDACTED'
    'X-Content-Type-Options': 'REDACTED'
    'X-Cache': 'REDACTED'
    'X-MSEdge-Ref': 'Ref A: 03B4E17B8C1C48C490AB7AD4F0B539C1 Ref B: PNQ231110906042 Ref C: 2026-05-26T10:35:24Z'
    'Date': 'Tue, 26 May 2026 10:35:23 GMT'
2026-05-26 16:05:25,173 | INFO | Request URL: 'https://management.azure.com/subscriptions/a8bd7b1b-b9aa-4283-aec4-2040b847d926/providers/Microsoft.Network/locations/centralindia/operations/93df74de-036c-4454-988a-3a22ae8c42eb?api-version=2025-05-01&t=REDACTED&c=REDACTED&s=REDACTED&h=REDACTED'
Request method: 'GET'
Request headers:
    'x-ms-client-request-id': '9ad483f9-58ee-11f1-8121-4c034fe7e914'
    'User-Agent': 'azsdk-python-mgmt-network/30.2.0 Python/3.12.0 (Windows-11-10.0.22621-SP0)'
    'Authorization': 'REDACTED'
No body was attached to the request
2026-05-26 16:05:25,781 | INFO | Response status: 200
Response headers:
    'Cache-Control': 'no-cache'
    'Pragma': 'no-cache'
    'Content-Length': '22'
    'Content-Type': 'application/json; charset=utf-8'
    'Expires': '-1'
    'x-ms-request-id': '960e4174-e604-4383-b893-fe66dcadb042'
    'x-ms-throttle-levels': 'REDACTED'
    'x-ms-correlation-request-id': 'REDACTED'
    'x-ms-arm-service-request-id': 'REDACTED'
    'Strict-Transport-Security': 'REDACTED'
    'x-ms-operation-identifier': 'REDACTED'
    'x-ms-ratelimit-remaining-subscription-reads': '249'
    'x-ms-ratelimit-remaining-subscription-global-reads': 'REDACTED'
    'x-ms-routing-request-id': 'REDACTED'
    'X-Content-Type-Options': 'REDACTED'
    'X-Cache': 'REDACTED'
    'X-MSEdge-Ref': 'Ref A: E061E15400A54449A2B27C8931E770DD Ref B: PNQ231110906042 Ref C: 2026-05-26T10:35:24Z'
    'Date': 'Tue, 26 May 2026 10:35:24 GMT'
2026-05-26 16:05:25,781 | INFO | Request URL: 'https://management.azure.com/subscriptions/a8bd7b1b-b9aa-4283-aec4-2040b847d926/resourceGroups/AutoProjectRG/providers/Microsoft.Network/networkSecurityGroups/ProjectNSG?api-version=2025-05-01'
Request method: 'GET'
Request headers:
    'x-ms-client-request-id': '9ad483f9-58ee-11f1-8121-4c034fe7e914'
    'User-Agent': 'azsdk-python-mgmt-network/30.2.0 Python/3.12.0 (Windows-11-10.0.22621-SP0)'
    'Authorization': 'REDACTED'
No body was attached to the request
2026-05-26 16:05:26,314 | INFO | Response status: 200
Response headers:
    'Cache-Control': 'no-cache'
    'Pragma': 'no-cache'
    'Content-Length': '5084'
    'Content-Type': 'application/json; charset=utf-8'
    'Expires': '-1'
    'ETag': 'W/"cc1e7c4f-0e66-4b34-9f63-d46fc6e38101"'
    'x-ms-request-id': 'b5016b3f-245f-4d88-b298-53940543fb81'
    'x-ms-throttle-levels': 'REDACTED'
    'x-ms-correlation-request-id': 'REDACTED'
    'x-ms-arm-service-request-id': 'REDACTED'
    'Strict-Transport-Security': 'REDACTED'
    'x-ms-ratelimit-remaining-subscription-reads': '249'
    'x-ms-ratelimit-remaining-subscription-global-reads': 'REDACTED'
    'x-ms-routing-request-id': 'REDACTED'
    'X-Content-Type-Options': 'REDACTED'
    'X-Cache': 'REDACTED'
    'X-MSEdge-Ref': 'Ref A: 1ECB1DDC7A704FDA8B6FE27713B9350F Ref B: PNQ231110906042 Ref C: 2026-05-26T10:35:25Z'
    'Date': 'Tue, 26 May 2026 10:35:24 GMT'
2026-05-26 16:05:26,315 | INFO | NSG created
2026-05-26 16:05:26,315 | INFO | Request URL: 'https://management.azure.com/subscriptions/a8bd7b1b-b9aa-4283-aec4-2040b847d926/resourceGroups/AutoProjectRG/providers/Microsoft.Network/networkSecurityGroups/ProjectNSG/securityRules/AllowSSH?api-version=2025-05-01'
Request method: 'PUT'
Request headers:
    'Content-Type': 'application/json'
    'Content-Length': '211'
    'Accept': 'application/json'
    'x-ms-client-request-id': '9bb7a0ef-58ee-11f1-8348-4c034fe7e914'
    'User-Agent': 'azsdk-python-mgmt-network/30.2.0 Python/3.12.0 (Windows-11-10.0.22621-SP0)'
    'Authorization': 'REDACTED'
A body is sent with the request
2026-05-26 16:05:26,734 | INFO | Response status: 201
Response headers:
    'Cache-Control': 'no-cache'
    'Pragma': 'no-cache'
    'Content-Length': '639'
    'Content-Type': 'application/json; charset=utf-8'
    'Expires': '-1'
    'Retry-After': '1'
    'x-ms-request-id': '5654a21f-5638-4630-a268-3d2891d51d49'
    'Azure-AsyncOperation': 'REDACTED'
    'x-ms-throttle-levels': 'REDACTED'
    'x-ms-correlation-request-id': 'REDACTED'
    'Azure-AsyncNotification': 'REDACTED'
    'x-ms-arm-service-request-id': 'REDACTED'
    'Strict-Transport-Security': 'REDACTED'
    'x-ms-operation-identifier': 'REDACTED'
    'x-ms-ratelimit-remaining-subscription-writes': '199'
    'x-ms-ratelimit-remaining-subscription-global-writes': 'REDACTED'
    'x-ms-routing-request-id': 'REDACTED'
    'X-Content-Type-Options': 'REDACTED'
    'X-Cache': 'REDACTED'
    'X-MSEdge-Ref': 'Ref A: 424D648D75434A8CACB109B109586F05 Ref B: PNQ231110906042 Ref C: 2026-05-26T10:35:25Z'
    'Date': 'Tue, 26 May 2026 10:35:25 GMT'
2026-05-26 16:05:26,735 | INFO | Request URL: 'https://management.azure.com/subscriptions/a8bd7b1b-b9aa-4283-aec4-2040b847d926/providers/Microsoft.Network/locations/centralindia/operations/5654a21f-5638-4630-a268-3d2891d51d49?api-version=2025-05-01&t=REDACTED&c=REDACTED&s=REDACTED&h=REDACTED'
Request method: 'GET'
Request headers:
    'x-ms-client-request-id': '9bb7a0ef-58ee-11f1-8348-4c034fe7e914'
    'User-Agent': 'azsdk-python-mgmt-network/30.2.0 Python/3.12.0 (Windows-11-10.0.22621-SP0)'
    'Authorization': 'REDACTED'
No body was attached to the request
2026-05-26 16:05:27,372 | INFO | Response status: 200
Response headers:
    'Cache-Control': 'no-cache'
    'Pragma': 'no-cache'
    'Content-Length': '22'
    'Content-Type': 'application/json; charset=utf-8'
    'Expires': '-1'
    'x-ms-request-id': 'b694ea05-eb59-4e36-8bd8-5e0bbf464c75'
    'x-ms-throttle-levels': 'REDACTED'
    'x-ms-correlation-request-id': 'REDACTED'
    'x-ms-arm-service-request-id': 'REDACTED'
    'Strict-Transport-Security': 'REDACTED'
    'x-ms-operation-identifier': 'REDACTED'
    'x-ms-ratelimit-remaining-subscription-reads': '249'
    'x-ms-ratelimit-remaining-subscription-global-reads': 'REDACTED'
    'x-ms-routing-request-id': 'REDACTED'
    'X-Content-Type-Options': 'REDACTED'
    'X-Cache': 'REDACTED'
    'X-MSEdge-Ref': 'Ref A: FF8AF47CCC5E46008B86C7E0F6278CC4 Ref B: PNQ231110906042 Ref C: 2026-05-26T10:35:26Z'
    'Date': 'Tue, 26 May 2026 10:35:25 GMT'
2026-05-26 16:05:27,372 | INFO | Request URL: 'https://management.azure.com/subscriptions/a8bd7b1b-b9aa-4283-aec4-2040b847d926/resourceGroups/AutoProjectRG/providers/Microsoft.Network/networkSecurityGroups/ProjectNSG/securityRules/AllowSSH?api-version=2025-05-01'
Request method: 'GET'
Request headers:
    'x-ms-client-request-id': '9bb7a0ef-58ee-11f1-8348-4c034fe7e914'
    'User-Agent': 'azsdk-python-mgmt-network/30.2.0 Python/3.12.0 (Windows-11-10.0.22621-SP0)'
    'Authorization': 'REDACTED'
No body was attached to the request
2026-05-26 16:05:27,473 | INFO | Response status: 200
Response headers:
    'Cache-Control': 'no-cache'
    'Pragma': 'no-cache'
    'Content-Length': '640'
    'Content-Type': 'application/json; charset=utf-8'
    'Expires': '-1'
    'ETag': 'W/"85037bbd-5d89-4b13-a688-ecda9e81e43b"'
    'x-ms-request-id': '893921ad-7420-49fb-be13-07caef1bcb27'
    'x-ms-throttle-levels': 'REDACTED'
    'x-ms-correlation-request-id': 'REDACTED'
    'x-ms-arm-service-request-id': 'REDACTED'
    'Strict-Transport-Security': 'REDACTED'
    'x-ms-operation-identifier': 'REDACTED'
    'x-ms-ratelimit-remaining-subscription-reads': '249'
    'x-ms-ratelimit-remaining-subscription-global-reads': 'REDACTED'
    'x-ms-routing-request-id': 'REDACTED'
    'X-Content-Type-Options': 'REDACTED'
    'X-Cache': 'REDACTED'
    'X-MSEdge-Ref': 'Ref A: 4BD54DEA71BF40C4A5F79DA9C5898605 Ref B: PNQ231110906042 Ref C: 2026-05-26T10:35:27Z'
    'Date': 'Tue, 26 May 2026 10:35:26 GMT'
2026-05-26 16:05:27,474 | INFO | SSH rule created
2026-05-26 16:05:27,474 | INFO | Request URL: 'https://management.azure.com/subscriptions/a8bd7b1b-b9aa-4283-aec4-2040b847d926/resourceGroups/AutoProjectRG/providers/Microsoft.Network/networkSecurityGroups/ProjectNSG/securityRules/AllowHTTP?api-version=2025-05-01'
Request method: 'PUT'
Request headers:
    'Content-Type': 'application/json'
    'Content-Length': '211'
    'Accept': 'application/json'
    'x-ms-client-request-id': '9c687727-58ee-11f1-9fd6-4c034fe7e914'
    'User-Agent': 'azsdk-python-mgmt-network/30.2.0 Python/3.12.0 (Windows-11-10.0.22621-SP0)'
    'Authorization': 'REDACTED'
A body is sent with the request
2026-05-26 16:05:27,828 | INFO | Response status: 201
Response headers:
    'Cache-Control': 'no-cache'
    'Pragma': 'no-cache'
    'Content-Length': '641'
    'Content-Type': 'application/json; charset=utf-8'
    'Expires': '-1'
    'Retry-After': '1'
    'x-ms-request-id': '3219c52b-b4f5-4fca-bf89-4c3c37f66942'
    'Azure-AsyncOperation': 'REDACTED'
    'x-ms-throttle-levels': 'REDACTED'
    'x-ms-correlation-request-id': 'REDACTED'
    'Azure-AsyncNotification': 'REDACTED'
    'x-ms-arm-service-request-id': 'REDACTED'
    'Strict-Transport-Security': 'REDACTED'
    'x-ms-operation-identifier': 'REDACTED'
    'x-ms-ratelimit-remaining-subscription-writes': '199'
    'x-ms-ratelimit-remaining-subscription-global-writes': 'REDACTED'
    'x-ms-routing-request-id': 'REDACTED'
    'X-Content-Type-Options': 'REDACTED'
    'X-Cache': 'REDACTED'
    'X-MSEdge-Ref': 'Ref A: DBAE5A481D5944F39A06F2A5B08E379E Ref B: PNQ231110906042 Ref C: 2026-05-26T10:35:27Z'
    'Date': 'Tue, 26 May 2026 10:35:26 GMT'
2026-05-26 16:05:27,830 | INFO | Request URL: 'https://management.azure.com/subscriptions/a8bd7b1b-b9aa-4283-aec4-2040b847d926/providers/Microsoft.Network/locations/centralindia/operations/3219c52b-b4f5-4fca-bf89-4c3c37f66942?api-version=2025-05-01&t=REDACTED&c=REDACTED&s=REDACTED&h=REDACTED'
Request method: 'GET'
Request headers:
    'x-ms-client-request-id': '9c687727-58ee-11f1-9fd6-4c034fe7e914'
    'User-Agent': 'azsdk-python-mgmt-network/30.2.0 Python/3.12.0 (Windows-11-10.0.22621-SP0)'
    'Authorization': 'REDACTED'
No body was attached to the request
2026-05-26 16:05:27,967 | INFO | Response status: 200
Response headers:
    'Cache-Control': 'no-cache'
    'Pragma': 'no-cache'
    'Content-Length': '22'
    'Content-Type': 'application/json; charset=utf-8'
    'Expires': '-1'
    'x-ms-request-id': '8a04d958-ce05-451f-8e0e-e6ac46b72b22'
    'x-ms-throttle-levels': 'REDACTED'
    'x-ms-correlation-request-id': 'REDACTED'
    'x-ms-arm-service-request-id': 'REDACTED'
    'Strict-Transport-Security': 'REDACTED'
    'x-ms-operation-identifier': 'REDACTED'
    'x-ms-ratelimit-remaining-subscription-reads': '249'
    'x-ms-ratelimit-remaining-subscription-global-reads': 'REDACTED'
    'x-ms-routing-request-id': 'REDACTED'
    'X-Content-Type-Options': 'REDACTED'
    'X-Cache': 'REDACTED'
    'X-MSEdge-Ref': 'Ref A: 87FF672C07C64CF380DAF7090D80E600 Ref B: PNQ231110906042 Ref C: 2026-05-26T10:35:27Z'
    'Date': 'Tue, 26 May 2026 10:35:26 GMT'
2026-05-26 16:05:27,967 | INFO | Request URL: 'https://management.azure.com/subscriptions/a8bd7b1b-b9aa-4283-aec4-2040b847d926/resourceGroups/AutoProjectRG/providers/Microsoft.Network/networkSecurityGroups/ProjectNSG/securityRules/AllowHTTP?api-version=2025-05-01'
Request method: 'GET'
Request headers:
    'x-ms-client-request-id': '9c687727-58ee-11f1-9fd6-4c034fe7e914'
    'User-Agent': 'azsdk-python-mgmt-network/30.2.0 Python/3.12.0 (Windows-11-10.0.22621-SP0)'
    'Authorization': 'REDACTED'
No body was attached to the request
2026-05-26 16:05:28,091 | INFO | Response status: 200
Response headers:
    'Cache-Control': 'no-cache'
    'Pragma': 'no-cache'
    'Content-Length': '642'
    'Content-Type': 'application/json; charset=utf-8'
    'Expires': '-1'
    'ETag': 'W/"233bd0df-cd95-4452-8897-5984a8fdd062"'
    'x-ms-request-id': '568ac3e0-1f3d-4923-8da3-d28f6c29d095'
    'x-ms-throttle-levels': 'REDACTED'
    'x-ms-correlation-request-id': 'REDACTED'
    'x-ms-arm-service-request-id': 'REDACTED'
    'Strict-Transport-Security': 'REDACTED'
    'x-ms-operation-identifier': 'REDACTED'
    'x-ms-ratelimit-remaining-subscription-reads': '249'
    'x-ms-ratelimit-remaining-subscription-global-reads': 'REDACTED'
    'x-ms-routing-request-id': 'REDACTED'
    'X-Content-Type-Options': 'REDACTED'
    'X-Cache': 'REDACTED'
    'X-MSEdge-Ref': 'Ref A: 6A24069455B5455DAF9C63742F61C5B1 Ref B: PNQ231110906042 Ref C: 2026-05-26T10:35:27Z'
    'Date': 'Tue, 26 May 2026 10:35:26 GMT'
2026-05-26 16:05:28,092 | INFO | HTTP rule created
2026-05-26 16:05:28,093 | INFO | Request URL: 'https://management.azure.com/subscriptions/a8bd7b1b-b9aa-4283-aec4-2040b847d926/resourceGroups/AutoProjectRG/providers/Microsoft.Network/networkSecurityGroups/ProjectNSG/securityRules/AllowHTTPS?api-version=2025-05-01'
Request method: 'PUT'
Request headers:
    'Content-Type': 'application/json'
    'Content-Length': '212'
    'Accept': 'application/json'
    'x-ms-client-request-id': '9cc6e34e-58ee-11f1-8a03-4c034fe7e914'
    'User-Agent': 'azsdk-python-mgmt-network/30.2.0 Python/3.12.0 (Windows-11-10.0.22621-SP0)'
    'Authorization': 'REDACTED'
A body is sent with the request
2026-05-26 16:05:28,383 | INFO | Response status: 201
Response headers:
    'Cache-Control': 'no-cache'
    'Pragma': 'no-cache'
    'Content-Length': '644'
    'Content-Type': 'application/json; charset=utf-8'
    'Expires': '-1'
    'Retry-After': '1'
    'x-ms-request-id': '0ebba96d-4894-4970-b519-99c23fd2817a'
    'Azure-AsyncOperation': 'REDACTED'
    'x-ms-throttle-levels': 'REDACTED'
    'x-ms-correlation-request-id': 'REDACTED'
    'Azure-AsyncNotification': 'REDACTED'
    'x-ms-arm-service-request-id': 'REDACTED'
    'Strict-Transport-Security': 'REDACTED'
    'x-ms-operation-identifier': 'REDACTED'
    'x-ms-ratelimit-remaining-subscription-writes': '199'
    'x-ms-ratelimit-remaining-subscription-global-writes': 'REDACTED'
    'x-ms-routing-request-id': 'REDACTED'
    'X-Content-Type-Options': 'REDACTED'
    'X-Cache': 'REDACTED'
    'X-MSEdge-Ref': 'Ref A: 25F4E16C2DE14A1E8754BC1B04C086F9 Ref B: PNQ231110906042 Ref C: 2026-05-26T10:35:27Z'
    'Date': 'Tue, 26 May 2026 10:35:26 GMT'
2026-05-26 16:05:28,384 | INFO | Request URL: 'https://management.azure.com/subscriptions/a8bd7b1b-b9aa-4283-aec4-2040b847d926/providers/Microsoft.Network/locations/centralindia/operations/0ebba96d-4894-4970-b519-99c23fd2817a?api-version=2025-05-01&t=REDACTED&c=REDACTED&s=REDACTED&h=REDACTED'
Request method: 'GET'
Request headers:
    'x-ms-client-request-id': '9cc6e34e-58ee-11f1-8a03-4c034fe7e914'
    'User-Agent': 'azsdk-python-mgmt-network/30.2.0 Python/3.12.0 (Windows-11-10.0.22621-SP0)'
    'Authorization': 'REDACTED'
No body was attached to the request
2026-05-26 16:05:28,566 | INFO | Response status: 200
Response headers:
    'Cache-Control': 'no-cache'
    'Pragma': 'no-cache'
    'Content-Length': '22'
    'Content-Type': 'application/json; charset=utf-8'
    'Expires': '-1'
    'x-ms-request-id': '70009988-2f6f-4970-af96-4353130debbf'
    'x-ms-throttle-levels': 'REDACTED'
    'x-ms-correlation-request-id': 'REDACTED'
    'x-ms-arm-service-request-id': 'REDACTED'
    'Strict-Transport-Security': 'REDACTED'
    'x-ms-operation-identifier': 'REDACTED'
    'x-ms-ratelimit-remaining-subscription-reads': '249'
    'x-ms-ratelimit-remaining-subscription-global-reads': 'REDACTED'
    'x-ms-routing-request-id': 'REDACTED'
    'X-Content-Type-Options': 'REDACTED'
    'X-Cache': 'REDACTED'
    'X-MSEdge-Ref': 'Ref A: 4F34338632F04438BA926EC343FBD98B Ref B: PNQ231110906042 Ref C: 2026-05-26T10:35:28Z'
    'Date': 'Tue, 26 May 2026 10:35:27 GMT'
2026-05-26 16:05:28,566 | INFO | Request URL: 'https://management.azure.com/subscriptions/a8bd7b1b-b9aa-4283-aec4-2040b847d926/resourceGroups/AutoProjectRG/providers/Microsoft.Network/networkSecurityGroups/ProjectNSG/securityRules/AllowHTTPS?api-version=2025-05-01'
Request method: 'GET'
Request headers:
    'x-ms-client-request-id': '9cc6e34e-58ee-11f1-8a03-4c034fe7e914'
    'User-Agent': 'azsdk-python-mgmt-network/30.2.0 Python/3.12.0 (Windows-11-10.0.22621-SP0)'
    'Authorization': 'REDACTED'
No body was attached to the request
2026-05-26 16:05:28,705 | INFO | Response status: 200
Response headers:
    'Cache-Control': 'no-cache'
    'Pragma': 'no-cache'
    'Content-Length': '645'
    'Content-Type': 'application/json; charset=utf-8'
    'Expires': '-1'
    'ETag': 'W/"1a208b34-a9ff-4f68-b137-c9d743c97810"'
    'x-ms-request-id': '4e2623e6-33a4-40b0-9f42-d8d455616587'
    'x-ms-throttle-levels': 'REDACTED'
    'x-ms-correlation-request-id': 'REDACTED'
    'x-ms-arm-service-request-id': 'REDACTED'
    'Strict-Transport-Security': 'REDACTED'
    'x-ms-operation-identifier': 'REDACTED'
    'x-ms-ratelimit-remaining-subscription-reads': '249'
    'x-ms-ratelimit-remaining-subscription-global-reads': 'REDACTED'
    'x-ms-routing-request-id': 'REDACTED'
    'X-Content-Type-Options': 'REDACTED'
    'X-Cache': 'REDACTED'
    'X-MSEdge-Ref': 'Ref A: AB28B67B5B7C4612843AA0A6CB274DA8 Ref B: PNQ231110906042 Ref C: 2026-05-26T10:35:28Z'
    'Date': 'Tue, 26 May 2026 10:35:27 GMT'
2026-05-26 16:05:28,706 | INFO | HTTPS rule created
2026-05-26 16:05:28,707 | INFO | Request URL: 'https://management.azure.com/subscriptions/a8bd7b1b-b9aa-4283-aec4-2040b847d926/resourceGroups/AutoProjectRG/providers/Microsoft.Network/networkInterfaces/ProductionUbuntuVMNic?api-version=2025-05-01'
Request method: 'PUT'
Request headers:
    'Content-Type': 'application/json'
    'Content-Length': '634'
    'Accept': 'application/json'
    'x-ms-client-request-id': '9d249bfa-58ee-11f1-82ef-4c034fe7e914'
    'User-Agent': 'azsdk-python-mgmt-network/30.2.0 Python/3.12.0 (Windows-11-10.0.22621-SP0)'
    'Authorization': 'REDACTED'
A body is sent with the request
2026-05-26 16:05:29,138 | INFO | Response status: 200
Response headers:
    'Cache-Control': 'no-cache'
    'Pragma': 'no-cache'
    'Content-Length': '2107'
    'Content-Type': 'application/json; charset=utf-8'
    'Expires': '-1'
    'x-ms-request-id': 'b07555a0-2a1e-4af4-a9bf-b00791a056bb'
    'x-ms-throttle-levels': 'REDACTED'
    'x-ms-correlation-request-id': 'REDACTED'
    'x-ms-arm-service-request-id': 'REDACTED'
    'Strict-Transport-Security': 'REDACTED'
    'x-ms-operation-identifier': 'REDACTED'
    'x-ms-ratelimit-remaining-subscription-writes': '199'
    'x-ms-ratelimit-remaining-subscription-global-writes': 'REDACTED'
    'x-ms-routing-request-id': 'REDACTED'
    'X-Content-Type-Options': 'REDACTED'
    'X-Cache': 'REDACTED'
    'X-MSEdge-Ref': 'Ref A: FF27239048D04BE3857D8E87C67CAC5F Ref B: PNQ231110906042 Ref C: 2026-05-26T10:35:28Z'
    'Date': 'Tue, 26 May 2026 10:35:27 GMT'
2026-05-26 16:05:29,139 | INFO | NIC created
2026-05-26 16:05:29,826 | INFO | AzureCliCredential.get_token_info succeeded
2026-05-26 16:05:29,826 | INFO | Request URL: 'https://management.azure.com/subscriptions/a8bd7b1b-b9aa-4283-aec4-2040b847d926/resourceGroups/AutoProjectRG/providers/Microsoft.Compute/virtualMachines/ProductionUbuntuVM?api-version=2025-11-01'
Request method: 'PUT'
Request headers:
    'Content-Type': 'application/json'
    'Content-Length': '1197'
    'Accept': 'application/json'
    'x-ms-client-request-id': '9d67c402-58ee-11f1-9e0b-4c034fe7e914'
    'User-Agent': 'azsdk-python-mgmt-compute/38.0.0 Python/3.12.0 (Windows-11-10.0.22621-SP0)'
    'Authorization': 'REDACTED'
A body is sent with the request
2026-05-26 16:05:30,158 | INFO | Request URL: 'https://management.azure.com/subscriptions/a8bd7b1b-b9aa-4283-aec4-2040b847d926/resourceGroups/AutoProjectRG/providers/Microsoft.Compute/virtualMachines/ProductionUbuntuVM?api-version=2025-11-01'
Request method: 'PUT'
Request headers:
    'Content-Type': 'application/json'
    'Content-Length': '1197'
    'Accept': 'application/json'
    'x-ms-client-request-id': '9d67c402-58ee-11f1-9e0b-4c034fe7e914'
    'User-Agent': 'azsdk-python-mgmt-compute/38.0.0 Python/3.12.0 (Windows-11-10.0.22621-SP0)'
    'Authorization': 'REDACTED'
A body is sent with the request
2026-05-26 16:05:31,256 | INFO | Response status: 200
Response headers:
    'Cache-Control': 'no-cache'
    'Pragma': 'no-cache'
    'Content-Length': '2747'
    'Content-Type': 'application/json; charset=utf-8'
    'Expires': '-1'
    'ETag': '"3"'
    'x-ms-ratelimit-remaining-resource': 'Microsoft.Compute/PutVMSubscriptionMaximum;1499,Microsoft.Compute/PutVMResource;11'
    'x-ms-need-to-refresh-epl-cache': 'REDACTED'
    'Strict-Transport-Security': 'REDACTED'
    'x-ms-request-id': 'c4708fdf-a717-4d0d-ae10-6a4bc2af9ca7'
    'x-ms-operation-identifier': 'REDACTED'
    'x-ms-ratelimit-remaining-subscription-writes': '199'
    'x-ms-ratelimit-remaining-subscription-global-writes': 'REDACTED'
    'x-ms-correlation-request-id': 'REDACTED'
    'x-ms-routing-request-id': 'REDACTED'
    'X-Content-Type-Options': 'REDACTED'
    'X-Cache': 'REDACTED'
    'X-MSEdge-Ref': 'Ref A: 9298B23EFDFD45DE91E602B94B3E1B79 Ref B: PNQ231110906062 Ref C: 2026-05-26T10:35:30Z'
    'Date': 'Tue, 26 May 2026 10:35:30 GMT'
2026-05-26 16:05:31,262 | INFO | Request URL: 'https://management.azure.com/subscriptions/a8bd7b1b-b9aa-4283-aec4-2040b847d926/resourceGroups/AutoProjectRG/providers/Microsoft.Compute/virtualMachines/ProductionUbuntuVM?api-version=2025-11-01'
Request method: 'GET'
Request headers:
    'x-ms-client-request-id': '9d67c402-58ee-11f1-9e0b-4c034fe7e914'
    'User-Agent': 'azsdk-python-mgmt-compute/38.0.0 Python/3.12.0 (Windows-11-10.0.22621-SP0)'
    'Authorization': 'REDACTED'
No body was attached to the request
2026-05-26 16:05:31,549 | INFO | Response status: 200
Response headers:
    'Cache-Control': 'no-cache'
    'Pragma': 'no-cache'
    'Content-Length': '2748'
    'Content-Type': 'application/json; charset=utf-8'
    'Expires': '-1'
    'ETag': '"3"'
    'x-ms-ratelimit-remaining-resource': 'Microsoft.Compute/LowCostGetSubscriptionMaximum;23999,Microsoft.Compute/LowCostGetResource;35'
    'x-ms-need-to-refresh-epl-cache': 'REDACTED'
    'Strict-Transport-Security': 'REDACTED'
    'x-ms-request-id': 'c49c4319-2cdb-4f7b-9243-49fae5daee6a'
    'x-ms-ratelimit-remaining-subscription-reads': '249'
    'x-ms-ratelimit-remaining-subscription-global-reads': 'REDACTED'
    'x-ms-correlation-request-id': 'REDACTED'
    'x-ms-routing-request-id': 'REDACTED'
    'X-Content-Type-Options': 'REDACTED'
    'X-Cache': 'REDACTED'
    'X-MSEdge-Ref': 'Ref A: 6AFCCF7ECED540D0978BAE0487559D58 Ref B: PNQ231110906062 Ref C: 2026-05-26T10:35:30Z'
    'Date': 'Tue, 26 May 2026 10:35:30 GMT'
2026-05-26 16:05:31,551 | INFO | VM created successfully
2026-05-26 16:11:05,660 | INFO | Infrastructure creation started
2026-05-26 16:11:06,440 | INFO | AzureCliCredential.get_token_info succeeded
2026-05-26 16:11:06,441 | INFO | Request URL: 'https://management.azure.com/subscriptions/a8bd7b1b-b9aa-4283-aec4-2040b847d926/resourcegroups/AutoProjectRG?api-version=2025-04-01'
Request method: 'HEAD'
Request headers:
    'Accept': 'application/json'
    'x-ms-client-request-id': '65fb913f-58ef-11f1-b81b-4c034fe7e914'
    'User-Agent': 'azsdk-python-mgmt-resource/25.0.0 Python/3.12.0 (Windows-11-10.0.22621-SP0)'
    'Authorization': 'REDACTED'
No body was attached to the request
2026-05-26 16:11:06,795 | INFO | Request URL: 'https://management.azure.com/subscriptions/a8bd7b1b-b9aa-4283-aec4-2040b847d926/resourcegroups/AutoProjectRG?api-version=2025-04-01'
Request method: 'HEAD'
Request headers:
    'Accept': 'application/json'
    'x-ms-client-request-id': '65fb913f-58ef-11f1-b81b-4c034fe7e914'
    'User-Agent': 'azsdk-python-mgmt-resource/25.0.0 Python/3.12.0 (Windows-11-10.0.22621-SP0)'
    'Authorization': 'REDACTED'
No body was attached to the request
2026-05-26 16:11:07,835 | INFO | Response status: 404
Response headers:
    'Cache-Control': 'no-cache'
    'Pragma': 'no-cache'
    'Content-Length': '0'
    'Expires': '-1'
    'x-ms-failure-cause': 'REDACTED'
    'x-ms-ratelimit-remaining-subscription-reads': '249'
    'x-ms-ratelimit-remaining-subscription-global-reads': 'REDACTED'
    'x-ms-request-id': '4928c6e7-ce17-44c3-a6fc-6d6f6e0fb38c'
    'x-ms-correlation-request-id': 'REDACTED'
    'x-ms-routing-request-id': 'REDACTED'
    'Strict-Transport-Security': 'REDACTED'
    'X-Content-Type-Options': 'REDACTED'
    'X-Cache': 'REDACTED'
    'X-MSEdge-Ref': 'Ref A: EF5BC8EE4029489A84BEC7CC805A4888 Ref B: PNQ231110906052 Ref C: 2026-05-26T10:41:06Z'
    'Date': 'Tue, 26 May 2026 10:41:06 GMT'
2026-05-26 16:11:07,836 | INFO | Request URL: 'https://management.azure.com/subscriptions/a8bd7b1b-b9aa-4283-aec4-2040b847d926/resourcegroups/AutoProjectRG?api-version=2025-04-01'
Request method: 'PUT'
Request headers:
    'Content-Type': 'application/json'
    'Content-Length': '28'
    'Accept': 'application/json'
    'x-ms-client-request-id': '674765ed-58ef-11f1-ad80-4c034fe7e914'
    'User-Agent': 'azsdk-python-mgmt-resource/25.0.0 Python/3.12.0 (Windows-11-10.0.22621-SP0)'
    'Authorization': 'REDACTED'
A body is sent with the request
2026-05-26 16:11:10,287 | INFO | Response status: 201
Response headers:
    'Cache-Control': 'no-cache'
    'Pragma': 'no-cache'
    'Content-Length': '229'
    'Content-Type': 'application/json; charset=utf-8'
    'Expires': '-1'
    'x-ms-ratelimit-remaining-subscription-writes': '199'
    'x-ms-ratelimit-remaining-subscription-global-writes': 'REDACTED'
    'x-ms-request-id': '07c60bcd-4b2a-435f-b55b-114da2701bcf'
    'x-ms-correlation-request-id': 'REDACTED'
    'x-ms-routing-request-id': 'REDACTED'
    'Strict-Transport-Security': 'REDACTED'
    'X-Content-Type-Options': 'REDACTED'
    'X-Cache': 'REDACTED'
    'X-MSEdge-Ref': 'Ref A: 975FABACD1944D0097C733D9378B4648 Ref B: PNQ231110906052 Ref C: 2026-05-26T10:41:07Z'
    'Date': 'Tue, 26 May 2026 10:41:09 GMT'
2026-05-26 16:11:10,288 | INFO | Resource Group created: AutoProjectRG
2026-05-26 16:11:11,010 | INFO | AzureCliCredential.get_token_info succeeded
2026-05-26 16:11:11,010 | INFO | Request URL: 'https://management.azure.com/subscriptions/a8bd7b1b-b9aa-4283-aec4-2040b847d926/resourceGroups/AutoProjectRG/providers/Microsoft.Network/virtualNetworks/ProjectVNet?api-version=2025-05-01'
Request method: 'PUT'
Request headers:
    'Content-Type': 'application/json'
    'Content-Length': '98'
    'Accept': 'application/json'
    'x-ms-client-request-id': '68bdc591-58ef-11f1-b7f9-4c034fe7e914'
    'User-Agent': 'azsdk-python-mgmt-network/30.2.0 Python/3.12.0 (Windows-11-10.0.22621-SP0)'
    'Authorization': 'REDACTED'
A body is sent with the request
2026-05-26 16:11:11,905 | INFO | Response status: 201
Response headers:
    'Cache-Control': 'no-cache'
    'Pragma': 'no-cache'
    'Content-Length': '549'
    'Content-Type': 'application/json; charset=utf-8'
    'Expires': '-1'
    'Retry-After': '3'
    'x-ms-request-id': '495add15-aa85-4d06-ad14-98fee4b15697'
    'Azure-AsyncOperation': 'REDACTED'
    'x-ms-throttle-levels': 'REDACTED'
    'x-ms-correlation-request-id': 'REDACTED'
    'Azure-AsyncNotification': 'REDACTED'
    'x-ms-arm-service-request-id': 'REDACTED'
    'Strict-Transport-Security': 'REDACTED'
    'x-ms-operation-identifier': 'REDACTED'
    'x-ms-ratelimit-remaining-subscription-writes': '199'
    'x-ms-ratelimit-remaining-subscription-global-writes': 'REDACTED'
    'x-ms-routing-request-id': 'REDACTED'
    'X-Content-Type-Options': 'REDACTED'
    'X-Cache': 'REDACTED'
    'X-MSEdge-Ref': 'Ref A: 82E6E8FD9CD147A8A6392EC4FC1293FC Ref B: PNQ231110906023 Ref C: 2026-05-26T10:41:11Z'
    'Date': 'Tue, 26 May 2026 10:41:10 GMT'
2026-05-26 16:11:11,906 | INFO | Request URL: 'https://management.azure.com/subscriptions/a8bd7b1b-b9aa-4283-aec4-2040b847d926/providers/Microsoft.Network/locations/centralindia/operations/495add15-aa85-4d06-ad14-98fee4b15697?api-version=2025-05-01&t=REDACTED&c=REDACTED&s=REDACTED&h=REDACTED'
Request method: 'GET'
Request headers:
    'x-ms-client-request-id': '68bdc591-58ef-11f1-b7f9-4c034fe7e914'
    'User-Agent': 'azsdk-python-mgmt-network/30.2.0 Python/3.12.0 (Windows-11-10.0.22621-SP0)'
    'Authorization': 'REDACTED'
No body was attached to the request
2026-05-26 16:11:12,313 | INFO | Response status: 200
Response headers:
    'Cache-Control': 'no-cache'
    'Pragma': 'no-cache'
    'Content-Length': '23'
    'Content-Type': 'application/json; charset=utf-8'
    'Expires': '-1'
    'Retry-After': '10'
    'x-ms-request-id': '97f98653-48a7-41ec-acb7-178f1422e248'
    'x-ms-throttle-levels': 'REDACTED'
    'x-ms-correlation-request-id': 'REDACTED'
    'x-ms-arm-service-request-id': 'REDACTED'
    'Strict-Transport-Security': 'REDACTED'
    'x-ms-operation-identifier': 'REDACTED'
    'x-ms-ratelimit-remaining-subscription-reads': '249'
    'x-ms-ratelimit-remaining-subscription-global-reads': 'REDACTED'
    'x-ms-routing-request-id': 'REDACTED'
    'X-Content-Type-Options': 'REDACTED'
    'X-Cache': 'REDACTED'
    'X-MSEdge-Ref': 'Ref A: 7DD7609E4C3D4CAA8B027596022B42F5 Ref B: PNQ231110906023 Ref C: 2026-05-26T10:41:11Z'
    'Date': 'Tue, 26 May 2026 10:41:10 GMT'
2026-05-26 16:11:22,314 | INFO | Request URL: 'https://management.azure.com/subscriptions/a8bd7b1b-b9aa-4283-aec4-2040b847d926/providers/Microsoft.Network/locations/centralindia/operations/495add15-aa85-4d06-ad14-98fee4b15697?api-version=2025-05-01&t=REDACTED&c=REDACTED&s=REDACTED&h=REDACTED'
Request method: 'GET'
Request headers:
    'x-ms-client-request-id': '68bdc591-58ef-11f1-b7f9-4c034fe7e914'
    'User-Agent': 'azsdk-python-mgmt-network/30.2.0 Python/3.12.0 (Windows-11-10.0.22621-SP0)'
    'Authorization': 'REDACTED'
No body was attached to the request
2026-05-26 16:11:22,483 | INFO | Response status: 200
Response headers:
    'Cache-Control': 'no-cache'
    'Pragma': 'no-cache'
    'Content-Length': '22'
    'Content-Type': 'application/json; charset=utf-8'
    'Expires': '-1'
    'x-ms-request-id': 'a918d2a6-1451-4300-aa95-5cb9327536fc'
    'x-ms-throttle-levels': 'REDACTED'
    'x-ms-correlation-request-id': 'REDACTED'
    'x-ms-arm-service-request-id': 'REDACTED'
    'Strict-Transport-Security': 'REDACTED'
    'x-ms-operation-identifier': 'REDACTED'
    'x-ms-ratelimit-remaining-subscription-reads': '249'
    'x-ms-ratelimit-remaining-subscription-global-reads': 'REDACTED'
    'x-ms-routing-request-id': 'REDACTED'
    'X-Content-Type-Options': 'REDACTED'
    'X-Cache': 'REDACTED'
    'X-MSEdge-Ref': 'Ref A: 8B67A82603A9429CB36ED18DB9437A15 Ref B: PNQ231110906023 Ref C: 2026-05-26T10:41:21Z'
    'Date': 'Tue, 26 May 2026 10:41:21 GMT'
2026-05-26 16:11:22,484 | INFO | Request URL: 'https://management.azure.com/subscriptions/a8bd7b1b-b9aa-4283-aec4-2040b847d926/resourceGroups/AutoProjectRG/providers/Microsoft.Network/virtualNetworks/ProjectVNet?api-version=2025-05-01'
Request method: 'GET'
Request headers:
    'x-ms-client-request-id': '68bdc591-58ef-11f1-b7f9-4c034fe7e914'
    'User-Agent': 'azsdk-python-mgmt-network/30.2.0 Python/3.12.0 (Windows-11-10.0.22621-SP0)'
    'Authorization': 'REDACTED'
No body was attached to the request
2026-05-26 16:11:22,568 | INFO | Response status: 200
Response headers:
    'Cache-Control': 'no-cache'
    'Pragma': 'no-cache'
    'Content-Length': '550'
    'Content-Type': 'application/json; charset=utf-8'
    'Expires': '-1'
    'x-ms-request-id': '283ec736-87a9-415b-a989-da7903a5811c'
    'x-ms-throttle-levels': 'REDACTED'
    'x-ms-correlation-request-id': 'REDACTED'
    'x-ms-arm-service-request-id': 'REDACTED'
    'Strict-Transport-Security': 'REDACTED'
    'x-ms-ratelimit-remaining-subscription-reads': '249'
    'x-ms-ratelimit-remaining-subscription-global-reads': 'REDACTED'
    'x-ms-routing-request-id': 'REDACTED'
    'X-Content-Type-Options': 'REDACTED'
    'X-Cache': 'REDACTED'
    'X-MSEdge-Ref': 'Ref A: 47113896BFCD4A8EB9930C93C944FF6F Ref B: PNQ231110906023 Ref C: 2026-05-26T10:41:22Z'
    'Date': 'Tue, 26 May 2026 10:41:21 GMT'
2026-05-26 16:11:22,569 | INFO | Virtual Network created
2026-05-26 16:11:22,570 | INFO | Request URL: 'https://management.azure.com/subscriptions/a8bd7b1b-b9aa-4283-aec4-2040b847d926/resourceGroups/AutoProjectRG/providers/Microsoft.Network/virtualNetworks/ProjectVNet/subnets/DefaultSubnet?api-version=2025-05-01'
Request method: 'PUT'
Request headers:
    'Content-Type': 'application/json'
    'Content-Length': '48'
    'Accept': 'application/json'
    'x-ms-client-request-id': '700fa392-58ef-11f1-82b7-4c034fe7e914'
    'User-Agent': 'azsdk-python-mgmt-network/30.2.0 Python/3.12.0 (Windows-11-10.0.22621-SP0)'
    'Authorization': 'REDACTED'
A body is sent with the request
2026-05-26 16:11:22,945 | INFO | Response status: 201
Response headers:
    'Cache-Control': 'no-cache'
    'Pragma': 'no-cache'
    'Content-Length': '476'
    'Content-Type': 'application/json; charset=utf-8'
    'Expires': '-1'
    'Retry-After': '3'
    'x-ms-request-id': '5e327eda-8979-4e58-95c6-efd6ab3842de'
    'Azure-AsyncOperation': 'REDACTED'
    'x-ms-throttle-levels': 'REDACTED'
    'x-ms-correlation-request-id': 'REDACTED'
    'Azure-AsyncNotification': 'REDACTED'
    'x-ms-arm-service-request-id': 'REDACTED'
    'Strict-Transport-Security': 'REDACTED'
    'x-ms-operation-identifier': 'REDACTED'
    'x-ms-ratelimit-remaining-subscription-writes': '199'
    'x-ms-ratelimit-remaining-subscription-global-writes': 'REDACTED'
    'x-ms-routing-request-id': 'REDACTED'
    'X-Content-Type-Options': 'REDACTED'
    'X-Cache': 'REDACTED'
    'X-MSEdge-Ref': 'Ref A: D2C0EF3FB3A04D3CA2342DA7AB4A9AE2 Ref B: PNQ231110906023 Ref C: 2026-05-26T10:41:22Z'
    'Date': 'Tue, 26 May 2026 10:41:21 GMT'
2026-05-26 16:11:22,946 | INFO | Request URL: 'https://management.azure.com/subscriptions/a8bd7b1b-b9aa-4283-aec4-2040b847d926/providers/Microsoft.Network/locations/centralindia/operations/5e327eda-8979-4e58-95c6-efd6ab3842de?api-version=2025-05-01&t=REDACTED&c=REDACTED&s=REDACTED&h=REDACTED'
Request method: 'GET'
Request headers:
    'x-ms-client-request-id': '700fa392-58ef-11f1-82b7-4c034fe7e914'
    'User-Agent': 'azsdk-python-mgmt-network/30.2.0 Python/3.12.0 (Windows-11-10.0.22621-SP0)'
    'Authorization': 'REDACTED'
No body was attached to the request
2026-05-26 16:11:23,298 | INFO | Response status: 200
Response headers:
    'Cache-Control': 'no-cache'
    'Pragma': 'no-cache'
    'Content-Length': '22'
    'Content-Type': 'application/json; charset=utf-8'
    'Expires': '-1'
    'x-ms-request-id': '69a052f5-5284-4f22-abda-677fb9615f6c'
    'x-ms-throttle-levels': 'REDACTED'
    'x-ms-correlation-request-id': 'REDACTED'
    'x-ms-arm-service-request-id': 'REDACTED'
    'Strict-Transport-Security': 'REDACTED'
    'x-ms-operation-identifier': 'REDACTED'
    'x-ms-ratelimit-remaining-subscription-reads': '249'
    'x-ms-ratelimit-remaining-subscription-global-reads': 'REDACTED'
    'x-ms-routing-request-id': 'REDACTED'
    'X-Content-Type-Options': 'REDACTED'
    'X-Cache': 'REDACTED'
    'X-MSEdge-Ref': 'Ref A: 5C391D960EFC491C8992AEBBFCF72441 Ref B: PNQ231110906023 Ref C: 2026-05-26T10:41:22Z'
    'Date': 'Tue, 26 May 2026 10:41:21 GMT'
2026-05-26 16:11:23,298 | INFO | Request URL: 'https://management.azure.com/subscriptions/a8bd7b1b-b9aa-4283-aec4-2040b847d926/resourceGroups/AutoProjectRG/providers/Microsoft.Network/virtualNetworks/ProjectVNet/subnets/DefaultSubnet?api-version=2025-05-01'
Request method: 'GET'
Request headers:
    'x-ms-client-request-id': '700fa392-58ef-11f1-82b7-4c034fe7e914'
    'User-Agent': 'azsdk-python-mgmt-network/30.2.0 Python/3.12.0 (Windows-11-10.0.22621-SP0)'
    'Authorization': 'REDACTED'
No body was attached to the request
2026-05-26 16:11:23,386 | INFO | Response status: 200
Response headers:
    'Cache-Control': 'no-cache'
    'Pragma': 'no-cache'
    'Content-Length': '477'
    'Content-Type': 'application/json; charset=utf-8'
    'Expires': '-1'
    'ETag': 'W/"51d90318-8595-45d5-a221-1332ad3ef292"'
    'x-ms-request-id': '75d013dc-2054-4eb0-9997-b858b6caa55e'
    'x-ms-throttle-levels': 'REDACTED'
    'x-ms-correlation-request-id': 'REDACTED'
    'x-ms-arm-service-request-id': 'REDACTED'
    'Strict-Transport-Security': 'REDACTED'
    'x-ms-operation-identifier': 'REDACTED'
    'x-ms-ratelimit-remaining-subscription-reads': '249'
    'x-ms-ratelimit-remaining-subscription-global-reads': 'REDACTED'
    'x-ms-routing-request-id': 'REDACTED'
    'X-Content-Type-Options': 'REDACTED'
    'X-Cache': 'REDACTED'
    'X-MSEdge-Ref': 'Ref A: E3AA211C3C6A4A9487808D23658D4D15 Ref B: PNQ231110906023 Ref C: 2026-05-26T10:41:22Z'
    'Date': 'Tue, 26 May 2026 10:41:21 GMT'
2026-05-26 16:11:23,387 | INFO | Subnet created
2026-05-26 16:11:23,388 | INFO | Request URL: 'https://management.azure.com/subscriptions/a8bd7b1b-b9aa-4283-aec4-2040b847d926/resourceGroups/AutoProjectRG/providers/Microsoft.Network/publicIPAddresses/ProjectPublicIP?api-version=2025-05-01'
Request method: 'PUT'
Request headers:
    'Content-Type': 'application/json'
    'Content-Length': '111'
    'Accept': 'application/json'
    'x-ms-client-request-id': '708c85d3-58ef-11f1-971f-4c034fe7e914'
    'User-Agent': 'azsdk-python-mgmt-network/30.2.0 Python/3.12.0 (Windows-11-10.0.22621-SP0)'
    'Authorization': 'REDACTED'
A body is sent with the request
2026-05-26 16:11:23,965 | INFO | Response status: 201
Response headers:
    'Cache-Control': 'no-cache'
    'Pragma': 'no-cache'
    'Content-Length': '608'
    'Content-Type': 'application/json; charset=utf-8'
    'Expires': '-1'
    'Retry-After': '1'
    'x-ms-request-id': 'f2c3d467-d250-4d8b-828f-8c40e7faaf81'
    'Azure-AsyncOperation': 'REDACTED'
    'x-ms-throttle-levels': 'REDACTED'
    'x-ms-correlation-request-id': 'REDACTED'
    'Azure-AsyncNotification': 'REDACTED'
    'x-ms-arm-service-request-id': 'REDACTED'
    'Strict-Transport-Security': 'REDACTED'
    'x-ms-operation-identifier': 'REDACTED'
    'x-ms-ratelimit-remaining-subscription-writes': '199'
    'x-ms-ratelimit-remaining-subscription-global-writes': 'REDACTED'
    'x-ms-routing-request-id': 'REDACTED'
    'X-Content-Type-Options': 'REDACTED'
    'X-Cache': 'REDACTED'
    'X-MSEdge-Ref': 'Ref A: 5FFA4A27FB044A20ADC08D640FF6F22D Ref B: PNQ231110906023 Ref C: 2026-05-26T10:41:23Z'
    'Date': 'Tue, 26 May 2026 10:41:22 GMT'
2026-05-26 16:11:23,967 | INFO | Request URL: 'https://management.azure.com/subscriptions/a8bd7b1b-b9aa-4283-aec4-2040b847d926/providers/Microsoft.Network/locations/centralindia/operations/f2c3d467-d250-4d8b-828f-8c40e7faaf81?api-version=2025-05-01&t=REDACTED&c=REDACTED&s=REDACTED&h=REDACTED'
Request method: 'GET'
Request headers:
    'x-ms-client-request-id': '708c85d3-58ef-11f1-971f-4c034fe7e914'
    'User-Agent': 'azsdk-python-mgmt-network/30.2.0 Python/3.12.0 (Windows-11-10.0.22621-SP0)'
    'Authorization': 'REDACTED'
No body was attached to the request
2026-05-26 16:11:24,428 | INFO | Response status: 200
Response headers:
    'Cache-Control': 'no-cache'
    'Pragma': 'no-cache'
    'Content-Length': '22'
    'Content-Type': 'application/json; charset=utf-8'
    'Expires': '-1'
    'x-ms-request-id': '58a7f742-a807-4174-ac4d-ac9eb004a33c'
    'x-ms-throttle-levels': 'REDACTED'
    'x-ms-correlation-request-id': 'REDACTED'
    'x-ms-arm-service-request-id': 'REDACTED'
    'Strict-Transport-Security': 'REDACTED'
    'x-ms-operation-identifier': 'REDACTED'
    'x-ms-ratelimit-remaining-subscription-reads': '249'
    'x-ms-ratelimit-remaining-subscription-global-reads': 'REDACTED'
    'x-ms-routing-request-id': 'REDACTED'
    'X-Content-Type-Options': 'REDACTED'
    'X-Cache': 'REDACTED'
    'X-MSEdge-Ref': 'Ref A: 7B395A6988B3463BB22BD2F69DC9AC95 Ref B: PNQ231110906023 Ref C: 2026-05-26T10:41:23Z'
    'Date': 'Tue, 26 May 2026 10:41:23 GMT'
2026-05-26 16:11:24,428 | INFO | Request URL: 'https://management.azure.com/subscriptions/a8bd7b1b-b9aa-4283-aec4-2040b847d926/resourceGroups/AutoProjectRG/providers/Microsoft.Network/publicIPAddresses/ProjectPublicIP?api-version=2025-05-01'
Request method: 'GET'
Request headers:
    'x-ms-client-request-id': '708c85d3-58ef-11f1-971f-4c034fe7e914'
    'User-Agent': 'azsdk-python-mgmt-network/30.2.0 Python/3.12.0 (Windows-11-10.0.22621-SP0)'
    'Authorization': 'REDACTED'
No body was attached to the request
2026-05-26 16:11:24,508 | INFO | Response status: 200
Response headers:
    'Cache-Control': 'no-cache'
    'Pragma': 'no-cache'
    'Content-Length': '637'
    'Content-Type': 'application/json; charset=utf-8'
    'Expires': '-1'
    'ETag': 'W/"6e32b8af-99fe-4301-9de6-62b7702e07b5"'
    'x-ms-request-id': 'f54251f4-d22c-446c-892a-1af8645c6b06'
    'x-ms-throttle-levels': 'REDACTED'
    'x-ms-correlation-request-id': 'REDACTED'
    'x-ms-arm-service-request-id': 'REDACTED'
    'Strict-Transport-Security': 'REDACTED'
    'x-ms-ratelimit-remaining-subscription-reads': '249'
    'x-ms-ratelimit-remaining-subscription-global-reads': 'REDACTED'
    'x-ms-routing-request-id': 'REDACTED'
    'X-Content-Type-Options': 'REDACTED'
    'X-Cache': 'REDACTED'
    'X-MSEdge-Ref': 'Ref A: 0E1A6155FBBB4075BB6EFC7D038DA21C Ref B: PNQ231110906023 Ref C: 2026-05-26T10:41:24Z'
    'Date': 'Tue, 26 May 2026 10:41:23 GMT'
2026-05-26 16:11:24,508 | INFO | Public IP created
2026-05-26 16:11:24,509 | INFO | Request URL: 'https://management.azure.com/subscriptions/a8bd7b1b-b9aa-4283-aec4-2040b847d926/resourceGroups/AutoProjectRG/providers/Microsoft.Network/networkSecurityGroups/ProjectNSG?api-version=2025-05-01'
Request method: 'PUT'
Request headers:
    'Content-Type': 'application/json'
    'Content-Length': '28'
    'Accept': 'application/json'
    'x-ms-client-request-id': '7137a3f5-58ef-11f1-86df-4c034fe7e914'
    'User-Agent': 'azsdk-python-mgmt-network/30.2.0 Python/3.12.0 (Windows-11-10.0.22621-SP0)'
    'Authorization': 'REDACTED'
A body is sent with the request
2026-05-26 16:11:25,175 | INFO | Response status: 201
Response headers:
    'Cache-Control': 'no-cache'
    'Pragma': 'no-cache'
    'Content-Length': '4897'
    'Content-Type': 'application/json; charset=utf-8'
    'Expires': '-1'
    'Retry-After': '1'
    'x-ms-request-id': '57d84862-c1f4-4bf7-b32c-e6318e2516de'
    'Azure-AsyncOperation': 'REDACTED'
    'x-ms-throttle-levels': 'REDACTED'
    'x-ms-correlation-request-id': 'REDACTED'
    'Azure-AsyncNotification': 'REDACTED'
    'x-ms-arm-service-request-id': 'REDACTED'
    'Strict-Transport-Security': 'REDACTED'
    'x-ms-operation-identifier': 'REDACTED'
    'x-ms-ratelimit-remaining-subscription-writes': '199'
    'x-ms-ratelimit-remaining-subscription-global-writes': 'REDACTED'
    'x-ms-routing-request-id': 'REDACTED'
    'X-Content-Type-Options': 'REDACTED'
    'X-Cache': 'REDACTED'
    'X-MSEdge-Ref': 'Ref A: B988C07D5F604115B5467D215968ADCD Ref B: PNQ231110906023 Ref C: 2026-05-26T10:41:24Z'
    'Date': 'Tue, 26 May 2026 10:41:23 GMT'
2026-05-26 16:11:25,241 | INFO | Request URL: 'https://management.azure.com/subscriptions/a8bd7b1b-b9aa-4283-aec4-2040b847d926/providers/Microsoft.Network/locations/centralindia/operations/57d84862-c1f4-4bf7-b32c-e6318e2516de?api-version=2025-05-01&t=REDACTED&c=REDACTED&s=REDACTED&h=REDACTED'
Request method: 'GET'
Request headers:
    'x-ms-client-request-id': '7137a3f5-58ef-11f1-86df-4c034fe7e914'
    'User-Agent': 'azsdk-python-mgmt-network/30.2.0 Python/3.12.0 (Windows-11-10.0.22621-SP0)'
    'Authorization': 'REDACTED'
No body was attached to the request
2026-05-26 16:11:25,346 | INFO | Response status: 200
Response headers:
    'Cache-Control': 'no-cache'
    'Pragma': 'no-cache'
    'Content-Length': '23'
    'Content-Type': 'application/json; charset=utf-8'
    'Expires': '-1'
    'Retry-After': '1'
    'x-ms-request-id': '577970c6-b1a0-4cf0-bd18-e7ab603d2a3f'
    'x-ms-throttle-levels': 'REDACTED'
    'x-ms-correlation-request-id': 'REDACTED'
    'x-ms-arm-service-request-id': 'REDACTED'
    'Strict-Transport-Security': 'REDACTED'
    'x-ms-operation-identifier': 'REDACTED'
    'x-ms-ratelimit-remaining-subscription-reads': '248'
    'x-ms-ratelimit-remaining-subscription-global-reads': 'REDACTED'
    'x-ms-routing-request-id': 'REDACTED'
    'X-Content-Type-Options': 'REDACTED'
    'X-Cache': 'REDACTED'
    'X-MSEdge-Ref': 'Ref A: 1267B2244A194E329739E07EF00C2F6D Ref B: PNQ231110906023 Ref C: 2026-05-26T10:41:24Z'
    'Date': 'Tue, 26 May 2026 10:41:23 GMT'
2026-05-26 16:11:26,347 | INFO | Request URL: 'https://management.azure.com/subscriptions/a8bd7b1b-b9aa-4283-aec4-2040b847d926/providers/Microsoft.Network/locations/centralindia/operations/57d84862-c1f4-4bf7-b32c-e6318e2516de?api-version=2025-05-01&t=REDACTED&c=REDACTED&s=REDACTED&h=REDACTED'
Request method: 'GET'
Request headers:
    'x-ms-client-request-id': '7137a3f5-58ef-11f1-86df-4c034fe7e914'
    'User-Agent': 'azsdk-python-mgmt-network/30.2.0 Python/3.12.0 (Windows-11-10.0.22621-SP0)'
    'Authorization': 'REDACTED'
No body was attached to the request
2026-05-26 16:11:26,762 | INFO | Response status: 200
Response headers:
    'Cache-Control': 'no-cache'
    'Pragma': 'no-cache'
    'Content-Length': '22'
    'Content-Type': 'application/json; charset=utf-8'
    'Expires': '-1'
    'x-ms-request-id': '65a5de02-640e-431d-8323-93c00b0bc67d'
    'x-ms-throttle-levels': 'REDACTED'
    'x-ms-correlation-request-id': 'REDACTED'
    'x-ms-arm-service-request-id': 'REDACTED'
    'Strict-Transport-Security': 'REDACTED'
    'x-ms-operation-identifier': 'REDACTED'
    'x-ms-ratelimit-remaining-subscription-reads': '249'
    'x-ms-ratelimit-remaining-subscription-global-reads': 'REDACTED'
    'x-ms-routing-request-id': 'REDACTED'
    'X-Content-Type-Options': 'REDACTED'
    'X-Cache': 'REDACTED'
    'X-MSEdge-Ref': 'Ref A: 2EB6E5A915794F2190FD5357493417A7 Ref B: PNQ231110906023 Ref C: 2026-05-26T10:41:25Z'
    'Date': 'Tue, 26 May 2026 10:41:25 GMT'
2026-05-26 16:11:26,762 | INFO | Request URL: 'https://management.azure.com/subscriptions/a8bd7b1b-b9aa-4283-aec4-2040b847d926/resourceGroups/AutoProjectRG/providers/Microsoft.Network/networkSecurityGroups/ProjectNSG?api-version=2025-05-01'
Request method: 'GET'
Request headers:
    'x-ms-client-request-id': '7137a3f5-58ef-11f1-86df-4c034fe7e914'
    'User-Agent': 'azsdk-python-mgmt-network/30.2.0 Python/3.12.0 (Windows-11-10.0.22621-SP0)'
    'Authorization': 'REDACTED'
No body was attached to the request
2026-05-26 16:11:27,181 | INFO | Response status: 200
Response headers:
    'Cache-Control': 'no-cache'
    'Pragma': 'no-cache'
    'Content-Length': '4904'
    'Content-Type': 'application/json; charset=utf-8'
    'Expires': '-1'
    'ETag': 'W/"6bd7a608-7150-468b-a4b1-4762bc53cce9"'
    'x-ms-request-id': '4dbd077e-1fdc-4354-af22-08f524ac6850'
    'x-ms-throttle-levels': 'REDACTED'
    'x-ms-correlation-request-id': 'REDACTED'
    'x-ms-arm-service-request-id': 'REDACTED'
    'Strict-Transport-Security': 'REDACTED'
    'x-ms-ratelimit-remaining-subscription-reads': '249'
    'x-ms-ratelimit-remaining-subscription-global-reads': 'REDACTED'
    'x-ms-routing-request-id': 'REDACTED'
    'X-Content-Type-Options': 'REDACTED'
    'X-Cache': 'REDACTED'
    'X-MSEdge-Ref': 'Ref A: 7BCE612C0F2A4BEF993A532DBC8EACC6 Ref B: PNQ231110906023 Ref C: 2026-05-26T10:41:26Z'
    'Date': 'Tue, 26 May 2026 10:41:25 GMT'
2026-05-26 16:11:27,182 | INFO | NSG created
2026-05-26 16:11:27,183 | INFO | Request URL: 'https://management.azure.com/subscriptions/a8bd7b1b-b9aa-4283-aec4-2040b847d926/resourceGroups/AutoProjectRG/providers/Microsoft.Network/networkSecurityGroups/ProjectNSG/securityRules/AllowSSH?api-version=2025-05-01'
Request method: 'PUT'
Request headers:
    'Content-Type': 'application/json'
    'Content-Length': '211'
    'Accept': 'application/json'
    'x-ms-client-request-id': '72cf6c30-58ef-11f1-9321-4c034fe7e914'
    'User-Agent': 'azsdk-python-mgmt-network/30.2.0 Python/3.12.0 (Windows-11-10.0.22621-SP0)'
    'Authorization': 'REDACTED'
A body is sent with the request
2026-05-26 16:11:27,508 | INFO | Response status: 201
Response headers:
    'Cache-Control': 'no-cache'
    'Pragma': 'no-cache'
    'Content-Length': '639'
    'Content-Type': 'application/json; charset=utf-8'
    'Expires': '-1'
    'Retry-After': '1'
    'x-ms-request-id': 'b4f55a7e-c92d-40f7-aff7-3957d7cf05d9'
    'Azure-AsyncOperation': 'REDACTED'
    'x-ms-throttle-levels': 'REDACTED'
    'x-ms-correlation-request-id': 'REDACTED'
    'Azure-AsyncNotification': 'REDACTED'
    'x-ms-arm-service-request-id': 'REDACTED'
    'Strict-Transport-Security': 'REDACTED'
    'x-ms-operation-identifier': 'REDACTED'
    'x-ms-ratelimit-remaining-subscription-writes': '199'
    'x-ms-ratelimit-remaining-subscription-global-writes': 'REDACTED'
    'x-ms-routing-request-id': 'REDACTED'
    'X-Content-Type-Options': 'REDACTED'
    'X-Cache': 'REDACTED'
    'X-MSEdge-Ref': 'Ref A: 7CB89E1041034123868C43C0FBF48152 Ref B: PNQ231110906023 Ref C: 2026-05-26T10:41:26Z'
    'Date': 'Tue, 26 May 2026 10:41:26 GMT'
2026-05-26 16:11:27,509 | INFO | Request URL: 'https://management.azure.com/subscriptions/a8bd7b1b-b9aa-4283-aec4-2040b847d926/providers/Microsoft.Network/locations/centralindia/operations/b4f55a7e-c92d-40f7-aff7-3957d7cf05d9?api-version=2025-05-01&t=REDACTED&c=REDACTED&s=REDACTED&h=REDACTED'
Request method: 'GET'
Request headers:
    'x-ms-client-request-id': '72cf6c30-58ef-11f1-9321-4c034fe7e914'
    'User-Agent': 'azsdk-python-mgmt-network/30.2.0 Python/3.12.0 (Windows-11-10.0.22621-SP0)'
    'Authorization': 'REDACTED'
No body was attached to the request
2026-05-26 16:11:27,812 | INFO | Response status: 200
Response headers:
    'Cache-Control': 'no-cache'
    'Pragma': 'no-cache'
    'Content-Length': '22'
    'Content-Type': 'application/json; charset=utf-8'
    'Expires': '-1'
    'x-ms-request-id': '1e0499ee-ca20-485e-bb4b-329bb423801a'
    'x-ms-throttle-levels': 'REDACTED'
    'x-ms-correlation-request-id': 'REDACTED'
    'x-ms-arm-service-request-id': 'REDACTED'
    'Strict-Transport-Security': 'REDACTED'
    'x-ms-operation-identifier': 'REDACTED'
    'x-ms-ratelimit-remaining-subscription-reads': '249'
    'x-ms-ratelimit-remaining-subscription-global-reads': 'REDACTED'
    'x-ms-routing-request-id': 'REDACTED'
    'X-Content-Type-Options': 'REDACTED'
    'X-Cache': 'REDACTED'
    'X-MSEdge-Ref': 'Ref A: 5B6C5CA559E443E090BA8523908EEA4E Ref B: PNQ231110906023 Ref C: 2026-05-26T10:41:27Z'
    'Date': 'Tue, 26 May 2026 10:41:26 GMT'
2026-05-26 16:11:27,813 | INFO | Request URL: 'https://management.azure.com/subscriptions/a8bd7b1b-b9aa-4283-aec4-2040b847d926/resourceGroups/AutoProjectRG/providers/Microsoft.Network/networkSecurityGroups/ProjectNSG/securityRules/AllowSSH?api-version=2025-05-01'
Request method: 'GET'
Request headers:
    'x-ms-client-request-id': '72cf6c30-58ef-11f1-9321-4c034fe7e914'
    'User-Agent': 'azsdk-python-mgmt-network/30.2.0 Python/3.12.0 (Windows-11-10.0.22621-SP0)'
    'Authorization': 'REDACTED'
No body was attached to the request
2026-05-26 16:11:28,080 | INFO | Response status: 200
Response headers:
    'Cache-Control': 'no-cache'
    'Pragma': 'no-cache'
    'Content-Length': '640'
    'Content-Type': 'application/json; charset=utf-8'
    'Expires': '-1'
    'ETag': 'W/"76a94ed1-bbca-4774-bd0b-08adaaa482f3"'
    'x-ms-request-id': '8038a9ef-3381-414e-bf9c-8dc95dc25a48'
    'x-ms-throttle-levels': 'REDACTED'
    'x-ms-correlation-request-id': 'REDACTED'
    'x-ms-arm-service-request-id': 'REDACTED'
    'Strict-Transport-Security': 'REDACTED'
    'x-ms-operation-identifier': 'REDACTED'
    'x-ms-ratelimit-remaining-subscription-reads': '249'
    'x-ms-ratelimit-remaining-subscription-global-reads': 'REDACTED'
    'x-ms-routing-request-id': 'REDACTED'
    'X-Content-Type-Options': 'REDACTED'
    'X-Cache': 'REDACTED'
    'X-MSEdge-Ref': 'Ref A: B51924238AEC45238F8263C072DFDE87 Ref B: PNQ231110906023 Ref C: 2026-05-26T10:41:27Z'
    'Date': 'Tue, 26 May 2026 10:41:26 GMT'
2026-05-26 16:11:28,081 | INFO | SSH rule created
2026-05-26 16:11:28,081 | INFO | Request URL: 'https://management.azure.com/subscriptions/a8bd7b1b-b9aa-4283-aec4-2040b847d926/resourceGroups/AutoProjectRG/providers/Microsoft.Network/networkSecurityGroups/ProjectNSG/securityRules/AllowHTTP?api-version=2025-05-01'
Request method: 'PUT'
Request headers:
    'Content-Type': 'application/json'
    'Content-Length': '211'
    'Accept': 'application/json'
    'x-ms-client-request-id': '7358ab5c-58ef-11f1-9263-4c034fe7e914'
    'User-Agent': 'azsdk-python-mgmt-network/30.2.0 Python/3.12.0 (Windows-11-10.0.22621-SP0)'
    'Authorization': 'REDACTED'
A body is sent with the request
2026-05-26 16:11:28,450 | INFO | Response status: 201
Response headers:
    'Cache-Control': 'no-cache'
    'Pragma': 'no-cache'
    'Content-Length': '641'
    'Content-Type': 'application/json; charset=utf-8'
    'Expires': '-1'
    'Retry-After': '1'
    'x-ms-request-id': 'd4971124-1381-4d37-b422-2316f77a5f64'
    'Azure-AsyncOperation': 'REDACTED'
    'x-ms-throttle-levels': 'REDACTED'
    'x-ms-correlation-request-id': 'REDACTED'
    'Azure-AsyncNotification': 'REDACTED'
    'x-ms-arm-service-request-id': 'REDACTED'
    'Strict-Transport-Security': 'REDACTED'
    'x-ms-operation-identifier': 'REDACTED'
    'x-ms-ratelimit-remaining-subscription-writes': '199'
    'x-ms-ratelimit-remaining-subscription-global-writes': 'REDACTED'
    'x-ms-routing-request-id': 'REDACTED'
    'X-Content-Type-Options': 'REDACTED'
    'X-Cache': 'REDACTED'
    'X-MSEdge-Ref': 'Ref A: 0004B30A15C144BA992CE05760CFD399 Ref B: PNQ231110906023 Ref C: 2026-05-26T10:41:27Z'
    'Date': 'Tue, 26 May 2026 10:41:26 GMT'
2026-05-26 16:11:28,451 | INFO | Request URL: 'https://management.azure.com/subscriptions/a8bd7b1b-b9aa-4283-aec4-2040b847d926/providers/Microsoft.Network/locations/centralindia/operations/d4971124-1381-4d37-b422-2316f77a5f64?api-version=2025-05-01&t=REDACTED&c=REDACTED&s=REDACTED&h=REDACTED'
Request method: 'GET'
Request headers:
    'x-ms-client-request-id': '7358ab5c-58ef-11f1-9263-4c034fe7e914'
    'User-Agent': 'azsdk-python-mgmt-network/30.2.0 Python/3.12.0 (Windows-11-10.0.22621-SP0)'
    'Authorization': 'REDACTED'
No body was attached to the request
2026-05-26 16:11:29,441 | INFO | Response status: 200
Response headers:
    'Cache-Control': 'no-cache'
    'Pragma': 'no-cache'
    'Content-Length': '22'
    'Content-Type': 'application/json; charset=utf-8'
    'Expires': '-1'
    'x-ms-request-id': '70faa930-10c4-440b-af23-90a6cd2a82e2'
    'x-ms-throttle-levels': 'REDACTED'
    'x-ms-correlation-request-id': 'REDACTED'
    'x-ms-arm-service-request-id': 'REDACTED'
    'Strict-Transport-Security': 'REDACTED'
    'x-ms-operation-identifier': 'REDACTED'
    'x-ms-ratelimit-remaining-subscription-reads': '249'
    'x-ms-ratelimit-remaining-subscription-global-reads': 'REDACTED'
    'x-ms-routing-request-id': 'REDACTED'
    'X-Content-Type-Options': 'REDACTED'
    'X-Cache': 'REDACTED'
    'X-MSEdge-Ref': 'Ref A: FB92408DC497495BA714C027044AD0CA Ref B: PNQ231110906023 Ref C: 2026-05-26T10:41:28Z'
    'Date': 'Tue, 26 May 2026 10:41:28 GMT'
2026-05-26 16:11:29,442 | INFO | Request URL: 'https://management.azure.com/subscriptions/a8bd7b1b-b9aa-4283-aec4-2040b847d926/resourceGroups/AutoProjectRG/providers/Microsoft.Network/networkSecurityGroups/ProjectNSG/securityRules/AllowHTTP?api-version=2025-05-01'
Request method: 'GET'
Request headers:
    'x-ms-client-request-id': '7358ab5c-58ef-11f1-9263-4c034fe7e914'
    'User-Agent': 'azsdk-python-mgmt-network/30.2.0 Python/3.12.0 (Windows-11-10.0.22621-SP0)'
    'Authorization': 'REDACTED'
No body was attached to the request
2026-05-26 16:11:29,760 | INFO | Response status: 200
Response headers:
    'Cache-Control': 'no-cache'
    'Pragma': 'no-cache'
    'Content-Length': '642'
    'Content-Type': 'application/json; charset=utf-8'
    'Expires': '-1'
    'ETag': 'W/"a71c6e79-0ec5-4a18-aa12-29ec0f523cdb"'
    'x-ms-request-id': '91785ba6-cc21-477c-bbe8-db1d4bd3d1fb'
    'x-ms-throttle-levels': 'REDACTED'
    'x-ms-correlation-request-id': 'REDACTED'
    'x-ms-arm-service-request-id': 'REDACTED'
    'Strict-Transport-Security': 'REDACTED'
    'x-ms-operation-identifier': 'REDACTED'
    'x-ms-ratelimit-remaining-subscription-reads': '249'
    'x-ms-ratelimit-remaining-subscription-global-reads': 'REDACTED'
    'x-ms-routing-request-id': 'REDACTED'
    'X-Content-Type-Options': 'REDACTED'
    'X-Cache': 'REDACTED'
    'X-MSEdge-Ref': 'Ref A: 9E481F999C9B413D97EC9427FFAE5E44 Ref B: PNQ231110906023 Ref C: 2026-05-26T10:41:29Z'
    'Date': 'Tue, 26 May 2026 10:41:28 GMT'
2026-05-26 16:11:29,760 | INFO | HTTP rule created
2026-05-26 16:11:29,761 | INFO | Request URL: 'https://management.azure.com/subscriptions/a8bd7b1b-b9aa-4283-aec4-2040b847d926/resourceGroups/AutoProjectRG/providers/Microsoft.Network/networkSecurityGroups/ProjectNSG/securityRules/AllowHTTPS?api-version=2025-05-01'
Request method: 'PUT'
Request headers:
    'Content-Type': 'application/json'
    'Content-Length': '212'
    'Accept': 'application/json'
    'x-ms-client-request-id': '74591631-58ef-11f1-806c-4c034fe7e914'
    'User-Agent': 'azsdk-python-mgmt-network/30.2.0 Python/3.12.0 (Windows-11-10.0.22621-SP0)'
    'Authorization': 'REDACTED'
A body is sent with the request
2026-05-26 16:11:30,200 | INFO | Response status: 201
Response headers:
    'Cache-Control': 'no-cache'
    'Pragma': 'no-cache'
    'Content-Length': '644'
    'Content-Type': 'application/json; charset=utf-8'
    'Expires': '-1'
    'Retry-After': '1'
    'x-ms-request-id': '7648dd6f-5bcc-4ed3-a2eb-98b0c13502ed'
    'Azure-AsyncOperation': 'REDACTED'
    'x-ms-throttle-levels': 'REDACTED'
    'x-ms-correlation-request-id': 'REDACTED'
    'Azure-AsyncNotification': 'REDACTED'
    'x-ms-arm-service-request-id': 'REDACTED'
    'Strict-Transport-Security': 'REDACTED'
    'x-ms-operation-identifier': 'REDACTED'
    'x-ms-ratelimit-remaining-subscription-writes': '199'
    'x-ms-ratelimit-remaining-subscription-global-writes': 'REDACTED'
    'x-ms-routing-request-id': 'REDACTED'
    'X-Content-Type-Options': 'REDACTED'
    'X-Cache': 'REDACTED'
    'X-MSEdge-Ref': 'Ref A: 5E0FDE1218C3494891425A15F2088EBB Ref B: PNQ231110906023 Ref C: 2026-05-26T10:41:29Z'
    'Date': 'Tue, 26 May 2026 10:41:28 GMT'
2026-05-26 16:11:30,201 | INFO | Request URL: 'https://management.azure.com/subscriptions/a8bd7b1b-b9aa-4283-aec4-2040b847d926/providers/Microsoft.Network/locations/centralindia/operations/7648dd6f-5bcc-4ed3-a2eb-98b0c13502ed?api-version=2025-05-01&t=REDACTED&c=REDACTED&s=REDACTED&h=REDACTED'
Request method: 'GET'
Request headers:
    'x-ms-client-request-id': '74591631-58ef-11f1-806c-4c034fe7e914'
    'User-Agent': 'azsdk-python-mgmt-network/30.2.0 Python/3.12.0 (Windows-11-10.0.22621-SP0)'
    'Authorization': 'REDACTED'
No body was attached to the request
2026-05-26 16:11:30,326 | INFO | Response status: 200
Response headers:
    'Cache-Control': 'no-cache'
    'Pragma': 'no-cache'
    'Content-Length': '23'
    'Content-Type': 'application/json; charset=utf-8'
    'Expires': '-1'
    'Retry-After': '1'
    'x-ms-request-id': '89a37af5-4cc3-49f2-bc17-03a1ab3d064b'
    'x-ms-throttle-levels': 'REDACTED'
    'x-ms-correlation-request-id': 'REDACTED'
    'x-ms-arm-service-request-id': 'REDACTED'
    'Strict-Transport-Security': 'REDACTED'
    'x-ms-operation-identifier': 'REDACTED'
    'x-ms-ratelimit-remaining-subscription-reads': '249'
    'x-ms-ratelimit-remaining-subscription-global-reads': 'REDACTED'
    'x-ms-routing-request-id': 'REDACTED'
    'X-Content-Type-Options': 'REDACTED'
    'X-Cache': 'REDACTED'
    'X-MSEdge-Ref': 'Ref A: 9BA7B469844A4758A598B2BA066D877C Ref B: PNQ231110906023 Ref C: 2026-05-26T10:41:29Z'
    'Date': 'Tue, 26 May 2026 10:41:28 GMT'
2026-05-26 16:11:31,327 | INFO | Request URL: 'https://management.azure.com/subscriptions/a8bd7b1b-b9aa-4283-aec4-2040b847d926/providers/Microsoft.Network/locations/centralindia/operations/7648dd6f-5bcc-4ed3-a2eb-98b0c13502ed?api-version=2025-05-01&t=REDACTED&c=REDACTED&s=REDACTED&h=REDACTED'
Request method: 'GET'
Request headers:
    'x-ms-client-request-id': '74591631-58ef-11f1-806c-4c034fe7e914'
    'User-Agent': 'azsdk-python-mgmt-network/30.2.0 Python/3.12.0 (Windows-11-10.0.22621-SP0)'
    'Authorization': 'REDACTED'
No body was attached to the request
2026-05-26 16:11:31,450 | INFO | Response status: 200
Response headers:
    'Cache-Control': 'no-cache'
    'Pragma': 'no-cache'
    'Content-Length': '22'
    'Content-Type': 'application/json; charset=utf-8'
    'Expires': '-1'
    'x-ms-request-id': '560ec6da-09d4-4486-81dd-01436130fca1'
    'x-ms-throttle-levels': 'REDACTED'
    'x-ms-correlation-request-id': 'REDACTED'
    'x-ms-arm-service-request-id': 'REDACTED'
    'Strict-Transport-Security': 'REDACTED'
    'x-ms-operation-identifier': 'REDACTED'
    'x-ms-ratelimit-remaining-subscription-reads': '249'
    'x-ms-ratelimit-remaining-subscription-global-reads': 'REDACTED'
    'x-ms-routing-request-id': 'REDACTED'
    'X-Content-Type-Options': 'REDACTED'
    'X-Cache': 'REDACTED'
    'X-MSEdge-Ref': 'Ref A: CC5A508D509A4F01BDFFE5C66541219D Ref B: PNQ231110906023 Ref C: 2026-05-26T10:41:30Z'
    'Date': 'Tue, 26 May 2026 10:41:30 GMT'
2026-05-26 16:11:31,451 | INFO | Request URL: 'https://management.azure.com/subscriptions/a8bd7b1b-b9aa-4283-aec4-2040b847d926/resourceGroups/AutoProjectRG/providers/Microsoft.Network/networkSecurityGroups/ProjectNSG/securityRules/AllowHTTPS?api-version=2025-05-01'
Request method: 'GET'
Request headers:
    'x-ms-client-request-id': '74591631-58ef-11f1-806c-4c034fe7e914'
    'User-Agent': 'azsdk-python-mgmt-network/30.2.0 Python/3.12.0 (Windows-11-10.0.22621-SP0)'
    'Authorization': 'REDACTED'
No body was attached to the request
2026-05-26 16:11:31,976 | INFO | Response status: 200
Response headers:
    'Cache-Control': 'no-cache'
    'Pragma': 'no-cache'
    'Content-Length': '645'
    'Content-Type': 'application/json; charset=utf-8'
    'Expires': '-1'
    'ETag': 'W/"94723039-004e-4253-b0fe-2a2b6e91f362"'
    'x-ms-request-id': 'c323a7ef-da4a-47a5-b414-31af83c9a463'
    'x-ms-throttle-levels': 'REDACTED'
    'x-ms-correlation-request-id': 'REDACTED'
    'x-ms-arm-service-request-id': 'REDACTED'
    'Strict-Transport-Security': 'REDACTED'
    'x-ms-operation-identifier': 'REDACTED'
    'x-ms-ratelimit-remaining-subscription-reads': '249'
    'x-ms-ratelimit-remaining-subscription-global-reads': 'REDACTED'
    'x-ms-routing-request-id': 'REDACTED'
    'X-Content-Type-Options': 'REDACTED'
    'X-Cache': 'REDACTED'
    'X-MSEdge-Ref': 'Ref A: 0610CA682F074A669F44B69D0E01036A Ref B: PNQ231110906023 Ref C: 2026-05-26T10:41:31Z'
    'Date': 'Tue, 26 May 2026 10:41:30 GMT'
2026-05-26 16:11:31,977 | INFO | HTTPS rule created
2026-05-26 16:11:31,980 | INFO | Request URL: 'https://management.azure.com/subscriptions/a8bd7b1b-b9aa-4283-aec4-2040b847d926/resourceGroups/AutoProjectRG/providers/Microsoft.Network/networkInterfaces/ProductionUbuntuVMNic?api-version=2025-05-01'
Request method: 'PUT'
Request headers:
    'Content-Type': 'application/json'
    'Content-Length': '634'
    'Accept': 'application/json'
    'x-ms-client-request-id': '75ab9ce2-58ef-11f1-837e-4c034fe7e914'
    'User-Agent': 'azsdk-python-mgmt-network/30.2.0 Python/3.12.0 (Windows-11-10.0.22621-SP0)'
    'Authorization': 'REDACTED'
A body is sent with the request
2026-05-26 16:11:32,911 | INFO | Response status: 201
Response headers:
    'Cache-Control': 'no-cache'
    'Pragma': 'no-cache'
    'Content-Length': '1887'
    'Content-Type': 'application/json; charset=utf-8'
    'Expires': '-1'
    'Retry-After': '1'
    'x-ms-request-id': '79076050-0863-4a00-90af-e818370a28ed'
    'Azure-AsyncOperation': 'REDACTED'
    'x-ms-throttle-levels': 'REDACTED'
    'x-ms-correlation-request-id': 'REDACTED'
    'Azure-AsyncNotification': 'REDACTED'
    'x-ms-arm-service-request-id': 'REDACTED'
    'Strict-Transport-Security': 'REDACTED'
    'x-ms-operation-identifier': 'REDACTED'
    'x-ms-ratelimit-remaining-subscription-writes': '199'
    'x-ms-ratelimit-remaining-subscription-global-writes': 'REDACTED'
    'x-ms-routing-request-id': 'REDACTED'
    'X-Content-Type-Options': 'REDACTED'
    'X-Cache': 'REDACTED'
    'X-MSEdge-Ref': 'Ref A: FB4C16C37D3748CEA62843B1A6B0406E Ref B: PNQ231110906023 Ref C: 2026-05-26T10:41:31Z'
    'Date': 'Tue, 26 May 2026 10:41:31 GMT'
2026-05-26 16:11:32,912 | INFO | Request URL: 'https://management.azure.com/subscriptions/a8bd7b1b-b9aa-4283-aec4-2040b847d926/providers/Microsoft.Network/locations/centralindia/operations/79076050-0863-4a00-90af-e818370a28ed?api-version=2025-05-01&t=REDACTED&c=REDACTED&s=REDACTED&h=REDACTED'
Request method: 'GET'
Request headers:
    'x-ms-client-request-id': '75ab9ce2-58ef-11f1-837e-4c034fe7e914'
    'User-Agent': 'azsdk-python-mgmt-network/30.2.0 Python/3.12.0 (Windows-11-10.0.22621-SP0)'
    'Authorization': 'REDACTED'
No body was attached to the request
2026-05-26 16:11:33,753 | INFO | Response status: 200
Response headers:
    'Cache-Control': 'no-cache'
    'Pragma': 'no-cache'
    'Content-Length': '22'
    'Content-Type': 'application/json; charset=utf-8'
    'Expires': '-1'
    'x-ms-request-id': 'eb673fdd-24b5-46ad-b801-1532d44074ad'
    'x-ms-throttle-levels': 'REDACTED'
    'x-ms-correlation-request-id': 'REDACTED'
    'x-ms-arm-service-request-id': 'REDACTED'
    'Strict-Transport-Security': 'REDACTED'
    'x-ms-operation-identifier': 'REDACTED'
    'x-ms-ratelimit-remaining-subscription-reads': '249'
    'x-ms-ratelimit-remaining-subscription-global-reads': 'REDACTED'
    'x-ms-routing-request-id': 'REDACTED'
    'X-Content-Type-Options': 'REDACTED'
    'X-Cache': 'REDACTED'
    'X-MSEdge-Ref': 'Ref A: 79DD5E4F46C04E5FB7C43C15DEA53482 Ref B: PNQ231110906023 Ref C: 2026-05-26T10:41:32Z'
    'Date': 'Tue, 26 May 2026 10:41:32 GMT'
2026-05-26 16:11:33,753 | INFO | Request URL: 'https://management.azure.com/subscriptions/a8bd7b1b-b9aa-4283-aec4-2040b847d926/resourceGroups/AutoProjectRG/providers/Microsoft.Network/networkInterfaces/ProductionUbuntuVMNic?api-version=2025-05-01'
Request method: 'GET'
Request headers:
    'x-ms-client-request-id': '75ab9ce2-58ef-11f1-837e-4c034fe7e914'
    'User-Agent': 'azsdk-python-mgmt-network/30.2.0 Python/3.12.0 (Windows-11-10.0.22621-SP0)'
    'Authorization': 'REDACTED'
No body was attached to the request
2026-05-26 16:11:34,229 | INFO | Response status: 200
Response headers:
    'Cache-Control': 'no-cache'
    'Pragma': 'no-cache'
    'Content-Length': '1889'
    'Content-Type': 'application/json; charset=utf-8'
    'Expires': '-1'
    'ETag': 'W/"95f51090-59a7-4b74-a7ba-0d6d4c8d2a85"'
    'x-ms-request-id': '17b0c6e2-a9a5-47e8-9cf8-f618565b29ff'
    'x-ms-throttle-levels': 'REDACTED'
    'x-ms-correlation-request-id': 'REDACTED'
    'x-ms-arm-service-request-id': 'REDACTED'
    'Strict-Transport-Security': 'REDACTED'
    'x-ms-ratelimit-remaining-subscription-reads': '249'
    'x-ms-ratelimit-remaining-subscription-global-reads': 'REDACTED'
    'x-ms-routing-request-id': 'REDACTED'
    'X-Content-Type-Options': 'REDACTED'
    'X-Cache': 'REDACTED'
    'X-MSEdge-Ref': 'Ref A: 3CD9BA8E88A046FBA969D42F2B75F50C Ref B: PNQ231110906023 Ref C: 2026-05-26T10:41:33Z'
    'Date': 'Tue, 26 May 2026 10:41:32 GMT'
2026-05-26 16:11:34,231 | INFO | NIC created
2026-05-26 16:11:34,911 | INFO | AzureCliCredential.get_token_info succeeded
2026-05-26 16:11:34,911 | INFO | Request URL: 'https://management.azure.com/subscriptions/a8bd7b1b-b9aa-4283-aec4-2040b847d926/resourceGroups/AutoProjectRG/providers/Microsoft.Compute/virtualMachines/ProductionUbuntuVM?api-version=2025-11-01'
Request method: 'PUT'
Request headers:
    'Content-Type': 'application/json'
    'Content-Length': '1197'
    'Accept': 'application/json'
    'x-ms-client-request-id': '77045958-58ef-11f1-87a7-4c034fe7e914'
    'User-Agent': 'azsdk-python-mgmt-compute/38.0.0 Python/3.12.0 (Windows-11-10.0.22621-SP0)'
    'Authorization': 'REDACTED'
A body is sent with the request
2026-05-26 16:11:36,789 | INFO | Response status: 201
Response headers:
    'Cache-Control': 'no-cache'
    'Pragma': 'no-cache'
    'Content-Length': '2470'
    'Content-Type': 'application/json; charset=utf-8'
    'Expires': '-1'
    'ETag': '"1"'
    'Retry-After': '10'
    'Azure-AsyncOperation': 'REDACTED'
    'azure-asyncnotification': 'REDACTED'
    'x-ms-ratelimit-remaining-resource': 'Microsoft.Compute/PutVMSubscriptionMaximum;1499,Microsoft.Compute/PutVMResource;11'
    'x-ms-need-to-refresh-epl-cache': 'REDACTED'
    'Strict-Transport-Security': 'REDACTED'
    'x-ms-request-id': '1be63b63-f7ae-46d8-b037-0e8f26ae3809'
    'x-ms-operation-identifier': 'REDACTED'
    'x-ms-ratelimit-remaining-subscription-writes': '199'
    'x-ms-ratelimit-remaining-subscription-global-writes': 'REDACTED'
    'x-ms-correlation-request-id': 'REDACTED'
    'x-ms-routing-request-id': 'REDACTED'
    'X-Content-Type-Options': 'REDACTED'
    'X-Cache': 'REDACTED'
    'X-MSEdge-Ref': 'Ref A: 47B54F9747374C939E3BCBDBF734E2C8 Ref B: PNQ231110906034 Ref C: 2026-05-26T10:41:34Z'
    'Date': 'Tue, 26 May 2026 10:41:36 GMT'
2026-05-26 16:11:36,790 | INFO | Request URL: 'https://management.azure.com/subscriptions/a8bd7b1b-b9aa-4283-aec4-2040b847d926/providers/Microsoft.Compute/locations/CentralIndia/operations/1be63b63-f7ae-46d8-b037-0e8f26ae3809?p=REDACTED&api-version=2025-11-01&t=REDACTED&c=REDACTED&s=REDACTED&h=REDACTED'
Request method: 'GET'
Request headers:
    'x-ms-client-request-id': '77045958-58ef-11f1-87a7-4c034fe7e914'
    'User-Agent': 'azsdk-python-mgmt-compute/38.0.0 Python/3.12.0 (Windows-11-10.0.22621-SP0)'
    'Authorization': 'REDACTED'
No body was attached to the request
2026-05-26 16:11:36,895 | INFO | Response status: 200
Response headers:
    'Cache-Control': 'no-cache'
    'Pragma': 'no-cache'
    'Content-Length': '134'
    'Content-Type': 'application/json; charset=utf-8'
    'Expires': '-1'
    'Retry-After': '35'
    'x-ms-ratelimit-remaining-resource': 'Microsoft.Compute/GetOperationResource;44,Microsoft.Compute/GetOperationSubscriptionMaximum;14999'
    'x-ms-need-to-refresh-epl-cache': 'REDACTED'
    'Strict-Transport-Security': 'REDACTED'
    'x-ms-request-id': 'e0690c7f-76c6-446b-b009-2f9e3263cc2a'
    'x-ms-operation-identifier': 'REDACTED'
    'x-ms-ratelimit-remaining-subscription-reads': '249'
    'x-ms-ratelimit-remaining-subscription-global-reads': 'REDACTED'
    'x-ms-correlation-request-id': 'REDACTED'
    'x-ms-routing-request-id': 'REDACTED'
    'X-Content-Type-Options': 'REDACTED'
    'X-Cache': 'REDACTED'
    'X-MSEdge-Ref': 'Ref A: 02D00C193EE74616911A921A41CC8A76 Ref B: PNQ231110906034 Ref C: 2026-05-26T10:41:36Z'
    'Date': 'Tue, 26 May 2026 10:41:36 GMT'
2026-05-26 16:12:11,896 | INFO | Request URL: 'https://management.azure.com/subscriptions/a8bd7b1b-b9aa-4283-aec4-2040b847d926/providers/Microsoft.Compute/locations/CentralIndia/operations/1be63b63-f7ae-46d8-b037-0e8f26ae3809?p=REDACTED&api-version=2025-11-01&t=REDACTED&c=REDACTED&s=REDACTED&h=REDACTED'
Request method: 'GET'
Request headers:
    'x-ms-client-request-id': '77045958-58ef-11f1-87a7-4c034fe7e914'
    'User-Agent': 'azsdk-python-mgmt-compute/38.0.0 Python/3.12.0 (Windows-11-10.0.22621-SP0)'
    'Authorization': 'REDACTED'
No body was attached to the request
2026-05-26 16:12:12,187 | INFO | Response status: 200
Response headers:
    'Cache-Control': 'no-cache'
    'Pragma': 'no-cache'
    'Content-Length': '183'
    'Content-Type': 'application/json; charset=utf-8'
    'Expires': '-1'
    'x-ms-ratelimit-remaining-resource': 'Microsoft.Compute/GetOperationResource;43,Microsoft.Compute/GetOperationSubscriptionMaximum;14999'
    'x-ms-need-to-refresh-epl-cache': 'REDACTED'
    'Strict-Transport-Security': 'REDACTED'
    'x-ms-request-id': 'df24a886-34f3-4bc7-8e66-4d83b412cc23'
    'x-ms-operation-identifier': 'REDACTED'
    'x-ms-ratelimit-remaining-subscription-reads': '249'
    'x-ms-ratelimit-remaining-subscription-global-reads': 'REDACTED'
    'x-ms-correlation-request-id': 'REDACTED'
    'x-ms-routing-request-id': 'REDACTED'
    'X-Content-Type-Options': 'REDACTED'
    'X-Cache': 'REDACTED'
    'X-MSEdge-Ref': 'Ref A: C9A100BF29B54D409DCF416E08ABABB3 Ref B: PNQ231110906034 Ref C: 2026-05-26T10:42:11Z'
    'Date': 'Tue, 26 May 2026 10:42:11 GMT'
2026-05-26 16:12:12,188 | INFO | Request URL: 'https://management.azure.com/subscriptions/a8bd7b1b-b9aa-4283-aec4-2040b847d926/resourceGroups/AutoProjectRG/providers/Microsoft.Compute/virtualMachines/ProductionUbuntuVM?api-version=2025-11-01'
Request method: 'GET'
Request headers:
    'x-ms-client-request-id': '77045958-58ef-11f1-87a7-4c034fe7e914'
    'User-Agent': 'azsdk-python-mgmt-compute/38.0.0 Python/3.12.0 (Windows-11-10.0.22621-SP0)'
    'Authorization': 'REDACTED'
No body was attached to the request
2026-05-26 16:12:12,267 | INFO | Response status: 200
Response headers:
    'Cache-Control': 'no-cache'
    'Pragma': 'no-cache'
    'Content-Length': '2748'
    'Content-Type': 'application/json; charset=utf-8'
    'Expires': '-1'
    'ETag': '"1"'
    'x-ms-ratelimit-remaining-resource': 'Microsoft.Compute/LowCostGetSubscriptionMaximum;23997,Microsoft.Compute/LowCostGetResource;33'
    'x-ms-need-to-refresh-epl-cache': 'REDACTED'
    'Strict-Transport-Security': 'REDACTED'
    'x-ms-request-id': '0768567e-d469-4ec2-bc2e-d253c77e58f1'
    'x-ms-ratelimit-remaining-subscription-reads': '248'
    'x-ms-ratelimit-remaining-subscription-global-reads': 'REDACTED'
    'x-ms-correlation-request-id': 'REDACTED'
    'x-ms-routing-request-id': 'REDACTED'
    'X-Content-Type-Options': 'REDACTED'
    'X-Cache': 'REDACTED'
    'X-MSEdge-Ref': 'Ref A: EAF5850254CB4981806D6A40CB12FBCE Ref B: PNQ231110906034 Ref C: 2026-05-26T10:42:11Z'
    'Date': 'Tue, 26 May 2026 10:42:11 GMT'
2026-05-26 16:12:12,269 | INFO | VM created successfully
2026-05-26 16:21:02,477 | INFO | Infrastructure creation started
2026-05-26 16:21:03,233 | INFO | AzureCliCredential.get_token_info succeeded
2026-05-26 16:21:03,234 | INFO | Request URL: 'https://management.azure.com/subscriptions/a8bd7b1b-b9aa-4283-aec4-2040b847d926/resourcegroups/AutoProjectRG?api-version=2025-04-01'
Request method: 'HEAD'
Request headers:
    'Accept': 'application/json'
    'x-ms-client-request-id': 'c9b67f92-58f0-11f1-90e9-4c034fe7e914'
    'User-Agent': 'azsdk-python-mgmt-resource/25.0.0 Python/3.12.0 (Windows-11-10.0.22621-SP0)'
    'Authorization': 'REDACTED'
No body was attached to the request
2026-05-26 16:21:04,848 | INFO | Response status: 404
Response headers:
    'Cache-Control': 'no-cache'
    'Pragma': 'no-cache'
    'Content-Length': '0'
    'Expires': '-1'
    'x-ms-failure-cause': 'REDACTED'
    'x-ms-ratelimit-remaining-subscription-reads': '249'
    'x-ms-ratelimit-remaining-subscription-global-reads': 'REDACTED'
    'x-ms-request-id': 'e0c2e6f8-aaa5-4134-8ff4-affee3bcda77'
    'x-ms-correlation-request-id': 'REDACTED'
    'x-ms-routing-request-id': 'REDACTED'
    'Strict-Transport-Security': 'REDACTED'
    'X-Content-Type-Options': 'REDACTED'
    'X-Cache': 'REDACTED'
    'X-MSEdge-Ref': 'Ref A: 9881195ACEDA41788FAD6B58E0E943D9 Ref B: PNQ231110909025 Ref C: 2026-05-26T10:51:03Z'
    'Date': 'Tue, 26 May 2026 10:51:03 GMT'
2026-05-26 16:21:04,849 | INFO | Request URL: 'https://management.azure.com/subscriptions/a8bd7b1b-b9aa-4283-aec4-2040b847d926/resourcegroups/AutoProjectRG?api-version=2025-04-01'
Request method: 'PUT'
Request headers:
    'Content-Type': 'application/json'
    'Content-Length': '28'
    'Accept': 'application/json'
    'x-ms-client-request-id': 'cb207471-58f0-11f1-8ba6-4c034fe7e914'
    'User-Agent': 'azsdk-python-mgmt-resource/25.0.0 Python/3.12.0 (Windows-11-10.0.22621-SP0)'
    'Authorization': 'REDACTED'
A body is sent with the request
2026-05-26 16:21:08,503 | INFO | Response status: 201
Response headers:
    'Cache-Control': 'no-cache'
    'Pragma': 'no-cache'
    'Content-Length': '229'
    'Content-Type': 'application/json; charset=utf-8'
    'Expires': '-1'
    'x-ms-ratelimit-remaining-subscription-writes': '199'
    'x-ms-ratelimit-remaining-subscription-global-writes': 'REDACTED'
    'x-ms-request-id': '5ef9ac2b-54f5-4cea-ba21-9f38c3714d43'
    'x-ms-correlation-request-id': 'REDACTED'
    'x-ms-routing-request-id': 'REDACTED'
    'Strict-Transport-Security': 'REDACTED'
    'X-Content-Type-Options': 'REDACTED'
    'X-Cache': 'REDACTED'
    'X-MSEdge-Ref': 'Ref A: 0741906340C34F05A0E1EA7FD977AC16 Ref B: PNQ231110909025 Ref C: 2026-05-26T10:51:04Z'
    'Date': 'Tue, 26 May 2026 10:51:07 GMT'
2026-05-26 16:21:08,505 | INFO | Resource Group created: AutoProjectRG
2026-05-26 16:21:09,161 | INFO | AzureCliCredential.get_token_info succeeded
2026-05-26 16:21:09,162 | INFO | Request URL: 'https://management.azure.com/subscriptions/a8bd7b1b-b9aa-4283-aec4-2040b847d926/resourceGroups/AutoProjectRG/providers/Microsoft.Network/virtualNetworks/ProjectVNet?api-version=2025-05-01'
Request method: 'PUT'
Request headers:
    'Content-Type': 'application/json'
    'Content-Length': '98'
    'Accept': 'application/json'
    'x-ms-client-request-id': 'cd4e5369-58f0-11f1-996c-4c034fe7e914'
    'User-Agent': 'azsdk-python-mgmt-network/30.2.0 Python/3.12.0 (Windows-11-10.0.22621-SP0)'
    'Authorization': 'REDACTED'
A body is sent with the request
2026-05-26 16:21:10,811 | INFO | Response status: 201
Response headers:
    'Cache-Control': 'no-cache'
    'Pragma': 'no-cache'
    'Content-Length': '549'
    'Content-Type': 'application/json; charset=utf-8'
    'Expires': '-1'
    'Retry-After': '3'
    'x-ms-request-id': 'ab784cb2-ba56-4da5-989a-6bb04f7fe573'
    'Azure-AsyncOperation': 'REDACTED'
    'x-ms-throttle-levels': 'REDACTED'
    'x-ms-correlation-request-id': 'REDACTED'
    'Azure-AsyncNotification': 'REDACTED'
    'x-ms-arm-service-request-id': 'REDACTED'
    'Strict-Transport-Security': 'REDACTED'
    'x-ms-operation-identifier': 'REDACTED'
    'x-ms-ratelimit-remaining-subscription-writes': '199'
    'x-ms-ratelimit-remaining-subscription-global-writes': 'REDACTED'
    'x-ms-routing-request-id': 'REDACTED'
    'X-Content-Type-Options': 'REDACTED'
    'X-Cache': 'REDACTED'
    'X-MSEdge-Ref': 'Ref A: D863D4361634480082495156F633EB78 Ref B: PNQ231110907031 Ref C: 2026-05-26T10:51:09Z'
    'Date': 'Tue, 26 May 2026 10:51:09 GMT'
2026-05-26 16:21:10,813 | INFO | Request URL: 'https://management.azure.com/subscriptions/a8bd7b1b-b9aa-4283-aec4-2040b847d926/providers/Microsoft.Network/locations/centralindia/operations/ab784cb2-ba56-4da5-989a-6bb04f7fe573?api-version=2025-05-01&t=REDACTED&c=REDACTED&s=REDACTED&h=REDACTED'
Request method: 'GET'
Request headers:
    'x-ms-client-request-id': 'cd4e5369-58f0-11f1-996c-4c034fe7e914'
    'User-Agent': 'azsdk-python-mgmt-network/30.2.0 Python/3.12.0 (Windows-11-10.0.22621-SP0)'
    'Authorization': 'REDACTED'
No body was attached to the request
2026-05-26 16:21:11,211 | INFO | Response status: 200
Response headers:
    'Cache-Control': 'no-cache'
    'Pragma': 'no-cache'
    'Content-Length': '23'
    'Content-Type': 'application/json; charset=utf-8'
    'Expires': '-1'
    'Retry-After': '10'
    'x-ms-request-id': '03ab750b-4c57-4f89-959d-96246285e79a'
    'x-ms-throttle-levels': 'REDACTED'
    'x-ms-correlation-request-id': 'REDACTED'
    'x-ms-arm-service-request-id': 'REDACTED'
    'Strict-Transport-Security': 'REDACTED'
    'x-ms-operation-identifier': 'REDACTED'
    'x-ms-ratelimit-remaining-subscription-reads': '249'
    'x-ms-ratelimit-remaining-subscription-global-reads': 'REDACTED'
    'x-ms-routing-request-id': 'REDACTED'
    'X-Content-Type-Options': 'REDACTED'
    'X-Cache': 'REDACTED'
    'X-MSEdge-Ref': 'Ref A: 4859A900478B4C1CB7307D0B32D013F5 Ref B: PNQ231110907031 Ref C: 2026-05-26T10:51:10Z'
    'Date': 'Tue, 26 May 2026 10:51:10 GMT'
2026-05-26 16:21:21,212 | INFO | Request URL: 'https://management.azure.com/subscriptions/a8bd7b1b-b9aa-4283-aec4-2040b847d926/providers/Microsoft.Network/locations/centralindia/operations/ab784cb2-ba56-4da5-989a-6bb04f7fe573?api-version=2025-05-01&t=REDACTED&c=REDACTED&s=REDACTED&h=REDACTED'
Request method: 'GET'
Request headers:
    'x-ms-client-request-id': 'cd4e5369-58f0-11f1-996c-4c034fe7e914'
    'User-Agent': 'azsdk-python-mgmt-network/30.2.0 Python/3.12.0 (Windows-11-10.0.22621-SP0)'
    'Authorization': 'REDACTED'
No body was attached to the request
2026-05-26 16:21:21,440 | INFO | Response status: 200
Response headers:
    'Cache-Control': 'no-cache'
    'Pragma': 'no-cache'
    'Content-Length': '22'
    'Content-Type': 'application/json; charset=utf-8'
    'Expires': '-1'
    'x-ms-request-id': 'a088cab8-3624-4682-a8c5-f962b98b0194'
    'x-ms-throttle-levels': 'REDACTED'
    'x-ms-correlation-request-id': 'REDACTED'
    'x-ms-arm-service-request-id': 'REDACTED'
    'Strict-Transport-Security': 'REDACTED'
    'x-ms-operation-identifier': 'REDACTED'
    'x-ms-ratelimit-remaining-subscription-reads': '249'
    'x-ms-ratelimit-remaining-subscription-global-reads': 'REDACTED'
    'x-ms-routing-request-id': 'REDACTED'
    'X-Content-Type-Options': 'REDACTED'
    'X-Cache': 'REDACTED'
    'X-MSEdge-Ref': 'Ref A: F441C2B01E994C6DA469722CC5C821ED Ref B: PNQ231110907031 Ref C: 2026-05-26T10:51:20Z'
    'Date': 'Tue, 26 May 2026 10:51:20 GMT'
2026-05-26 16:21:21,452 | INFO | Request URL: 'https://management.azure.com/subscriptions/a8bd7b1b-b9aa-4283-aec4-2040b847d926/resourceGroups/AutoProjectRG/providers/Microsoft.Network/virtualNetworks/ProjectVNet?api-version=2025-05-01'
Request method: 'GET'
Request headers:
    'x-ms-client-request-id': 'cd4e5369-58f0-11f1-996c-4c034fe7e914'
    'User-Agent': 'azsdk-python-mgmt-network/30.2.0 Python/3.12.0 (Windows-11-10.0.22621-SP0)'
    'Authorization': 'REDACTED'
No body was attached to the request
2026-05-26 16:21:21,735 | INFO | Response status: 200
Response headers:
    'Cache-Control': 'no-cache'
    'Pragma': 'no-cache'
    'Content-Length': '550'
    'Content-Type': 'application/json; charset=utf-8'
    'Expires': '-1'
    'x-ms-request-id': 'fb93f67d-cfef-4db8-b62a-2457afd0e36f'
    'x-ms-throttle-levels': 'REDACTED'
    'x-ms-correlation-request-id': 'REDACTED'
    'x-ms-arm-service-request-id': 'REDACTED'
    'Strict-Transport-Security': 'REDACTED'
    'x-ms-ratelimit-remaining-subscription-reads': '249'
    'x-ms-ratelimit-remaining-subscription-global-reads': 'REDACTED'
    'x-ms-routing-request-id': 'REDACTED'
    'X-Content-Type-Options': 'REDACTED'
    'X-Cache': 'REDACTED'
    'X-MSEdge-Ref': 'Ref A: 455BB8A2787C44A7ACBD67AFB54D508D Ref B: PNQ231110907031 Ref C: 2026-05-26T10:51:21Z'
    'Date': 'Tue, 26 May 2026 10:51:20 GMT'
2026-05-26 16:21:21,735 | INFO | Virtual Network created
2026-05-26 16:21:21,736 | INFO | Request URL: 'https://management.azure.com/subscriptions/a8bd7b1b-b9aa-4283-aec4-2040b847d926/resourceGroups/AutoProjectRG/providers/Microsoft.Network/virtualNetworks/ProjectVNet/subnets/DefaultSubnet?api-version=2025-05-01'
Request method: 'PUT'
Request headers:
    'Content-Type': 'application/json'
    'Content-Length': '48'
    'Accept': 'application/json'
    'x-ms-client-request-id': 'd5314d31-58f0-11f1-a0fd-4c034fe7e914'
    'User-Agent': 'azsdk-python-mgmt-network/30.2.0 Python/3.12.0 (Windows-11-10.0.22621-SP0)'
    'Authorization': 'REDACTED'
A body is sent with the request
2026-05-26 16:21:22,592 | INFO | Response status: 201
Response headers:
    'Cache-Control': 'no-cache'
    'Pragma': 'no-cache'
    'Content-Length': '476'
    'Content-Type': 'application/json; charset=utf-8'
    'Expires': '-1'
    'Retry-After': '3'
    'x-ms-request-id': '8005ec58-dc6e-485b-8f94-e94ed788b1ad'
    'Azure-AsyncOperation': 'REDACTED'
    'x-ms-throttle-levels': 'REDACTED'
    'x-ms-correlation-request-id': 'REDACTED'
    'Azure-AsyncNotification': 'REDACTED'
    'x-ms-arm-service-request-id': 'REDACTED'
    'Strict-Transport-Security': 'REDACTED'
    'x-ms-operation-identifier': 'REDACTED'
    'x-ms-ratelimit-remaining-subscription-writes': '199'
    'x-ms-ratelimit-remaining-subscription-global-writes': 'REDACTED'
    'x-ms-routing-request-id': 'REDACTED'
    'X-Content-Type-Options': 'REDACTED'
    'X-Cache': 'REDACTED'
    'X-MSEdge-Ref': 'Ref A: DE87D767E4B2478E888F777A765672B5 Ref B: PNQ231110907031 Ref C: 2026-05-26T10:51:21Z'
    'Date': 'Tue, 26 May 2026 10:51:21 GMT'
2026-05-26 16:21:22,594 | INFO | Request URL: 'https://management.azure.com/subscriptions/a8bd7b1b-b9aa-4283-aec4-2040b847d926/providers/Microsoft.Network/locations/centralindia/operations/8005ec58-dc6e-485b-8f94-e94ed788b1ad?api-version=2025-05-01&t=REDACTED&c=REDACTED&s=REDACTED&h=REDACTED'
Request method: 'GET'
Request headers:
    'x-ms-client-request-id': 'd5314d31-58f0-11f1-a0fd-4c034fe7e914'
    'User-Agent': 'azsdk-python-mgmt-network/30.2.0 Python/3.12.0 (Windows-11-10.0.22621-SP0)'
    'Authorization': 'REDACTED'
No body was attached to the request
2026-05-26 16:21:22,962 | INFO | Response status: 200
Response headers:
    'Cache-Control': 'no-cache'
    'Pragma': 'no-cache'
    'Content-Length': '22'
    'Content-Type': 'application/json; charset=utf-8'
    'Expires': '-1'
    'x-ms-request-id': 'f7eba5a2-725d-426f-b90e-2e6449a7636c'
    'x-ms-throttle-levels': 'REDACTED'
    'x-ms-correlation-request-id': 'REDACTED'
    'x-ms-arm-service-request-id': 'REDACTED'
    'Strict-Transport-Security': 'REDACTED'
    'x-ms-operation-identifier': 'REDACTED'
    'x-ms-ratelimit-remaining-subscription-reads': '249'
    'x-ms-ratelimit-remaining-subscription-global-reads': 'REDACTED'
    'x-ms-routing-request-id': 'REDACTED'
    'X-Content-Type-Options': 'REDACTED'
    'X-Cache': 'REDACTED'
    'X-MSEdge-Ref': 'Ref A: D31E74F696544F1D930DF6A623113134 Ref B: PNQ231110907031 Ref C: 2026-05-26T10:51:22Z'
    'Date': 'Tue, 26 May 2026 10:51:21 GMT'
2026-05-26 16:21:22,963 | INFO | Request URL: 'https://management.azure.com/subscriptions/a8bd7b1b-b9aa-4283-aec4-2040b847d926/resourceGroups/AutoProjectRG/providers/Microsoft.Network/virtualNetworks/ProjectVNet/subnets/DefaultSubnet?api-version=2025-05-01'
Request method: 'GET'
Request headers:
    'x-ms-client-request-id': 'd5314d31-58f0-11f1-a0fd-4c034fe7e914'
    'User-Agent': 'azsdk-python-mgmt-network/30.2.0 Python/3.12.0 (Windows-11-10.0.22621-SP0)'
    'Authorization': 'REDACTED'
No body was attached to the request
2026-05-26 16:21:23,108 | INFO | Response status: 200
Response headers:
    'Cache-Control': 'no-cache'
    'Pragma': 'no-cache'
    'Content-Length': '477'
    'Content-Type': 'application/json; charset=utf-8'
    'Expires': '-1'
    'ETag': 'W/"829346e1-d537-4530-94ad-1d8fbb3e476f"'
    'x-ms-request-id': 'b166fb04-bcb4-43ed-bb82-e3ceb2ec20cf'
    'x-ms-throttle-levels': 'REDACTED'
    'x-ms-correlation-request-id': 'REDACTED'
    'x-ms-arm-service-request-id': 'REDACTED'
    'Strict-Transport-Security': 'REDACTED'
    'x-ms-operation-identifier': 'REDACTED'
    'x-ms-ratelimit-remaining-subscription-reads': '249'
    'x-ms-ratelimit-remaining-subscription-global-reads': 'REDACTED'
    'x-ms-routing-request-id': 'REDACTED'
    'X-Content-Type-Options': 'REDACTED'
    'X-Cache': 'REDACTED'
    'X-MSEdge-Ref': 'Ref A: C76D12DDCE214DD7A3E1E62FB0DB1316 Ref B: PNQ231110907031 Ref C: 2026-05-26T10:51:22Z'
    'Date': 'Tue, 26 May 2026 10:51:21 GMT'
2026-05-26 16:21:23,108 | INFO | Subnet created
2026-05-26 16:21:23,109 | INFO | Request URL: 'https://management.azure.com/subscriptions/a8bd7b1b-b9aa-4283-aec4-2040b847d926/resourceGroups/AutoProjectRG/providers/Microsoft.Network/publicIPAddresses/ProjectPublicIP?api-version=2025-05-01'
Request method: 'PUT'
Request headers:
    'Content-Type': 'application/json'
    'Content-Length': '111'
    'Accept': 'application/json'
    'x-ms-client-request-id': 'd602affa-58f0-11f1-8c9c-4c034fe7e914'
    'User-Agent': 'azsdk-python-mgmt-network/30.2.0 Python/3.12.0 (Windows-11-10.0.22621-SP0)'
    'Authorization': 'REDACTED'
A body is sent with the request
2026-05-26 16:21:23,517 | INFO | Response status: 201
Response headers:
    'Cache-Control': 'no-cache'
    'Pragma': 'no-cache'
    'Content-Length': '608'
    'Content-Type': 'application/json; charset=utf-8'
    'Expires': '-1'
    'Retry-After': '1'
    'x-ms-request-id': 'be82e1a7-0d6e-4e8a-8d3c-3d20f9057a3e'
    'Azure-AsyncOperation': 'REDACTED'
    'x-ms-throttle-levels': 'REDACTED'
    'x-ms-correlation-request-id': 'REDACTED'
    'Azure-AsyncNotification': 'REDACTED'
    'x-ms-arm-service-request-id': 'REDACTED'
    'Strict-Transport-Security': 'REDACTED'
    'x-ms-operation-identifier': 'REDACTED'
    'x-ms-ratelimit-remaining-subscription-writes': '199'
    'x-ms-ratelimit-remaining-subscription-global-writes': 'REDACTED'
    'x-ms-routing-request-id': 'REDACTED'
    'X-Content-Type-Options': 'REDACTED'
    'X-Cache': 'REDACTED'
    'X-MSEdge-Ref': 'Ref A: 46EAFF23EB004DF492B9ADD6A520D404 Ref B: PNQ231110907031 Ref C: 2026-05-26T10:51:22Z'
    'Date': 'Tue, 26 May 2026 10:51:22 GMT'
2026-05-26 16:21:23,518 | INFO | Request URL: 'https://management.azure.com/subscriptions/a8bd7b1b-b9aa-4283-aec4-2040b847d926/providers/Microsoft.Network/locations/centralindia/operations/be82e1a7-0d6e-4e8a-8d3c-3d20f9057a3e?api-version=2025-05-01&t=REDACTED&c=REDACTED&s=REDACTED&h=REDACTED'
Request method: 'GET'
Request headers:
    'x-ms-client-request-id': 'd602affa-58f0-11f1-8c9c-4c034fe7e914'
    'User-Agent': 'azsdk-python-mgmt-network/30.2.0 Python/3.12.0 (Windows-11-10.0.22621-SP0)'
    'Authorization': 'REDACTED'
No body was attached to the request
2026-05-26 16:21:23,712 | INFO | Response status: 200
Response headers:
    'Cache-Control': 'no-cache'
    'Pragma': 'no-cache'
    'Content-Length': '22'
    'Content-Type': 'application/json; charset=utf-8'
    'Expires': '-1'
    'x-ms-request-id': 'cc603f0e-ca1c-41fc-a50c-474d28ebdeb5'
    'x-ms-throttle-levels': 'REDACTED'
    'x-ms-correlation-request-id': 'REDACTED'
    'x-ms-arm-service-request-id': 'REDACTED'
    'Strict-Transport-Security': 'REDACTED'
    'x-ms-operation-identifier': 'REDACTED'
    'x-ms-ratelimit-remaining-subscription-reads': '249'
    'x-ms-ratelimit-remaining-subscription-global-reads': 'REDACTED'
    'x-ms-routing-request-id': 'REDACTED'
    'X-Content-Type-Options': 'REDACTED'
    'X-Cache': 'REDACTED'
    'X-MSEdge-Ref': 'Ref A: 83C7FB79DA9F40FFA13B9F88407DE5C6 Ref B: PNQ231110907031 Ref C: 2026-05-26T10:51:23Z'
    'Date': 'Tue, 26 May 2026 10:51:22 GMT'
2026-05-26 16:21:23,712 | INFO | Request URL: 'https://management.azure.com/subscriptions/a8bd7b1b-b9aa-4283-aec4-2040b847d926/resourceGroups/AutoProjectRG/providers/Microsoft.Network/publicIPAddresses/ProjectPublicIP?api-version=2025-05-01'
Request method: 'GET'
Request headers:
    'x-ms-client-request-id': 'd602affa-58f0-11f1-8c9c-4c034fe7e914'
    'User-Agent': 'azsdk-python-mgmt-network/30.2.0 Python/3.12.0 (Windows-11-10.0.22621-SP0)'
    'Authorization': 'REDACTED'
No body was attached to the request
2026-05-26 16:21:24,044 | INFO | Response status: 200
Response headers:
    'Cache-Control': 'no-cache'
    'Pragma': 'no-cache'
    'Content-Length': '635'
    'Content-Type': 'application/json; charset=utf-8'
    'Expires': '-1'
    'ETag': 'W/"770d6990-0532-4b5b-8151-c3d7968ed910"'
    'x-ms-request-id': 'a35c8308-4f6b-4b68-8960-00e024c6d9fc'
    'x-ms-throttle-levels': 'REDACTED'
    'x-ms-correlation-request-id': 'REDACTED'
    'x-ms-arm-service-request-id': 'REDACTED'
    'Strict-Transport-Security': 'REDACTED'
    'x-ms-ratelimit-remaining-subscription-reads': '249'
    'x-ms-ratelimit-remaining-subscription-global-reads': 'REDACTED'
    'x-ms-routing-request-id': 'REDACTED'
    'X-Content-Type-Options': 'REDACTED'
    'X-Cache': 'REDACTED'
    'X-MSEdge-Ref': 'Ref A: C1942D57D8B746A199AD4B0D78785173 Ref B: PNQ231110907031 Ref C: 2026-05-26T10:51:23Z'
    'Date': 'Tue, 26 May 2026 10:51:22 GMT'
2026-05-26 16:21:24,044 | INFO | Public IP created
2026-05-26 16:21:24,045 | INFO | Request URL: 'https://management.azure.com/subscriptions/a8bd7b1b-b9aa-4283-aec4-2040b847d926/resourceGroups/AutoProjectRG/providers/Microsoft.Network/networkSecurityGroups/ProjectNSG?api-version=2025-05-01'
Request method: 'PUT'
Request headers:
    'Content-Type': 'application/json'
    'Content-Length': '28'
    'Accept': 'application/json'
    'x-ms-client-request-id': 'd691826c-58f0-11f1-a4e2-4c034fe7e914'
    'User-Agent': 'azsdk-python-mgmt-network/30.2.0 Python/3.12.0 (Windows-11-10.0.22621-SP0)'
    'Authorization': 'REDACTED'
A body is sent with the request
2026-05-26 16:21:24,524 | INFO | Response status: 201
Response headers:
    'Cache-Control': 'no-cache'
    'Pragma': 'no-cache'
    'Content-Length': '4897'
    'Content-Type': 'application/json; charset=utf-8'
    'Expires': '-1'
    'Retry-After': '1'
    'x-ms-request-id': 'fad8e4be-02d1-4d00-a2f4-c00a0146359d'
    'Azure-AsyncOperation': 'REDACTED'
    'x-ms-throttle-levels': 'REDACTED'
    'x-ms-correlation-request-id': 'REDACTED'
    'Azure-AsyncNotification': 'REDACTED'
    'x-ms-arm-service-request-id': 'REDACTED'
    'Strict-Transport-Security': 'REDACTED'
    'x-ms-operation-identifier': 'REDACTED'
    'x-ms-ratelimit-remaining-subscription-writes': '199'
    'x-ms-ratelimit-remaining-subscription-global-writes': 'REDACTED'
    'x-ms-routing-request-id': 'REDACTED'
    'X-Content-Type-Options': 'REDACTED'
    'X-Cache': 'REDACTED'
    'X-MSEdge-Ref': 'Ref A: 21F7453D96724A98871E2321736DFE3A Ref B: PNQ231110907031 Ref C: 2026-05-26T10:51:23Z'
    'Date': 'Tue, 26 May 2026 10:51:23 GMT'
2026-05-26 16:21:24,526 | INFO | Request URL: 'https://management.azure.com/subscriptions/a8bd7b1b-b9aa-4283-aec4-2040b847d926/providers/Microsoft.Network/locations/centralindia/operations/fad8e4be-02d1-4d00-a2f4-c00a0146359d?api-version=2025-05-01&t=REDACTED&c=REDACTED&s=REDACTED&h=REDACTED'
Request method: 'GET'
Request headers:
    'x-ms-client-request-id': 'd691826c-58f0-11f1-a4e2-4c034fe7e914'
    'User-Agent': 'azsdk-python-mgmt-network/30.2.0 Python/3.12.0 (Windows-11-10.0.22621-SP0)'
    'Authorization': 'REDACTED'
No body was attached to the request
2026-05-26 16:21:24,626 | INFO | Response status: 200
Response headers:
    'Cache-Control': 'no-cache'
    'Pragma': 'no-cache'
    'Content-Length': '23'
    'Content-Type': 'application/json; charset=utf-8'
    'Expires': '-1'
    'Retry-After': '1'
    'x-ms-request-id': 'e3e85b5a-fead-4562-bf60-04ef441e964c'
    'x-ms-throttle-levels': 'REDACTED'
    'x-ms-correlation-request-id': 'REDACTED'
    'x-ms-arm-service-request-id': 'REDACTED'
    'Strict-Transport-Security': 'REDACTED'
    'x-ms-operation-identifier': 'REDACTED'
    'x-ms-ratelimit-remaining-subscription-reads': '248'
    'x-ms-ratelimit-remaining-subscription-global-reads': 'REDACTED'
    'x-ms-routing-request-id': 'REDACTED'
    'X-Content-Type-Options': 'REDACTED'
    'X-Cache': 'REDACTED'
    'X-MSEdge-Ref': 'Ref A: 88778E84ED8242648E6143A275ED7B6E Ref B: PNQ231110907031 Ref C: 2026-05-26T10:51:24Z'
    'Date': 'Tue, 26 May 2026 10:51:23 GMT'
2026-05-26 16:21:25,627 | INFO | Request URL: 'https://management.azure.com/subscriptions/a8bd7b1b-b9aa-4283-aec4-2040b847d926/providers/Microsoft.Network/locations/centralindia/operations/fad8e4be-02d1-4d00-a2f4-c00a0146359d?api-version=2025-05-01&t=REDACTED&c=REDACTED&s=REDACTED&h=REDACTED'
Request method: 'GET'
Request headers:
    'x-ms-client-request-id': 'd691826c-58f0-11f1-a4e2-4c034fe7e914'
    'User-Agent': 'azsdk-python-mgmt-network/30.2.0 Python/3.12.0 (Windows-11-10.0.22621-SP0)'
    'Authorization': 'REDACTED'
No body was attached to the request
2026-05-26 16:21:25,788 | INFO | Response status: 200
Response headers:
    'Cache-Control': 'no-cache'
    'Pragma': 'no-cache'
    'Content-Length': '22'
    'Content-Type': 'application/json; charset=utf-8'
    'Expires': '-1'
    'x-ms-request-id': 'a293a0ac-2e2e-458e-9e84-9e64c80bbf3c'
    'x-ms-throttle-levels': 'REDACTED'
    'x-ms-correlation-request-id': 'REDACTED'
    'x-ms-arm-service-request-id': 'REDACTED'
    'Strict-Transport-Security': 'REDACTED'
    'x-ms-operation-identifier': 'REDACTED'
    'x-ms-ratelimit-remaining-subscription-reads': '249'
    'x-ms-ratelimit-remaining-subscription-global-reads': 'REDACTED'
    'x-ms-routing-request-id': 'REDACTED'
    'X-Content-Type-Options': 'REDACTED'
    'X-Cache': 'REDACTED'
    'X-MSEdge-Ref': 'Ref A: 670E249300DC4A26BAED82816A38715B Ref B: PNQ231110907031 Ref C: 2026-05-26T10:51:25Z'
    'Date': 'Tue, 26 May 2026 10:51:24 GMT'
2026-05-26 16:21:25,788 | INFO | Request URL: 'https://management.azure.com/subscriptions/a8bd7b1b-b9aa-4283-aec4-2040b847d926/resourceGroups/AutoProjectRG/providers/Microsoft.Network/networkSecurityGroups/ProjectNSG?api-version=2025-05-01'
Request method: 'GET'
Request headers:
    'x-ms-client-request-id': 'd691826c-58f0-11f1-a4e2-4c034fe7e914'
    'User-Agent': 'azsdk-python-mgmt-network/30.2.0 Python/3.12.0 (Windows-11-10.0.22621-SP0)'
    'Authorization': 'REDACTED'
No body was attached to the request
2026-05-26 16:21:25,870 | INFO | Response status: 200
Response headers:
    'Cache-Control': 'no-cache'
    'Pragma': 'no-cache'
    'Content-Length': '4904'
    'Content-Type': 'application/json; charset=utf-8'
    'Expires': '-1'
    'ETag': 'W/"ba926440-6cfd-44da-8590-1b0afc7e5c42"'
    'x-ms-request-id': 'b403ffcb-047a-4270-84c9-6b3236c8749a'
    'x-ms-throttle-levels': 'REDACTED'
    'x-ms-correlation-request-id': 'REDACTED'
    'x-ms-arm-service-request-id': 'REDACTED'
    'Strict-Transport-Security': 'REDACTED'
    'x-ms-ratelimit-remaining-subscription-reads': '248'
    'x-ms-ratelimit-remaining-subscription-global-reads': 'REDACTED'
    'x-ms-routing-request-id': 'REDACTED'
    'X-Content-Type-Options': 'REDACTED'
    'X-Cache': 'REDACTED'
    'X-MSEdge-Ref': 'Ref A: D4B9337DCF864E7D9D7DE563658BB8B5 Ref B: PNQ231110907031 Ref C: 2026-05-26T10:51:25Z'
    'Date': 'Tue, 26 May 2026 10:51:24 GMT'
2026-05-26 16:21:25,871 | INFO | NSG created
2026-05-26 16:21:25,872 | INFO | Request URL: 'https://management.azure.com/subscriptions/a8bd7b1b-b9aa-4283-aec4-2040b847d926/resourceGroups/AutoProjectRG/providers/Microsoft.Network/networkSecurityGroups/ProjectNSG/securityRules/AllowSSH?api-version=2025-05-01'
Request method: 'PUT'
Request headers:
    'Content-Type': 'application/json'
    'Content-Length': '211'
    'Accept': 'application/json'
    'x-ms-client-request-id': 'd7a84ca2-58f0-11f1-b08b-4c034fe7e914'
    'User-Agent': 'azsdk-python-mgmt-network/30.2.0 Python/3.12.0 (Windows-11-10.0.22621-SP0)'
    'Authorization': 'REDACTED'
A body is sent with the request
2026-05-26 16:21:26,242 | INFO | Response status: 201
Response headers:
    'Cache-Control': 'no-cache'
    'Pragma': 'no-cache'
    'Content-Length': '639'
    'Content-Type': 'application/json; charset=utf-8'
    'Expires': '-1'
    'Retry-After': '1'
    'x-ms-request-id': 'e27f4d91-b2ef-4ec5-843e-7cd6ad9976aa'
    'Azure-AsyncOperation': 'REDACTED'
    'x-ms-throttle-levels': 'REDACTED'
    'x-ms-correlation-request-id': 'REDACTED'
    'Azure-AsyncNotification': 'REDACTED'
    'x-ms-arm-service-request-id': 'REDACTED'
    'Strict-Transport-Security': 'REDACTED'
    'x-ms-operation-identifier': 'REDACTED'
    'x-ms-ratelimit-remaining-subscription-writes': '199'
    'x-ms-ratelimit-remaining-subscription-global-writes': 'REDACTED'
    'x-ms-routing-request-id': 'REDACTED'
    'X-Content-Type-Options': 'REDACTED'
    'X-Cache': 'REDACTED'
    'X-MSEdge-Ref': 'Ref A: EA6B1331B4A64F1B82C154932B9B2A99 Ref B: PNQ231110907031 Ref C: 2026-05-26T10:51:25Z'
    'Date': 'Tue, 26 May 2026 10:51:25 GMT'
2026-05-26 16:21:26,243 | INFO | Request URL: 'https://management.azure.com/subscriptions/a8bd7b1b-b9aa-4283-aec4-2040b847d926/providers/Microsoft.Network/locations/centralindia/operations/e27f4d91-b2ef-4ec5-843e-7cd6ad9976aa?api-version=2025-05-01&t=REDACTED&c=REDACTED&s=REDACTED&h=REDACTED'
Request method: 'GET'
Request headers:
    'x-ms-client-request-id': 'd7a84ca2-58f0-11f1-b08b-4c034fe7e914'
    'User-Agent': 'azsdk-python-mgmt-network/30.2.0 Python/3.12.0 (Windows-11-10.0.22621-SP0)'
    'Authorization': 'REDACTED'
No body was attached to the request
2026-05-26 16:21:26,616 | INFO | Response status: 200
Response headers:
    'Cache-Control': 'no-cache'
    'Pragma': 'no-cache'
    'Content-Length': '22'
    'Content-Type': 'application/json; charset=utf-8'
    'Expires': '-1'
    'x-ms-request-id': '1ababba5-66da-4b27-bce3-32cc2d04aa43'
    'x-ms-throttle-levels': 'REDACTED'
    'x-ms-correlation-request-id': 'REDACTED'
    'x-ms-arm-service-request-id': 'REDACTED'
    'Strict-Transport-Security': 'REDACTED'
    'x-ms-operation-identifier': 'REDACTED'
    'x-ms-ratelimit-remaining-subscription-reads': '249'
    'x-ms-ratelimit-remaining-subscription-global-reads': 'REDACTED'
    'x-ms-routing-request-id': 'REDACTED'
    'X-Content-Type-Options': 'REDACTED'
    'X-Cache': 'REDACTED'
    'X-MSEdge-Ref': 'Ref A: 13F4D73C6DB1436E853314FAE505E725 Ref B: PNQ231110907031 Ref C: 2026-05-26T10:51:25Z'
    'Date': 'Tue, 26 May 2026 10:51:25 GMT'
2026-05-26 16:21:26,616 | INFO | Request URL: 'https://management.azure.com/subscriptions/a8bd7b1b-b9aa-4283-aec4-2040b847d926/resourceGroups/AutoProjectRG/providers/Microsoft.Network/networkSecurityGroups/ProjectNSG/securityRules/AllowSSH?api-version=2025-05-01'
Request method: 'GET'
Request headers:
    'x-ms-client-request-id': 'd7a84ca2-58f0-11f1-b08b-4c034fe7e914'
    'User-Agent': 'azsdk-python-mgmt-network/30.2.0 Python/3.12.0 (Windows-11-10.0.22621-SP0)'
    'Authorization': 'REDACTED'
No body was attached to the request
2026-05-26 16:21:26,691 | INFO | Response status: 200
Response headers:
    'Cache-Control': 'no-cache'
    'Pragma': 'no-cache'
    'Content-Length': '640'
    'Content-Type': 'application/json; charset=utf-8'
    'Expires': '-1'
    'ETag': 'W/"b557e370-39d2-4dea-94ef-e4707d6f494a"'
    'x-ms-request-id': 'dd5540cb-6bf4-4a9f-aee0-09ee409eafab'
    'x-ms-throttle-levels': 'REDACTED'
    'x-ms-correlation-request-id': 'REDACTED'
    'x-ms-arm-service-request-id': 'REDACTED'
    'Strict-Transport-Security': 'REDACTED'
    'x-ms-operation-identifier': 'REDACTED'
    'x-ms-ratelimit-remaining-subscription-reads': '248'
    'x-ms-ratelimit-remaining-subscription-global-reads': 'REDACTED'
    'x-ms-routing-request-id': 'REDACTED'
    'X-Content-Type-Options': 'REDACTED'
    'X-Cache': 'REDACTED'
    'X-MSEdge-Ref': 'Ref A: 3DEA2D06853B478C8EFF3DF30B4C76EC Ref B: PNQ231110907031 Ref C: 2026-05-26T10:51:26Z'
    'Date': 'Tue, 26 May 2026 10:51:25 GMT'
2026-05-26 16:21:26,692 | INFO | SSH rule created
2026-05-26 16:21:26,693 | INFO | Request URL: 'https://management.azure.com/subscriptions/a8bd7b1b-b9aa-4283-aec4-2040b847d926/resourceGroups/AutoProjectRG/providers/Microsoft.Network/networkSecurityGroups/ProjectNSG/securityRules/AllowHTTP?api-version=2025-05-01'
Request method: 'PUT'
Request headers:
    'Content-Type': 'application/json'
    'Content-Length': '211'
    'Accept': 'application/json'
    'x-ms-client-request-id': 'd8258b1e-58f0-11f1-86ab-4c034fe7e914'
    'User-Agent': 'azsdk-python-mgmt-network/30.2.0 Python/3.12.0 (Windows-11-10.0.22621-SP0)'
    'Authorization': 'REDACTED'
A body is sent with the request
2026-05-26 16:21:27,001 | INFO | Response status: 201
Response headers:
    'Cache-Control': 'no-cache'
    'Pragma': 'no-cache'
    'Content-Length': '641'
    'Content-Type': 'application/json; charset=utf-8'
    'Expires': '-1'
    'Retry-After': '1'
    'x-ms-request-id': 'b980cc10-76b8-4365-b461-a8c5941e15cc'
    'Azure-AsyncOperation': 'REDACTED'
    'x-ms-throttle-levels': 'REDACTED'
    'x-ms-correlation-request-id': 'REDACTED'
    'Azure-AsyncNotification': 'REDACTED'
    'x-ms-arm-service-request-id': 'REDACTED'
    'Strict-Transport-Security': 'REDACTED'
    'x-ms-operation-identifier': 'REDACTED'
    'x-ms-ratelimit-remaining-subscription-writes': '199'
    'x-ms-ratelimit-remaining-subscription-global-writes': 'REDACTED'
    'x-ms-routing-request-id': 'REDACTED'
    'X-Content-Type-Options': 'REDACTED'
    'X-Cache': 'REDACTED'
    'X-MSEdge-Ref': 'Ref A: D85E1F95C09F4C9985F3D4339A2E1EC8 Ref B: PNQ231110907031 Ref C: 2026-05-26T10:51:26Z'
    'Date': 'Tue, 26 May 2026 10:51:25 GMT'
2026-05-26 16:21:27,002 | INFO | Request URL: 'https://management.azure.com/subscriptions/a8bd7b1b-b9aa-4283-aec4-2040b847d926/providers/Microsoft.Network/locations/centralindia/operations/b980cc10-76b8-4365-b461-a8c5941e15cc?api-version=2025-05-01&t=REDACTED&c=REDACTED&s=REDACTED&h=REDACTED'
Request method: 'GET'
Request headers:
    'x-ms-client-request-id': 'd8258b1e-58f0-11f1-86ab-4c034fe7e914'
    'User-Agent': 'azsdk-python-mgmt-network/30.2.0 Python/3.12.0 (Windows-11-10.0.22621-SP0)'
    'Authorization': 'REDACTED'
No body was attached to the request
2026-05-26 16:21:27,086 | INFO | Response status: 200
Response headers:
    'Cache-Control': 'no-cache'
    'Pragma': 'no-cache'
    'Content-Length': '23'
    'Content-Type': 'application/json; charset=utf-8'
    'Expires': '-1'
    'Retry-After': '1'
    'x-ms-request-id': 'a967ad06-a1c1-4003-bbfa-484026c75557'
    'x-ms-throttle-levels': 'REDACTED'
    'x-ms-correlation-request-id': 'REDACTED'
    'x-ms-arm-service-request-id': 'REDACTED'
    'Strict-Transport-Security': 'REDACTED'
    'x-ms-operation-identifier': 'REDACTED'
    'x-ms-ratelimit-remaining-subscription-reads': '249'
    'x-ms-ratelimit-remaining-subscription-global-reads': 'REDACTED'
    'x-ms-routing-request-id': 'REDACTED'
    'X-Content-Type-Options': 'REDACTED'
    'X-Cache': 'REDACTED'
    'X-MSEdge-Ref': 'Ref A: B8D6C52C9CC74BEDB60DCFE2BEC304F5 Ref B: PNQ231110907031 Ref C: 2026-05-26T10:51:26Z'
    'Date': 'Tue, 26 May 2026 10:51:25 GMT'
2026-05-26 16:21:28,087 | INFO | Request URL: 'https://management.azure.com/subscriptions/a8bd7b1b-b9aa-4283-aec4-2040b847d926/providers/Microsoft.Network/locations/centralindia/operations/b980cc10-76b8-4365-b461-a8c5941e15cc?api-version=2025-05-01&t=REDACTED&c=REDACTED&s=REDACTED&h=REDACTED'
Request method: 'GET'
Request headers:
    'x-ms-client-request-id': 'd8258b1e-58f0-11f1-86ab-4c034fe7e914'
    'User-Agent': 'azsdk-python-mgmt-network/30.2.0 Python/3.12.0 (Windows-11-10.0.22621-SP0)'
    'Authorization': 'REDACTED'
No body was attached to the request
2026-05-26 16:21:28,827 | INFO | Response status: 200
Response headers:
    'Cache-Control': 'no-cache'
    'Pragma': 'no-cache'
    'Content-Length': '22'
    'Content-Type': 'application/json; charset=utf-8'
    'Expires': '-1'
    'x-ms-request-id': '6b2ade64-951f-4f03-a9fe-991e6a369d9b'
    'x-ms-throttle-levels': 'REDACTED'
    'x-ms-correlation-request-id': 'REDACTED'
    'x-ms-arm-service-request-id': 'REDACTED'
    'Strict-Transport-Security': 'REDACTED'
    'x-ms-operation-identifier': 'REDACTED'
    'x-ms-ratelimit-remaining-subscription-reads': '249'
    'x-ms-ratelimit-remaining-subscription-global-reads': 'REDACTED'
    'x-ms-routing-request-id': 'REDACTED'
    'X-Content-Type-Options': 'REDACTED'
    'X-Cache': 'REDACTED'
    'X-MSEdge-Ref': 'Ref A: 79B4DA9975C44E14B01524352E0F138B Ref B: PNQ231110907031 Ref C: 2026-05-26T10:51:27Z'
    'Date': 'Tue, 26 May 2026 10:51:27 GMT'
2026-05-26 16:21:28,827 | INFO | Request URL: 'https://management.azure.com/subscriptions/a8bd7b1b-b9aa-4283-aec4-2040b847d926/resourceGroups/AutoProjectRG/providers/Microsoft.Network/networkSecurityGroups/ProjectNSG/securityRules/AllowHTTP?api-version=2025-05-01'
Request method: 'GET'
Request headers:
    'x-ms-client-request-id': 'd8258b1e-58f0-11f1-86ab-4c034fe7e914'
    'User-Agent': 'azsdk-python-mgmt-network/30.2.0 Python/3.12.0 (Windows-11-10.0.22621-SP0)'
    'Authorization': 'REDACTED'
No body was attached to the request
2026-05-26 16:21:28,928 | INFO | Response status: 200
Response headers:
    'Cache-Control': 'no-cache'
    'Pragma': 'no-cache'
    'Content-Length': '642'
    'Content-Type': 'application/json; charset=utf-8'
    'Expires': '-1'
    'ETag': 'W/"edb4834e-15d4-4e1b-96bb-0a2086580380"'
    'x-ms-request-id': '66a398ee-b401-4005-b2d2-93df1853b02d'
    'x-ms-throttle-levels': 'REDACTED'
    'x-ms-correlation-request-id': 'REDACTED'
    'x-ms-arm-service-request-id': 'REDACTED'
    'Strict-Transport-Security': 'REDACTED'
    'x-ms-operation-identifier': 'REDACTED'
    'x-ms-ratelimit-remaining-subscription-reads': '247'
    'x-ms-ratelimit-remaining-subscription-global-reads': 'REDACTED'
    'x-ms-routing-request-id': 'REDACTED'
    'X-Content-Type-Options': 'REDACTED'
    'X-Cache': 'REDACTED'
    'X-MSEdge-Ref': 'Ref A: C70B8600B27D45D38C68C17BA131B142 Ref B: PNQ231110907031 Ref C: 2026-05-26T10:51:28Z'
    'Date': 'Tue, 26 May 2026 10:51:27 GMT'
2026-05-26 16:21:28,928 | INFO | HTTP rule created
2026-05-26 16:21:28,929 | INFO | Request URL: 'https://management.azure.com/subscriptions/a8bd7b1b-b9aa-4283-aec4-2040b847d926/resourceGroups/AutoProjectRG/providers/Microsoft.Network/networkSecurityGroups/ProjectNSG/securityRules/AllowHTTPS?api-version=2025-05-01'
Request method: 'PUT'
Request headers:
    'Content-Type': 'application/json'
    'Content-Length': '212'
    'Accept': 'application/json'
    'x-ms-client-request-id': 'd97ad9a2-58f0-11f1-a86b-4c034fe7e914'
    'User-Agent': 'azsdk-python-mgmt-network/30.2.0 Python/3.12.0 (Windows-11-10.0.22621-SP0)'
    'Authorization': 'REDACTED'
A body is sent with the request
2026-05-26 16:21:29,248 | INFO | Response status: 201
Response headers:
    'Cache-Control': 'no-cache'
    'Pragma': 'no-cache'
    'Content-Length': '644'
    'Content-Type': 'application/json; charset=utf-8'
    'Expires': '-1'
    'Retry-After': '1'
    'x-ms-request-id': '59770ca9-42c4-44f5-841c-cfc9056c45e3'
    'Azure-AsyncOperation': 'REDACTED'
    'x-ms-throttle-levels': 'REDACTED'
    'x-ms-correlation-request-id': 'REDACTED'
    'Azure-AsyncNotification': 'REDACTED'
    'x-ms-arm-service-request-id': 'REDACTED'
    'Strict-Transport-Security': 'REDACTED'
    'x-ms-operation-identifier': 'REDACTED'
    'x-ms-ratelimit-remaining-subscription-writes': '198'
    'x-ms-ratelimit-remaining-subscription-global-writes': 'REDACTED'
    'x-ms-routing-request-id': 'REDACTED'
    'X-Content-Type-Options': 'REDACTED'
    'X-Cache': 'REDACTED'
    'X-MSEdge-Ref': 'Ref A: 996036FE03CA45E98AF47846FB5DAC22 Ref B: PNQ231110907031 Ref C: 2026-05-26T10:51:28Z'
    'Date': 'Tue, 26 May 2026 10:51:28 GMT'
2026-05-26 16:21:29,248 | INFO | Request URL: 'https://management.azure.com/subscriptions/a8bd7b1b-b9aa-4283-aec4-2040b847d926/providers/Microsoft.Network/locations/centralindia/operations/59770ca9-42c4-44f5-841c-cfc9056c45e3?api-version=2025-05-01&t=REDACTED&c=REDACTED&s=REDACTED&h=REDACTED'
Request method: 'GET'
Request headers:
    'x-ms-client-request-id': 'd97ad9a2-58f0-11f1-a86b-4c034fe7e914'
    'User-Agent': 'azsdk-python-mgmt-network/30.2.0 Python/3.12.0 (Windows-11-10.0.22621-SP0)'
    'Authorization': 'REDACTED'
No body was attached to the request
2026-05-26 16:21:29,348 | INFO | Response status: 200
Response headers:
    'Cache-Control': 'no-cache'
    'Pragma': 'no-cache'
    'Content-Length': '23'
    'Content-Type': 'application/json; charset=utf-8'
    'Expires': '-1'
    'Retry-After': '1'
    'x-ms-request-id': 'b5aec2be-be1c-485f-a85a-fc83a34288c6'
    'x-ms-throttle-levels': 'REDACTED'
    'x-ms-correlation-request-id': 'REDACTED'
    'x-ms-arm-service-request-id': 'REDACTED'
    'Strict-Transport-Security': 'REDACTED'
    'x-ms-operation-identifier': 'REDACTED'
    'x-ms-ratelimit-remaining-subscription-reads': '248'
    'x-ms-ratelimit-remaining-subscription-global-reads': 'REDACTED'
    'x-ms-routing-request-id': 'REDACTED'
    'X-Content-Type-Options': 'REDACTED'
    'X-Cache': 'REDACTED'
    'X-MSEdge-Ref': 'Ref A: 46EA1294252F4BD2B9DB42FF20A08A37 Ref B: PNQ231110907031 Ref C: 2026-05-26T10:51:28Z'
    'Date': 'Tue, 26 May 2026 10:51:28 GMT'
2026-05-26 16:21:30,349 | INFO | Request URL: 'https://management.azure.com/subscriptions/a8bd7b1b-b9aa-4283-aec4-2040b847d926/providers/Microsoft.Network/locations/centralindia/operations/59770ca9-42c4-44f5-841c-cfc9056c45e3?api-version=2025-05-01&t=REDACTED&c=REDACTED&s=REDACTED&h=REDACTED'
Request method: 'GET'
Request headers:
    'x-ms-client-request-id': 'd97ad9a2-58f0-11f1-a86b-4c034fe7e914'
    'User-Agent': 'azsdk-python-mgmt-network/30.2.0 Python/3.12.0 (Windows-11-10.0.22621-SP0)'
    'Authorization': 'REDACTED'
No body was attached to the request
2026-05-26 16:21:31,398 | INFO | Response status: 200
Response headers:
    'Cache-Control': 'no-cache'
    'Pragma': 'no-cache'
    'Content-Length': '22'
    'Content-Type': 'application/json; charset=utf-8'
    'Expires': '-1'
    'x-ms-request-id': 'd45aea39-c169-4061-b2f9-0bc5772c3efe'
    'x-ms-throttle-levels': 'REDACTED'
    'x-ms-correlation-request-id': 'REDACTED'
    'x-ms-arm-service-request-id': 'REDACTED'
    'Strict-Transport-Security': 'REDACTED'
    'x-ms-operation-identifier': 'REDACTED'
    'x-ms-ratelimit-remaining-subscription-reads': '249'
    'x-ms-ratelimit-remaining-subscription-global-reads': 'REDACTED'
    'x-ms-routing-request-id': 'REDACTED'
    'X-Content-Type-Options': 'REDACTED'
    'X-Cache': 'REDACTED'
    'X-MSEdge-Ref': 'Ref A: 5E59CA4E825C4BE1B9465C027FFE3658 Ref B: PNQ231110907031 Ref C: 2026-05-26T10:51:30Z'
    'Date': 'Tue, 26 May 2026 10:51:30 GMT'
2026-05-26 16:21:31,398 | INFO | Request URL: 'https://management.azure.com/subscriptions/a8bd7b1b-b9aa-4283-aec4-2040b847d926/resourceGroups/AutoProjectRG/providers/Microsoft.Network/networkSecurityGroups/ProjectNSG/securityRules/AllowHTTPS?api-version=2025-05-01'
Request method: 'GET'
Request headers:
    'x-ms-client-request-id': 'd97ad9a2-58f0-11f1-a86b-4c034fe7e914'
    'User-Agent': 'azsdk-python-mgmt-network/30.2.0 Python/3.12.0 (Windows-11-10.0.22621-SP0)'
    'Authorization': 'REDACTED'
No body was attached to the request
2026-05-26 16:21:31,474 | INFO | Response status: 200
Response headers:
    'Cache-Control': 'no-cache'
    'Pragma': 'no-cache'
    'Content-Length': '645'
    'Content-Type': 'application/json; charset=utf-8'
    'Expires': '-1'
    'ETag': 'W/"7ae8a374-d8a1-4f0e-8e49-077290a80bc3"'
    'x-ms-request-id': '77d91966-93f2-4cb5-b061-02a68a421f71'
    'x-ms-throttle-levels': 'REDACTED'
    'x-ms-correlation-request-id': 'REDACTED'
    'x-ms-arm-service-request-id': 'REDACTED'
    'Strict-Transport-Security': 'REDACTED'
    'x-ms-operation-identifier': 'REDACTED'
    'x-ms-ratelimit-remaining-subscription-reads': '249'
    'x-ms-ratelimit-remaining-subscription-global-reads': 'REDACTED'
    'x-ms-routing-request-id': 'REDACTED'
    'X-Content-Type-Options': 'REDACTED'
    'X-Cache': 'REDACTED'
    'X-MSEdge-Ref': 'Ref A: FBAB58D6F5A6495CA453AE33C464DB79 Ref B: PNQ231110907031 Ref C: 2026-05-26T10:51:31Z'
    'Date': 'Tue, 26 May 2026 10:51:30 GMT'
2026-05-26 16:21:31,474 | INFO | HTTPS rule created
2026-05-26 16:21:31,475 | INFO | Request URL: 'https://management.azure.com/subscriptions/a8bd7b1b-b9aa-4283-aec4-2040b847d926/resourceGroups/AutoProjectRG/providers/Microsoft.Network/networkInterfaces/ProductionUbuntuVMNic?api-version=2025-05-01'
Request method: 'PUT'
Request headers:
    'Content-Type': 'application/json'
    'Content-Length': '634'
    'Accept': 'application/json'
    'x-ms-client-request-id': 'daff3f6b-58f0-11f1-bf8a-4c034fe7e914'
    'User-Agent': 'azsdk-python-mgmt-network/30.2.0 Python/3.12.0 (Windows-11-10.0.22621-SP0)'
    'Authorization': 'REDACTED'
A body is sent with the request
2026-05-26 16:21:31,999 | INFO | Response status: 201
Response headers:
    'Cache-Control': 'no-cache'
    'Pragma': 'no-cache'
    'Content-Length': '1887'
    'Content-Type': 'application/json; charset=utf-8'
    'Expires': '-1'
    'Retry-After': '1'
    'x-ms-request-id': '74c58766-84ab-4c96-a8a7-759e11fac823'
    'Azure-AsyncOperation': 'REDACTED'
    'x-ms-throttle-levels': 'REDACTED'
    'x-ms-correlation-request-id': 'REDACTED'
    'Azure-AsyncNotification': 'REDACTED'
    'x-ms-arm-service-request-id': 'REDACTED'
    'Strict-Transport-Security': 'REDACTED'
    'x-ms-operation-identifier': 'REDACTED'
    'x-ms-ratelimit-remaining-subscription-writes': '199'
    'x-ms-ratelimit-remaining-subscription-global-writes': 'REDACTED'
    'x-ms-routing-request-id': 'REDACTED'
    'X-Content-Type-Options': 'REDACTED'
    'X-Cache': 'REDACTED'
    'X-MSEdge-Ref': 'Ref A: 6D9AD0EB5178403DA5AF6882F01DC53F Ref B: PNQ231110907031 Ref C: 2026-05-26T10:51:31Z'
    'Date': 'Tue, 26 May 2026 10:51:30 GMT'
2026-05-26 16:21:32,000 | INFO | Request URL: 'https://management.azure.com/subscriptions/a8bd7b1b-b9aa-4283-aec4-2040b847d926/providers/Microsoft.Network/locations/centralindia/operations/74c58766-84ab-4c96-a8a7-759e11fac823?api-version=2025-05-01&t=REDACTED&c=REDACTED&s=REDACTED&h=REDACTED'
Request method: 'GET'
Request headers:
    'x-ms-client-request-id': 'daff3f6b-58f0-11f1-bf8a-4c034fe7e914'
    'User-Agent': 'azsdk-python-mgmt-network/30.2.0 Python/3.12.0 (Windows-11-10.0.22621-SP0)'
    'Authorization': 'REDACTED'
No body was attached to the request
2026-05-26 16:21:32,150 | INFO | Response status: 200
Response headers:
    'Cache-Control': 'no-cache'
    'Pragma': 'no-cache'
    'Content-Length': '23'
    'Content-Type': 'application/json; charset=utf-8'
    'Expires': '-1'
    'Retry-After': '1'
    'x-ms-request-id': '6742a1a2-fc64-4b1c-812a-a71a114d828e'
    'x-ms-throttle-levels': 'REDACTED'
    'x-ms-correlation-request-id': 'REDACTED'
    'x-ms-arm-service-request-id': 'REDACTED'
    'Strict-Transport-Security': 'REDACTED'
    'x-ms-operation-identifier': 'REDACTED'
    'x-ms-ratelimit-remaining-subscription-reads': '249'
    'x-ms-ratelimit-remaining-subscription-global-reads': 'REDACTED'
    'x-ms-routing-request-id': 'REDACTED'
    'X-Content-Type-Options': 'REDACTED'
    'X-Cache': 'REDACTED'
    'X-MSEdge-Ref': 'Ref A: DCCAB16D2E5C4344BDD328E7B08B26ED Ref B: PNQ231110907031 Ref C: 2026-05-26T10:51:31Z'
    'Date': 'Tue, 26 May 2026 10:51:30 GMT'
2026-05-26 16:21:33,151 | INFO | Request URL: 'https://management.azure.com/subscriptions/a8bd7b1b-b9aa-4283-aec4-2040b847d926/providers/Microsoft.Network/locations/centralindia/operations/74c58766-84ab-4c96-a8a7-759e11fac823?api-version=2025-05-01&t=REDACTED&c=REDACTED&s=REDACTED&h=REDACTED'
Request method: 'GET'
Request headers:
    'x-ms-client-request-id': 'daff3f6b-58f0-11f1-bf8a-4c034fe7e914'
    'User-Agent': 'azsdk-python-mgmt-network/30.2.0 Python/3.12.0 (Windows-11-10.0.22621-SP0)'
    'Authorization': 'REDACTED'
No body was attached to the request
2026-05-26 16:21:33,462 | INFO | Response status: 200
Response headers:
    'Cache-Control': 'no-cache'
    'Pragma': 'no-cache'
    'Content-Length': '22'
    'Content-Type': 'application/json; charset=utf-8'
    'Expires': '-1'
    'x-ms-request-id': '28190f29-5c93-4815-a4c7-1b35fc5f91e4'
    'x-ms-throttle-levels': 'REDACTED'
    'x-ms-correlation-request-id': 'REDACTED'
    'x-ms-arm-service-request-id': 'REDACTED'
    'Strict-Transport-Security': 'REDACTED'
    'x-ms-operation-identifier': 'REDACTED'
    'x-ms-ratelimit-remaining-subscription-reads': '249'
    'x-ms-ratelimit-remaining-subscription-global-reads': 'REDACTED'
    'x-ms-routing-request-id': 'REDACTED'
    'X-Content-Type-Options': 'REDACTED'
    'X-Cache': 'REDACTED'
    'X-MSEdge-Ref': 'Ref A: CC9F5067DB5D4939A316805D8BC7F406 Ref B: PNQ231110907031 Ref C: 2026-05-26T10:51:32Z'
    'Date': 'Tue, 26 May 2026 10:51:32 GMT'
2026-05-26 16:21:33,463 | INFO | Request URL: 'https://management.azure.com/subscriptions/a8bd7b1b-b9aa-4283-aec4-2040b847d926/resourceGroups/AutoProjectRG/providers/Microsoft.Network/networkInterfaces/ProductionUbuntuVMNic?api-version=2025-05-01'
Request method: 'GET'
Request headers:
    'x-ms-client-request-id': 'daff3f6b-58f0-11f1-bf8a-4c034fe7e914'
    'User-Agent': 'azsdk-python-mgmt-network/30.2.0 Python/3.12.0 (Windows-11-10.0.22621-SP0)'
    'Authorization': 'REDACTED'
No body was attached to the request
2026-05-26 16:21:33,794 | INFO | Response status: 200
Response headers:
    'Cache-Control': 'no-cache'
    'Pragma': 'no-cache'
    'Content-Length': '1889'
    'Content-Type': 'application/json; charset=utf-8'
    'Expires': '-1'
    'ETag': 'W/"bd0b0d3d-2e12-4bf3-a035-1ddc88fd9b29"'
    'x-ms-request-id': 'c863015a-9776-476f-ab9e-c0565561c73a'
    'x-ms-throttle-levels': 'REDACTED'
    'x-ms-correlation-request-id': 'REDACTED'
    'x-ms-arm-service-request-id': 'REDACTED'
    'Strict-Transport-Security': 'REDACTED'
    'x-ms-ratelimit-remaining-subscription-reads': '249'
    'x-ms-ratelimit-remaining-subscription-global-reads': 'REDACTED'
    'x-ms-routing-request-id': 'REDACTED'
    'X-Content-Type-Options': 'REDACTED'
    'X-Cache': 'REDACTED'
    'X-MSEdge-Ref': 'Ref A: 7213466FF34E452BB02B08D7583BFFE3 Ref B: PNQ231110907031 Ref C: 2026-05-26T10:51:33Z'
    'Date': 'Tue, 26 May 2026 10:51:32 GMT'
2026-05-26 16:21:33,795 | INFO | NIC created
2026-05-26 16:21:34,470 | INFO | AzureCliCredential.get_token_info succeeded
2026-05-26 16:21:34,470 | INFO | Request URL: 'https://management.azure.com/subscriptions/a8bd7b1b-b9aa-4283-aec4-2040b847d926/resourceGroups/AutoProjectRG/providers/Microsoft.Compute/virtualMachines/ProductionUbuntuVM?api-version=2025-11-01'
Request method: 'PUT'
Request headers:
    'Content-Type': 'application/json'
    'Content-Length': '1197'
    'Accept': 'application/json'
    'x-ms-client-request-id': 'dc6464a7-58f0-11f1-9126-4c034fe7e914'
    'User-Agent': 'azsdk-python-mgmt-compute/38.0.0 Python/3.12.0 (Windows-11-10.0.22621-SP0)'
    'Authorization': 'REDACTED'
A body is sent with the request
2026-05-26 16:21:34,777 | INFO | Request URL: 'https://management.azure.com/subscriptions/a8bd7b1b-b9aa-4283-aec4-2040b847d926/resourceGroups/AutoProjectRG/providers/Microsoft.Compute/virtualMachines/ProductionUbuntuVM?api-version=2025-11-01'
Request method: 'PUT'
Request headers:
    'Content-Type': 'application/json'
    'Content-Length': '1197'
    'Accept': 'application/json'
    'x-ms-client-request-id': 'dc6464a7-58f0-11f1-9126-4c034fe7e914'
    'User-Agent': 'azsdk-python-mgmt-compute/38.0.0 Python/3.12.0 (Windows-11-10.0.22621-SP0)'
    'Authorization': 'REDACTED'
A body is sent with the request
2026-05-26 16:21:36,470 | INFO | Response status: 201
Response headers:
    'Cache-Control': 'no-cache'
    'Pragma': 'no-cache'
    'Content-Length': '2470'
    'Content-Type': 'application/json; charset=utf-8'
    'Expires': '-1'
    'ETag': '"1"'
    'Retry-After': '10'
    'Azure-AsyncOperation': 'REDACTED'
    'azure-asyncnotification': 'REDACTED'
    'x-ms-ratelimit-remaining-resource': 'Microsoft.Compute/PutVMSubscriptionMaximum;1499,Microsoft.Compute/PutVMResource;11'
    'x-ms-need-to-refresh-epl-cache': 'REDACTED'
    'Strict-Transport-Security': 'REDACTED'
    'x-ms-request-id': '7fbba903-1255-4500-8710-3538ab35d010'
    'x-ms-operation-identifier': 'REDACTED'
    'x-ms-ratelimit-remaining-subscription-writes': '199'
    'x-ms-ratelimit-remaining-subscription-global-writes': 'REDACTED'
    'x-ms-correlation-request-id': 'REDACTED'
    'x-ms-routing-request-id': 'REDACTED'
    'X-Content-Type-Options': 'REDACTED'
    'X-Cache': 'REDACTED'
    'X-MSEdge-Ref': 'Ref A: EA96703B282E41A5B3FE21299C065245 Ref B: PNQ231110907034 Ref C: 2026-05-26T10:51:34Z'
    'Date': 'Tue, 26 May 2026 10:51:35 GMT'
2026-05-26 16:21:36,471 | INFO | Request URL: 'https://management.azure.com/subscriptions/a8bd7b1b-b9aa-4283-aec4-2040b847d926/providers/Microsoft.Compute/locations/CentralIndia/operations/7fbba903-1255-4500-8710-3538ab35d010?p=REDACTED&api-version=2025-11-01&t=REDACTED&c=REDACTED&s=REDACTED&h=REDACTED'
Request method: 'GET'
Request headers:
    'x-ms-client-request-id': 'dc6464a7-58f0-11f1-9126-4c034fe7e914'
    'User-Agent': 'azsdk-python-mgmt-compute/38.0.0 Python/3.12.0 (Windows-11-10.0.22621-SP0)'
    'Authorization': 'REDACTED'
No body was attached to the request
2026-05-26 16:21:36,922 | INFO | Response status: 200
Response headers:
    'Cache-Control': 'no-cache'
    'Pragma': 'no-cache'
    'Content-Length': '134'
    'Content-Type': 'application/json; charset=utf-8'
    'Expires': '-1'
    'Retry-After': '35'
    'x-ms-ratelimit-remaining-resource': 'Microsoft.Compute/GetOperationResource;44,Microsoft.Compute/GetOperationSubscriptionMaximum;14999'
    'x-ms-need-to-refresh-epl-cache': 'REDACTED'
    'Strict-Transport-Security': 'REDACTED'
    'x-ms-request-id': '498001cc-39a2-43e3-88bd-444cf819f8a2'
    'x-ms-operation-identifier': 'REDACTED'
    'x-ms-ratelimit-remaining-subscription-reads': '249'
    'x-ms-ratelimit-remaining-subscription-global-reads': 'REDACTED'
    'x-ms-correlation-request-id': 'REDACTED'
    'x-ms-routing-request-id': 'REDACTED'
    'X-Content-Type-Options': 'REDACTED'
    'X-Cache': 'REDACTED'
    'X-MSEdge-Ref': 'Ref A: CD1155E7EED7445B97451B178CDD4E56 Ref B: PNQ231110907034 Ref C: 2026-05-26T10:51:36Z'
    'Date': 'Tue, 26 May 2026 10:51:35 GMT'
2026-05-26 16:22:11,923 | INFO | Request URL: 'https://management.azure.com/subscriptions/a8bd7b1b-b9aa-4283-aec4-2040b847d926/providers/Microsoft.Compute/locations/CentralIndia/operations/7fbba903-1255-4500-8710-3538ab35d010?p=REDACTED&api-version=2025-11-01&t=REDACTED&c=REDACTED&s=REDACTED&h=REDACTED'
Request method: 'GET'
Request headers:
    'x-ms-client-request-id': 'dc6464a7-58f0-11f1-9126-4c034fe7e914'
    'User-Agent': 'azsdk-python-mgmt-compute/38.0.0 Python/3.12.0 (Windows-11-10.0.22621-SP0)'
    'Authorization': 'REDACTED'
No body was attached to the request
2026-05-26 16:22:12,252 | INFO | Response status: 200
Response headers:
    'Cache-Control': 'no-cache'
    'Pragma': 'no-cache'
    'Content-Length': '184'
    'Content-Type': 'application/json; charset=utf-8'
    'Expires': '-1'
    'x-ms-ratelimit-remaining-resource': 'Microsoft.Compute/GetOperationResource;43,Microsoft.Compute/GetOperationSubscriptionMaximum;14998'
    'x-ms-need-to-refresh-epl-cache': 'REDACTED'
    'Strict-Transport-Security': 'REDACTED'
    'x-ms-request-id': '7a65247e-3f14-4d93-8559-a227b6c1f6be'
    'x-ms-operation-identifier': 'REDACTED'
    'x-ms-ratelimit-remaining-subscription-reads': '249'
    'x-ms-ratelimit-remaining-subscription-global-reads': 'REDACTED'
    'x-ms-correlation-request-id': 'REDACTED'
    'x-ms-routing-request-id': 'REDACTED'
    'X-Content-Type-Options': 'REDACTED'
    'X-Cache': 'REDACTED'
    'X-MSEdge-Ref': 'Ref A: BCA55EC8487C4826A3FC806E66A308AE Ref B: PNQ231110907034 Ref C: 2026-05-26T10:52:11Z'
    'Date': 'Tue, 26 May 2026 10:52:10 GMT'
2026-05-26 16:22:12,252 | INFO | Request URL: 'https://management.azure.com/subscriptions/a8bd7b1b-b9aa-4283-aec4-2040b847d926/resourceGroups/AutoProjectRG/providers/Microsoft.Compute/virtualMachines/ProductionUbuntuVM?api-version=2025-11-01'
Request method: 'GET'
Request headers:
    'x-ms-client-request-id': 'dc6464a7-58f0-11f1-9126-4c034fe7e914'
    'User-Agent': 'azsdk-python-mgmt-compute/38.0.0 Python/3.12.0 (Windows-11-10.0.22621-SP0)'
    'Authorization': 'REDACTED'
No body was attached to the request
2026-05-26 16:22:12,603 | INFO | Response status: 200
Response headers:
    'Cache-Control': 'no-cache'
    'Pragma': 'no-cache'
    'Content-Length': '2748'
    'Content-Type': 'application/json; charset=utf-8'
    'Expires': '-1'
    'ETag': '"1"'
    'x-ms-ratelimit-remaining-resource': 'Microsoft.Compute/LowCostGetSubscriptionMaximum;23997,Microsoft.Compute/LowCostGetResource;33'
    'x-ms-need-to-refresh-epl-cache': 'REDACTED'
    'Strict-Transport-Security': 'REDACTED'
    'x-ms-request-id': '9b246dbf-6494-4c38-af9f-d887cd8d91b9'
    'x-ms-ratelimit-remaining-subscription-reads': '249'
    'x-ms-ratelimit-remaining-subscription-global-reads': 'REDACTED'
    'x-ms-correlation-request-id': 'REDACTED'
    'x-ms-routing-request-id': 'REDACTED'
    'X-Content-Type-Options': 'REDACTED'
    'X-Cache': 'REDACTED'
    'X-MSEdge-Ref': 'Ref A: FF1EAF4392D542F9BDBC4193C680123F Ref B: PNQ231110907034 Ref C: 2026-05-26T10:52:11Z'
    'Date': 'Tue, 26 May 2026 10:52:11 GMT'
2026-05-26 16:22:12,607 | INFO | VM created successfully
2026-05-26 16:35:16,741 | INFO | Infrastructure creation started
2026-05-26 16:35:17,547 | INFO | AzureCliCredential.get_token_info succeeded
2026-05-26 16:35:17,548 | INFO | Request URL: 'https://management.azure.com/subscriptions/a8bd7b1b-b9aa-4283-aec4-2040b847d926/resourcegroups/AutoProjectRG?api-version=2025-04-01'
Request method: 'HEAD'
Request headers:
    'Accept': 'application/json'
    'x-ms-client-request-id': 'c6e4e48b-58f2-11f1-acd2-4c034fe7e914'
    'User-Agent': 'azsdk-python-mgmt-resource/25.0.0 Python/3.12.0 (Windows-11-10.0.22621-SP0)'
    'Authorization': 'REDACTED'
No body was attached to the request
2026-05-26 16:35:18,782 | INFO | Response status: 404
Response headers:
    'Cache-Control': 'no-cache'
    'Pragma': 'no-cache'
    'Content-Length': '0'
    'Expires': '-1'
    'x-ms-failure-cause': 'REDACTED'
    'x-ms-ratelimit-remaining-subscription-reads': '249'
    'x-ms-ratelimit-remaining-subscription-global-reads': 'REDACTED'
    'x-ms-request-id': 'c04b3f5a-6f56-4f35-b190-9d97b8d89f96'
    'x-ms-correlation-request-id': 'REDACTED'
    'x-ms-routing-request-id': 'REDACTED'
    'Strict-Transport-Security': 'REDACTED'
    'X-Content-Type-Options': 'REDACTED'
    'X-Cache': 'REDACTED'
    'X-MSEdge-Ref': 'Ref A: DD66A2B56CC246E2BBA023915C4C93E8 Ref B: PNQ231110906052 Ref C: 2026-05-26T11:05:17Z'
    'Date': 'Tue, 26 May 2026 11:05:18 GMT'
2026-05-26 16:35:18,782 | INFO | Request URL: 'https://management.azure.com/subscriptions/a8bd7b1b-b9aa-4283-aec4-2040b847d926/resourcegroups/AutoProjectRG?api-version=2025-04-01'
Request method: 'PUT'
Request headers:
    'Content-Type': 'application/json'
    'Content-Length': '28'
    'Accept': 'application/json'
    'x-ms-client-request-id': 'c81c40fd-58f2-11f1-897c-4c034fe7e914'
    'User-Agent': 'azsdk-python-mgmt-resource/25.0.0 Python/3.12.0 (Windows-11-10.0.22621-SP0)'
    'Authorization': 'REDACTED'
A body is sent with the request
2026-05-26 16:35:21,646 | INFO | Response status: 201
Response headers:
    'Cache-Control': 'no-cache'
    'Pragma': 'no-cache'
    'Content-Length': '229'
    'Content-Type': 'application/json; charset=utf-8'
    'Expires': '-1'
    'x-ms-ratelimit-remaining-subscription-writes': '199'
    'x-ms-ratelimit-remaining-subscription-global-writes': 'REDACTED'
    'x-ms-request-id': '1b628d69-9297-4b95-bfe6-692402c5fbdf'
    'x-ms-correlation-request-id': 'REDACTED'
    'x-ms-routing-request-id': 'REDACTED'
    'Strict-Transport-Security': 'REDACTED'
    'X-Content-Type-Options': 'REDACTED'
    'X-Cache': 'REDACTED'
    'X-MSEdge-Ref': 'Ref A: 06AEB5641A814F3DBCD32BE6E6C5CA54 Ref B: PNQ231110906052 Ref C: 2026-05-26T11:05:18Z'
    'Date': 'Tue, 26 May 2026 11:05:21 GMT'
2026-05-26 16:35:21,649 | INFO | Resource Group created: AutoProjectRG
2026-05-26 16:35:22,544 | INFO | AzureCliCredential.get_token_info succeeded
2026-05-26 16:35:22,544 | INFO | Request URL: 'https://management.azure.com/subscriptions/a8bd7b1b-b9aa-4283-aec4-2040b847d926/resourceGroups/AutoProjectRG/providers/Microsoft.Network/virtualNetworks/ProjectVNet?api-version=2025-05-01'
Request method: 'PUT'
Request headers:
    'Content-Type': 'application/json'
    'Content-Length': '98'
    'Accept': 'application/json'
    'x-ms-client-request-id': 'c9d1df58-58f2-11f1-bdf2-4c034fe7e914'
    'User-Agent': 'azsdk-python-mgmt-network/30.2.0 Python/3.12.0 (Windows-11-10.0.22621-SP0)'
    'Authorization': 'REDACTED'
A body is sent with the request
2026-05-26 16:35:23,656 | INFO | Response status: 201
Response headers:
    'Cache-Control': 'no-cache'
    'Pragma': 'no-cache'
    'Content-Length': '549'
    'Content-Type': 'application/json; charset=utf-8'
    'Expires': '-1'
    'Retry-After': '3'
    'x-ms-request-id': '4bf700d9-ef1a-47d0-975a-e9fbec43ab94'
    'Azure-AsyncOperation': 'REDACTED'
    'x-ms-throttle-levels': 'REDACTED'
    'x-ms-correlation-request-id': 'REDACTED'
    'Azure-AsyncNotification': 'REDACTED'
    'x-ms-arm-service-request-id': 'REDACTED'
    'Strict-Transport-Security': 'REDACTED'
    'x-ms-operation-identifier': 'REDACTED'
    'x-ms-ratelimit-remaining-subscription-writes': '199'
    'x-ms-ratelimit-remaining-subscription-global-writes': 'REDACTED'
    'x-ms-routing-request-id': 'REDACTED'
    'X-Content-Type-Options': 'REDACTED'
    'X-Cache': 'REDACTED'
    'X-MSEdge-Ref': 'Ref A: DEBD94E1D70C43DFAC7036DC6AF006A0 Ref B: PNQ231110908023 Ref C: 2026-05-26T11:05:22Z'
    'Date': 'Tue, 26 May 2026 11:05:23 GMT'
2026-05-26 16:35:23,657 | INFO | Request URL: 'https://management.azure.com/subscriptions/a8bd7b1b-b9aa-4283-aec4-2040b847d926/providers/Microsoft.Network/locations/centralindia/operations/4bf700d9-ef1a-47d0-975a-e9fbec43ab94?api-version=2025-05-01&t=REDACTED&c=REDACTED&s=REDACTED&h=REDACTED'
Request method: 'GET'
Request headers:
    'x-ms-client-request-id': 'c9d1df58-58f2-11f1-bdf2-4c034fe7e914'
    'User-Agent': 'azsdk-python-mgmt-network/30.2.0 Python/3.12.0 (Windows-11-10.0.22621-SP0)'
    'Authorization': 'REDACTED'
No body was attached to the request
2026-05-26 16:35:24,171 | INFO | Response status: 200
Response headers:
    'Cache-Control': 'no-cache'
    'Pragma': 'no-cache'
    'Content-Length': '23'
    'Content-Type': 'application/json; charset=utf-8'
    'Expires': '-1'
    'Retry-After': '10'
    'x-ms-request-id': '7394d2cc-f11a-430e-9ed1-dbfc9218b62d'
    'x-ms-throttle-levels': 'REDACTED'
    'x-ms-correlation-request-id': 'REDACTED'
    'x-ms-arm-service-request-id': 'REDACTED'
    'Strict-Transport-Security': 'REDACTED'
    'x-ms-operation-identifier': 'REDACTED'
    'x-ms-ratelimit-remaining-subscription-reads': '249'
    'x-ms-ratelimit-remaining-subscription-global-reads': 'REDACTED'
    'x-ms-routing-request-id': 'REDACTED'
    'X-Content-Type-Options': 'REDACTED'
    'X-Cache': 'REDACTED'
    'X-MSEdge-Ref': 'Ref A: 6F7455A1934D40FD821B626AEF2BFE65 Ref B: PNQ231110908023 Ref C: 2026-05-26T11:05:23Z'
    'Date': 'Tue, 26 May 2026 11:05:23 GMT'
2026-05-26 16:35:34,172 | INFO | Request URL: 'https://management.azure.com/subscriptions/a8bd7b1b-b9aa-4283-aec4-2040b847d926/providers/Microsoft.Network/locations/centralindia/operations/4bf700d9-ef1a-47d0-975a-e9fbec43ab94?api-version=2025-05-01&t=REDACTED&c=REDACTED&s=REDACTED&h=REDACTED'
Request method: 'GET'
Request headers:
    'x-ms-client-request-id': 'c9d1df58-58f2-11f1-bdf2-4c034fe7e914'
    'User-Agent': 'azsdk-python-mgmt-network/30.2.0 Python/3.12.0 (Windows-11-10.0.22621-SP0)'
    'Authorization': 'REDACTED'
No body was attached to the request
2026-05-26 16:35:34,567 | INFO | Response status: 200
Response headers:
    'Cache-Control': 'no-cache'
    'Pragma': 'no-cache'
    'Content-Length': '22'
    'Content-Type': 'application/json; charset=utf-8'
    'Expires': '-1'
    'x-ms-request-id': 'e0fe5b62-c683-4f66-aa7d-d2fac988049e'
    'x-ms-throttle-levels': 'REDACTED'
    'x-ms-correlation-request-id': 'REDACTED'
    'x-ms-arm-service-request-id': 'REDACTED'
    'Strict-Transport-Security': 'REDACTED'
    'x-ms-operation-identifier': 'REDACTED'
    'x-ms-ratelimit-remaining-subscription-reads': '249'
    'x-ms-ratelimit-remaining-subscription-global-reads': 'REDACTED'
    'x-ms-routing-request-id': 'REDACTED'
    'X-Content-Type-Options': 'REDACTED'
    'X-Cache': 'REDACTED'
    'X-MSEdge-Ref': 'Ref A: F027828CD4D040EB86D945EADE90BFD8 Ref B: PNQ231110908023 Ref C: 2026-05-26T11:05:33Z'
    'Date': 'Tue, 26 May 2026 11:05:34 GMT'
2026-05-26 16:35:34,567 | INFO | Request URL: 'https://management.azure.com/subscriptions/a8bd7b1b-b9aa-4283-aec4-2040b847d926/resourceGroups/AutoProjectRG/providers/Microsoft.Network/virtualNetworks/ProjectVNet?api-version=2025-05-01'
Request method: 'GET'
Request headers:
    'x-ms-client-request-id': 'c9d1df58-58f2-11f1-bdf2-4c034fe7e914'
    'User-Agent': 'azsdk-python-mgmt-network/30.2.0 Python/3.12.0 (Windows-11-10.0.22621-SP0)'
    'Authorization': 'REDACTED'
No body was attached to the request
2026-05-26 16:35:34,873 | INFO | Response status: 200
Response headers:
    'Cache-Control': 'no-cache'
    'Pragma': 'no-cache'
    'Content-Length': '550'
    'Content-Type': 'application/json; charset=utf-8'
    'Expires': '-1'
    'x-ms-request-id': 'de96d0ba-8f97-4db9-b4ce-aef3caf06383'
    'x-ms-throttle-levels': 'REDACTED'
    'x-ms-correlation-request-id': 'REDACTED'
    'x-ms-arm-service-request-id': 'REDACTED'
    'Strict-Transport-Security': 'REDACTED'
    'x-ms-ratelimit-remaining-subscription-reads': '249'
    'x-ms-ratelimit-remaining-subscription-global-reads': 'REDACTED'
    'x-ms-routing-request-id': 'REDACTED'
    'X-Content-Type-Options': 'REDACTED'
    'X-Cache': 'REDACTED'
    'X-MSEdge-Ref': 'Ref A: 88791BBDE1E94B09B824D0180E76BF47 Ref B: PNQ231110908023 Ref C: 2026-05-26T11:05:34Z'
    'Date': 'Tue, 26 May 2026 11:05:34 GMT'
2026-05-26 16:35:34,874 | INFO | Virtual Network created
2026-05-26 16:35:34,876 | INFO | Request URL: 'https://management.azure.com/subscriptions/a8bd7b1b-b9aa-4283-aec4-2040b847d926/resourceGroups/AutoProjectRG/providers/Microsoft.Network/virtualNetworks/ProjectVNet/subnets/DefaultSubnet?api-version=2025-05-01'
Request method: 'PUT'
Request headers:
    'Content-Type': 'application/json'
    'Content-Length': '48'
    'Accept': 'application/json'
    'x-ms-client-request-id': 'd1b3f522-58f2-11f1-a15c-4c034fe7e914'
    'User-Agent': 'azsdk-python-mgmt-network/30.2.0 Python/3.12.0 (Windows-11-10.0.22621-SP0)'
    'Authorization': 'REDACTED'
A body is sent with the request
2026-05-26 16:35:35,194 | INFO | Response status: 201
Response headers:
    'Cache-Control': 'no-cache'
    'Pragma': 'no-cache'
    'Content-Length': '476'
    'Content-Type': 'application/json; charset=utf-8'
    'Expires': '-1'
    'Retry-After': '3'
    'x-ms-request-id': '02ec9af6-4943-410e-bb90-c74b1a996dfb'
    'Azure-AsyncOperation': 'REDACTED'
    'x-ms-throttle-levels': 'REDACTED'
    'x-ms-correlation-request-id': 'REDACTED'
    'Azure-AsyncNotification': 'REDACTED'
    'x-ms-arm-service-request-id': 'REDACTED'
    'Strict-Transport-Security': 'REDACTED'
    'x-ms-operation-identifier': 'REDACTED'
    'x-ms-ratelimit-remaining-subscription-writes': '199'
    'x-ms-ratelimit-remaining-subscription-global-writes': 'REDACTED'
    'x-ms-routing-request-id': 'REDACTED'
    'X-Content-Type-Options': 'REDACTED'
    'X-Cache': 'REDACTED'
    'X-MSEdge-Ref': 'Ref A: 7C5ED8095EFD4810B6713E9329EF975D Ref B: PNQ231110908023 Ref C: 2026-05-26T11:05:34Z'
    'Date': 'Tue, 26 May 2026 11:05:34 GMT'
2026-05-26 16:35:35,195 | INFO | Request URL: 'https://management.azure.com/subscriptions/a8bd7b1b-b9aa-4283-aec4-2040b847d926/providers/Microsoft.Network/locations/centralindia/operations/02ec9af6-4943-410e-bb90-c74b1a996dfb?api-version=2025-05-01&t=REDACTED&c=REDACTED&s=REDACTED&h=REDACTED'
Request method: 'GET'
Request headers:
    'x-ms-client-request-id': 'd1b3f522-58f2-11f1-a15c-4c034fe7e914'
    'User-Agent': 'azsdk-python-mgmt-network/30.2.0 Python/3.12.0 (Windows-11-10.0.22621-SP0)'
    'Authorization': 'REDACTED'
No body was attached to the request
2026-05-26 16:35:35,313 | INFO | Response status: 200
Response headers:
    'Cache-Control': 'no-cache'
    'Pragma': 'no-cache'
    'Content-Length': '23'
    'Content-Type': 'application/json; charset=utf-8'
    'Expires': '-1'
    'Retry-After': '10'
    'x-ms-request-id': '3d710205-dc30-40dc-a9ea-4b3c88838f9e'
    'x-ms-throttle-levels': 'REDACTED'
    'x-ms-correlation-request-id': 'REDACTED'
    'x-ms-arm-service-request-id': 'REDACTED'
    'Strict-Transport-Security': 'REDACTED'
    'x-ms-operation-identifier': 'REDACTED'
    'x-ms-ratelimit-remaining-subscription-reads': '249'
    'x-ms-ratelimit-remaining-subscription-global-reads': 'REDACTED'
    'x-ms-routing-request-id': 'REDACTED'
    'X-Content-Type-Options': 'REDACTED'
    'X-Cache': 'REDACTED'
    'X-MSEdge-Ref': 'Ref A: 83ACD10A78A54B43844F0B3BEE6D080B Ref B: PNQ231110908023 Ref C: 2026-05-26T11:05:34Z'
    'Date': 'Tue, 26 May 2026 11:05:34 GMT'
2026-05-26 16:35:45,315 | INFO | Request URL: 'https://management.azure.com/subscriptions/a8bd7b1b-b9aa-4283-aec4-2040b847d926/providers/Microsoft.Network/locations/centralindia/operations/02ec9af6-4943-410e-bb90-c74b1a996dfb?api-version=2025-05-01&t=REDACTED&c=REDACTED&s=REDACTED&h=REDACTED'
Request method: 'GET'
Request headers:
    'x-ms-client-request-id': 'd1b3f522-58f2-11f1-a15c-4c034fe7e914'
    'User-Agent': 'azsdk-python-mgmt-network/30.2.0 Python/3.12.0 (Windows-11-10.0.22621-SP0)'
    'Authorization': 'REDACTED'
No body was attached to the request
2026-05-26 16:35:45,904 | INFO | Response status: 200
Response headers:
    'Cache-Control': 'no-cache'
    'Pragma': 'no-cache'
    'Content-Length': '22'
    'Content-Type': 'application/json; charset=utf-8'
    'Expires': '-1'
    'x-ms-request-id': '429de3c1-e6d4-4b28-beca-f885e420af50'
    'x-ms-throttle-levels': 'REDACTED'
    'x-ms-correlation-request-id': 'REDACTED'
    'x-ms-arm-service-request-id': 'REDACTED'
    'Strict-Transport-Security': 'REDACTED'
    'x-ms-operation-identifier': 'REDACTED'
    'x-ms-ratelimit-remaining-subscription-reads': '249'
    'x-ms-ratelimit-remaining-subscription-global-reads': 'REDACTED'
    'x-ms-routing-request-id': 'REDACTED'
    'X-Content-Type-Options': 'REDACTED'
    'X-Cache': 'REDACTED'
    'X-MSEdge-Ref': 'Ref A: E8FB37CBCB664177881927F6B26F10F1 Ref B: PNQ231110908023 Ref C: 2026-05-26T11:05:45Z'
    'Date': 'Tue, 26 May 2026 11:05:45 GMT'
2026-05-26 16:35:45,905 | INFO | Request URL: 'https://management.azure.com/subscriptions/a8bd7b1b-b9aa-4283-aec4-2040b847d926/resourceGroups/AutoProjectRG/providers/Microsoft.Network/virtualNetworks/ProjectVNet/subnets/DefaultSubnet?api-version=2025-05-01'
Request method: 'GET'
Request headers:
    'x-ms-client-request-id': 'd1b3f522-58f2-11f1-a15c-4c034fe7e914'
    'User-Agent': 'azsdk-python-mgmt-network/30.2.0 Python/3.12.0 (Windows-11-10.0.22621-SP0)'
    'Authorization': 'REDACTED'
No body was attached to the request
2026-05-26 16:35:45,993 | INFO | Response status: 200
Response headers:
    'Cache-Control': 'no-cache'
    'Pragma': 'no-cache'
    'Content-Length': '477'
    'Content-Type': 'application/json; charset=utf-8'
    'Expires': '-1'
    'ETag': 'W/"72b24ddf-1b2b-4f9d-878d-5f2af36a15d7"'
    'x-ms-request-id': '3ca30cfe-4b91-44c2-9e21-63a2eff2223d'
    'x-ms-throttle-levels': 'REDACTED'
    'x-ms-correlation-request-id': 'REDACTED'
    'x-ms-arm-service-request-id': 'REDACTED'
    'Strict-Transport-Security': 'REDACTED'
    'x-ms-operation-identifier': 'REDACTED'
    'x-ms-ratelimit-remaining-subscription-reads': '249'
    'x-ms-ratelimit-remaining-subscription-global-reads': 'REDACTED'
    'x-ms-routing-request-id': 'REDACTED'
    'X-Content-Type-Options': 'REDACTED'
    'X-Cache': 'REDACTED'
    'X-MSEdge-Ref': 'Ref A: 3CA9F840BF7E4696A3B1205E748F4B16 Ref B: PNQ231110908023 Ref C: 2026-05-26T11:05:45Z'
    'Date': 'Tue, 26 May 2026 11:05:45 GMT'
2026-05-26 16:35:45,995 | INFO | Subnet created
2026-05-26 16:35:45,996 | INFO | Request URL: 'https://management.azure.com/subscriptions/a8bd7b1b-b9aa-4283-aec4-2040b847d926/resourceGroups/AutoProjectRG/providers/Microsoft.Network/publicIPAddresses/ProjectPublicIP?api-version=2025-05-01'
Request method: 'PUT'
Request headers:
    'Content-Type': 'application/json'
    'Content-Length': '111'
    'Accept': 'application/json'
    'x-ms-client-request-id': 'd854daf5-58f2-11f1-82be-4c034fe7e914'
    'User-Agent': 'azsdk-python-mgmt-network/30.2.0 Python/3.12.0 (Windows-11-10.0.22621-SP0)'
    'Authorization': 'REDACTED'
A body is sent with the request
2026-05-26 16:35:46,759 | INFO | Response status: 201
Response headers:
    'Cache-Control': 'no-cache'
    'Pragma': 'no-cache'
    'Content-Length': '608'
    'Content-Type': 'application/json; charset=utf-8'
    'Expires': '-1'
    'Retry-After': '1'
    'x-ms-request-id': '441d701d-878b-49ec-8f44-a0c5b957e79b'
    'Azure-AsyncOperation': 'REDACTED'
    'x-ms-throttle-levels': 'REDACTED'
    'x-ms-correlation-request-id': 'REDACTED'
    'Azure-AsyncNotification': 'REDACTED'
    'x-ms-arm-service-request-id': 'REDACTED'
    'Strict-Transport-Security': 'REDACTED'
    'x-ms-operation-identifier': 'REDACTED'
    'x-ms-ratelimit-remaining-subscription-writes': '199'
    'x-ms-ratelimit-remaining-subscription-global-writes': 'REDACTED'
    'x-ms-routing-request-id': 'REDACTED'
    'X-Content-Type-Options': 'REDACTED'
    'X-Cache': 'REDACTED'
    'X-MSEdge-Ref': 'Ref A: 5EB7A6A80CE7448A820D4129F7A697B1 Ref B: PNQ231110908023 Ref C: 2026-05-26T11:05:45Z'
    'Date': 'Tue, 26 May 2026 11:05:46 GMT'
2026-05-26 16:35:46,761 | INFO | Request URL: 'https://management.azure.com/subscriptions/a8bd7b1b-b9aa-4283-aec4-2040b847d926/providers/Microsoft.Network/locations/centralindia/operations/441d701d-878b-49ec-8f44-a0c5b957e79b?api-version=2025-05-01&t=REDACTED&c=REDACTED&s=REDACTED&h=REDACTED'
Request method: 'GET'
Request headers:
    'x-ms-client-request-id': 'd854daf5-58f2-11f1-82be-4c034fe7e914'
    'User-Agent': 'azsdk-python-mgmt-network/30.2.0 Python/3.12.0 (Windows-11-10.0.22621-SP0)'
    'Authorization': 'REDACTED'
No body was attached to the request
2026-05-26 16:35:47,047 | INFO | Response status: 200
Response headers:
    'Cache-Control': 'no-cache'
    'Pragma': 'no-cache'
    'Content-Length': '22'
    'Content-Type': 'application/json; charset=utf-8'
    'Expires': '-1'
    'x-ms-request-id': 'bcdba8b4-aa16-4945-a15e-9bdeefe748bf'
    'x-ms-throttle-levels': 'REDACTED'
    'x-ms-correlation-request-id': 'REDACTED'
    'x-ms-arm-service-request-id': 'REDACTED'
    'Strict-Transport-Security': 'REDACTED'
    'x-ms-operation-identifier': 'REDACTED'
    'x-ms-ratelimit-remaining-subscription-reads': '249'
    'x-ms-ratelimit-remaining-subscription-global-reads': 'REDACTED'
    'x-ms-routing-request-id': 'REDACTED'
    'X-Content-Type-Options': 'REDACTED'
    'X-Cache': 'REDACTED'
    'X-MSEdge-Ref': 'Ref A: 51E11F28AB624C63898EE9DAB795CDC5 Ref B: PNQ231110908023 Ref C: 2026-05-26T11:05:46Z'
    'Date': 'Tue, 26 May 2026 11:05:46 GMT'
2026-05-26 16:35:47,048 | INFO | Request URL: 'https://management.azure.com/subscriptions/a8bd7b1b-b9aa-4283-aec4-2040b847d926/resourceGroups/AutoProjectRG/providers/Microsoft.Network/publicIPAddresses/ProjectPublicIP?api-version=2025-05-01'
Request method: 'GET'
Request headers:
    'x-ms-client-request-id': 'd854daf5-58f2-11f1-82be-4c034fe7e914'
    'User-Agent': 'azsdk-python-mgmt-network/30.2.0 Python/3.12.0 (Windows-11-10.0.22621-SP0)'
    'Authorization': 'REDACTED'
No body was attached to the request
2026-05-26 16:35:47,163 | INFO | Response status: 200
Response headers:
    'Cache-Control': 'no-cache'
    'Pragma': 'no-cache'
    'Content-Length': '637'
    'Content-Type': 'application/json; charset=utf-8'
    'Expires': '-1'
    'ETag': 'W/"9b9671ec-40ce-4749-a076-0c50de238f58"'
    'x-ms-request-id': '711e608e-84b3-45c2-a947-a3d5161dae0a'
    'x-ms-throttle-levels': 'REDACTED'
    'x-ms-correlation-request-id': 'REDACTED'
    'x-ms-arm-service-request-id': 'REDACTED'
    'Strict-Transport-Security': 'REDACTED'
    'x-ms-ratelimit-remaining-subscription-reads': '249'
    'x-ms-ratelimit-remaining-subscription-global-reads': 'REDACTED'
    'x-ms-routing-request-id': 'REDACTED'
    'X-Content-Type-Options': 'REDACTED'
    'X-Cache': 'REDACTED'
    'X-MSEdge-Ref': 'Ref A: 507465313845492089B2826F671F4144 Ref B: PNQ231110908023 Ref C: 2026-05-26T11:05:46Z'
    'Date': 'Tue, 26 May 2026 11:05:46 GMT'
2026-05-26 16:35:47,164 | INFO | Public IP created
2026-05-26 16:35:47,164 | INFO | Request URL: 'https://management.azure.com/subscriptions/a8bd7b1b-b9aa-4283-aec4-2040b847d926/resourceGroups/AutoProjectRG/providers/Microsoft.Network/networkSecurityGroups/ProjectNSG?api-version=2025-05-01'
Request method: 'PUT'
Request headers:
    'Content-Type': 'application/json'
    'Content-Length': '28'
    'Accept': 'application/json'
    'x-ms-client-request-id': 'd9071f19-58f2-11f1-8885-4c034fe7e914'
    'User-Agent': 'azsdk-python-mgmt-network/30.2.0 Python/3.12.0 (Windows-11-10.0.22621-SP0)'
    'Authorization': 'REDACTED'
A body is sent with the request
2026-05-26 16:35:48,044 | INFO | Response status: 201
Response headers:
    'Cache-Control': 'no-cache'
    'Pragma': 'no-cache'
    'Content-Length': '4897'
    'Content-Type': 'application/json; charset=utf-8'
    'Expires': '-1'
    'Retry-After': '1'
    'x-ms-request-id': '1d904af4-f543-46cb-b20b-60138ac6c1ee'
    'Azure-AsyncOperation': 'REDACTED'
    'x-ms-throttle-levels': 'REDACTED'
    'x-ms-correlation-request-id': 'REDACTED'
    'Azure-AsyncNotification': 'REDACTED'
    'x-ms-arm-service-request-id': 'REDACTED'
    'Strict-Transport-Security': 'REDACTED'
    'x-ms-operation-identifier': 'REDACTED'
    'x-ms-ratelimit-remaining-subscription-writes': '199'
    'x-ms-ratelimit-remaining-subscription-global-writes': 'REDACTED'
    'x-ms-routing-request-id': 'REDACTED'
    'X-Content-Type-Options': 'REDACTED'
    'X-Cache': 'REDACTED'
    'X-MSEdge-Ref': 'Ref A: 8C6ECD681CE5498D888658B8076E8ED6 Ref B: PNQ231110908023 Ref C: 2026-05-26T11:05:46Z'
    'Date': 'Tue, 26 May 2026 11:05:47 GMT'
2026-05-26 16:35:48,047 | INFO | Request URL: 'https://management.azure.com/subscriptions/a8bd7b1b-b9aa-4283-aec4-2040b847d926/providers/Microsoft.Network/locations/centralindia/operations/1d904af4-f543-46cb-b20b-60138ac6c1ee?api-version=2025-05-01&t=REDACTED&c=REDACTED&s=REDACTED&h=REDACTED'
Request method: 'GET'
Request headers:
    'x-ms-client-request-id': 'd9071f19-58f2-11f1-8885-4c034fe7e914'
    'User-Agent': 'azsdk-python-mgmt-network/30.2.0 Python/3.12.0 (Windows-11-10.0.22621-SP0)'
    'Authorization': 'REDACTED'
No body was attached to the request
2026-05-26 16:35:48,489 | INFO | Response status: 200
Response headers:
    'Cache-Control': 'no-cache'
    'Pragma': 'no-cache'
    'Content-Length': '22'
    'Content-Type': 'application/json; charset=utf-8'
    'Expires': '-1'
    'x-ms-request-id': 'b7d90719-ad4a-4e62-aea5-de1211d6eb73'
    'x-ms-throttle-levels': 'REDACTED'
    'x-ms-correlation-request-id': 'REDACTED'
    'x-ms-arm-service-request-id': 'REDACTED'
    'Strict-Transport-Security': 'REDACTED'
    'x-ms-operation-identifier': 'REDACTED'
    'x-ms-ratelimit-remaining-subscription-reads': '249'
    'x-ms-ratelimit-remaining-subscription-global-reads': 'REDACTED'
    'x-ms-routing-request-id': 'REDACTED'
    'X-Content-Type-Options': 'REDACTED'
    'X-Cache': 'REDACTED'
    'X-MSEdge-Ref': 'Ref A: 30F75044C01448CD82953D5022E1C6A6 Ref B: PNQ231110908023 Ref C: 2026-05-26T11:05:47Z'
    'Date': 'Tue, 26 May 2026 11:05:47 GMT'
2026-05-26 16:35:48,490 | INFO | Request URL: 'https://management.azure.com/subscriptions/a8bd7b1b-b9aa-4283-aec4-2040b847d926/resourceGroups/AutoProjectRG/providers/Microsoft.Network/networkSecurityGroups/ProjectNSG?api-version=2025-05-01'
Request method: 'GET'
Request headers:
    'x-ms-client-request-id': 'd9071f19-58f2-11f1-8885-4c034fe7e914'
    'User-Agent': 'azsdk-python-mgmt-network/30.2.0 Python/3.12.0 (Windows-11-10.0.22621-SP0)'
    'Authorization': 'REDACTED'
No body was attached to the request
2026-05-26 16:35:48,980 | INFO | Response status: 200
Response headers:
    'Cache-Control': 'no-cache'
    'Pragma': 'no-cache'
    'Content-Length': '4904'
    'Content-Type': 'application/json; charset=utf-8'
    'Expires': '-1'
    'ETag': 'W/"fd6ce372-98df-40f7-a90a-000375c86310"'
    'x-ms-request-id': '9dd5f5fa-59c8-4483-8320-35865c526fe9'
    'x-ms-throttle-levels': 'REDACTED'
    'x-ms-correlation-request-id': 'REDACTED'
    'x-ms-arm-service-request-id': 'REDACTED'
    'Strict-Transport-Security': 'REDACTED'
    'x-ms-ratelimit-remaining-subscription-reads': '249'
    'x-ms-ratelimit-remaining-subscription-global-reads': 'REDACTED'
    'x-ms-routing-request-id': 'REDACTED'
    'X-Content-Type-Options': 'REDACTED'
    'X-Cache': 'REDACTED'
    'X-MSEdge-Ref': 'Ref A: D5795ADBB20C42A2B6C1AB56BA15A027 Ref B: PNQ231110908023 Ref C: 2026-05-26T11:05:48Z'
    'Date': 'Tue, 26 May 2026 11:05:48 GMT'
2026-05-26 16:35:48,981 | INFO | NSG created
2026-05-26 16:35:48,982 | INFO | Request URL: 'https://management.azure.com/subscriptions/a8bd7b1b-b9aa-4283-aec4-2040b847d926/resourceGroups/AutoProjectRG/providers/Microsoft.Network/networkSecurityGroups/ProjectNSG/securityRules/AllowSSH?api-version=2025-05-01'
Request method: 'PUT'
Request headers:
    'Content-Type': 'application/json'
    'Content-Length': '211'
    'Accept': 'application/json'
    'x-ms-client-request-id': 'da1c753d-58f2-11f1-b67d-4c034fe7e914'
    'User-Agent': 'azsdk-python-mgmt-network/30.2.0 Python/3.12.0 (Windows-11-10.0.22621-SP0)'
    'Authorization': 'REDACTED'
A body is sent with the request
2026-05-26 16:35:49,632 | INFO | Response status: 201
Response headers:
    'Cache-Control': 'no-cache'
    'Pragma': 'no-cache'
    'Content-Length': '639'
    'Content-Type': 'application/json; charset=utf-8'
    'Expires': '-1'
    'Retry-After': '1'
    'x-ms-request-id': 'd6081086-e149-4abd-b625-67b5faf98b43'
    'Azure-AsyncOperation': 'REDACTED'
    'x-ms-throttle-levels': 'REDACTED'
    'x-ms-correlation-request-id': 'REDACTED'
    'Azure-AsyncNotification': 'REDACTED'
    'x-ms-arm-service-request-id': 'REDACTED'
    'Strict-Transport-Security': 'REDACTED'
    'x-ms-operation-identifier': 'REDACTED'
    'x-ms-ratelimit-remaining-subscription-writes': '199'
    'x-ms-ratelimit-remaining-subscription-global-writes': 'REDACTED'
    'x-ms-routing-request-id': 'REDACTED'
    'X-Content-Type-Options': 'REDACTED'
    'X-Cache': 'REDACTED'
    'X-MSEdge-Ref': 'Ref A: E73517E50E1E454BB29970D0858625B6 Ref B: PNQ231110908023 Ref C: 2026-05-26T11:05:48Z'
    'Date': 'Tue, 26 May 2026 11:05:48 GMT'
2026-05-26 16:35:49,633 | INFO | Request URL: 'https://management.azure.com/subscriptions/a8bd7b1b-b9aa-4283-aec4-2040b847d926/providers/Microsoft.Network/locations/centralindia/operations/d6081086-e149-4abd-b625-67b5faf98b43?api-version=2025-05-01&t=REDACTED&c=REDACTED&s=REDACTED&h=REDACTED'
Request method: 'GET'
Request headers:
    'x-ms-client-request-id': 'da1c753d-58f2-11f1-b67d-4c034fe7e914'
    'User-Agent': 'azsdk-python-mgmt-network/30.2.0 Python/3.12.0 (Windows-11-10.0.22621-SP0)'
    'Authorization': 'REDACTED'
No body was attached to the request
2026-05-26 16:35:50,251 | INFO | Response status: 200
Response headers:
    'Cache-Control': 'no-cache'
    'Pragma': 'no-cache'
    'Content-Length': '22'
    'Content-Type': 'application/json; charset=utf-8'
    'Expires': '-1'
    'x-ms-request-id': '569e7ff6-4277-4f9b-90b8-7502e686522f'
    'x-ms-throttle-levels': 'REDACTED'
    'x-ms-correlation-request-id': 'REDACTED'
    'x-ms-arm-service-request-id': 'REDACTED'
    'Strict-Transport-Security': 'REDACTED'
    'x-ms-operation-identifier': 'REDACTED'
    'x-ms-ratelimit-remaining-subscription-reads': '249'
    'x-ms-ratelimit-remaining-subscription-global-reads': 'REDACTED'
    'x-ms-routing-request-id': 'REDACTED'
    'X-Content-Type-Options': 'REDACTED'
    'X-Cache': 'REDACTED'
    'X-MSEdge-Ref': 'Ref A: 76CAC9C70C0E4B719128B498370B32DE Ref B: PNQ231110908023 Ref C: 2026-05-26T11:05:49Z'
    'Date': 'Tue, 26 May 2026 11:05:49 GMT'
2026-05-26 16:35:50,252 | INFO | Request URL: 'https://management.azure.com/subscriptions/a8bd7b1b-b9aa-4283-aec4-2040b847d926/resourceGroups/AutoProjectRG/providers/Microsoft.Network/networkSecurityGroups/ProjectNSG/securityRules/AllowSSH?api-version=2025-05-01'
Request method: 'GET'
Request headers:
    'x-ms-client-request-id': 'da1c753d-58f2-11f1-b67d-4c034fe7e914'
    'User-Agent': 'azsdk-python-mgmt-network/30.2.0 Python/3.12.0 (Windows-11-10.0.22621-SP0)'
    'Authorization': 'REDACTED'
No body was attached to the request
2026-05-26 16:35:50,357 | INFO | Response status: 200
Response headers:
    'Cache-Control': 'no-cache'
    'Pragma': 'no-cache'
    'Content-Length': '640'
    'Content-Type': 'application/json; charset=utf-8'
    'Expires': '-1'
    'ETag': 'W/"dc7201ff-87fe-4911-a6d6-781f31136037"'
    'x-ms-request-id': '1b004227-168f-4595-b885-2729568be2ff'
    'x-ms-throttle-levels': 'REDACTED'
    'x-ms-correlation-request-id': 'REDACTED'
    'x-ms-arm-service-request-id': 'REDACTED'
    'Strict-Transport-Security': 'REDACTED'
    'x-ms-operation-identifier': 'REDACTED'
    'x-ms-ratelimit-remaining-subscription-reads': '248'
    'x-ms-ratelimit-remaining-subscription-global-reads': 'REDACTED'
    'x-ms-routing-request-id': 'REDACTED'
    'X-Content-Type-Options': 'REDACTED'
    'X-Cache': 'REDACTED'
    'X-MSEdge-Ref': 'Ref A: 27ADA8215BEC48E686DF3E3E55BEC34A Ref B: PNQ231110908023 Ref C: 2026-05-26T11:05:49Z'
    'Date': 'Tue, 26 May 2026 11:05:49 GMT'
2026-05-26 16:35:50,358 | INFO | SSH rule created
2026-05-26 16:35:50,359 | INFO | Request URL: 'https://management.azure.com/subscriptions/a8bd7b1b-b9aa-4283-aec4-2040b847d926/resourceGroups/AutoProjectRG/providers/Microsoft.Network/networkSecurityGroups/ProjectNSG/securityRules/AllowHTTP?api-version=2025-05-01'
Request method: 'PUT'
Request headers:
    'Content-Type': 'application/json'
    'Content-Length': '211'
    'Accept': 'application/json'
    'x-ms-client-request-id': 'daee8c24-58f2-11f1-a920-4c034fe7e914'
    'User-Agent': 'azsdk-python-mgmt-network/30.2.0 Python/3.12.0 (Windows-11-10.0.22621-SP0)'
    'Authorization': 'REDACTED'
A body is sent with the request
2026-05-26 16:35:50,641 | INFO | Response status: 201
Response headers:
    'Cache-Control': 'no-cache'
    'Pragma': 'no-cache'
    'Content-Length': '641'
    'Content-Type': 'application/json; charset=utf-8'
    'Expires': '-1'
    'Retry-After': '1'
    'x-ms-request-id': 'ca16374e-4832-4b2b-9af2-5275a98f9f99'
    'Azure-AsyncOperation': 'REDACTED'
    'x-ms-throttle-levels': 'REDACTED'
    'x-ms-correlation-request-id': 'REDACTED'
    'Azure-AsyncNotification': 'REDACTED'
    'x-ms-arm-service-request-id': 'REDACTED'
    'Strict-Transport-Security': 'REDACTED'
    'x-ms-operation-identifier': 'REDACTED'
    'x-ms-ratelimit-remaining-subscription-writes': '198'
    'x-ms-ratelimit-remaining-subscription-global-writes': 'REDACTED'
    'x-ms-routing-request-id': 'REDACTED'
    'X-Content-Type-Options': 'REDACTED'
    'X-Cache': 'REDACTED'
    'X-MSEdge-Ref': 'Ref A: 03B470E1ACE744D79EC96E9AC89B3C0B Ref B: PNQ231110908023 Ref C: 2026-05-26T11:05:50Z'
    'Date': 'Tue, 26 May 2026 11:05:50 GMT'
2026-05-26 16:35:50,643 | INFO | Request URL: 'https://management.azure.com/subscriptions/a8bd7b1b-b9aa-4283-aec4-2040b847d926/providers/Microsoft.Network/locations/centralindia/operations/ca16374e-4832-4b2b-9af2-5275a98f9f99?api-version=2025-05-01&t=REDACTED&c=REDACTED&s=REDACTED&h=REDACTED'
Request method: 'GET'
Request headers:
    'x-ms-client-request-id': 'daee8c24-58f2-11f1-a920-4c034fe7e914'
    'User-Agent': 'azsdk-python-mgmt-network/30.2.0 Python/3.12.0 (Windows-11-10.0.22621-SP0)'
    'Authorization': 'REDACTED'
No body was attached to the request
2026-05-26 16:35:50,733 | INFO | Response status: 200
Response headers:
    'Cache-Control': 'no-cache'
    'Pragma': 'no-cache'
    'Content-Length': '23'
    'Content-Type': 'application/json; charset=utf-8'
    'Expires': '-1'
    'Retry-After': '1'
    'x-ms-request-id': 'dd203b34-a42f-425c-9e58-daa66ae316b1'
    'x-ms-throttle-levels': 'REDACTED'
    'x-ms-correlation-request-id': 'REDACTED'
    'x-ms-arm-service-request-id': 'REDACTED'
    'Strict-Transport-Security': 'REDACTED'
    'x-ms-operation-identifier': 'REDACTED'
    'x-ms-ratelimit-remaining-subscription-reads': '248'
    'x-ms-ratelimit-remaining-subscription-global-reads': 'REDACTED'
    'x-ms-routing-request-id': 'REDACTED'
    'X-Content-Type-Options': 'REDACTED'
    'X-Cache': 'REDACTED'
    'X-MSEdge-Ref': 'Ref A: 424A9302862D4C18AC6F0A9E3962B908 Ref B: PNQ231110908023 Ref C: 2026-05-26T11:05:50Z'
    'Date': 'Tue, 26 May 2026 11:05:50 GMT'
2026-05-26 16:35:51,735 | INFO | Request URL: 'https://management.azure.com/subscriptions/a8bd7b1b-b9aa-4283-aec4-2040b847d926/providers/Microsoft.Network/locations/centralindia/operations/ca16374e-4832-4b2b-9af2-5275a98f9f99?api-version=2025-05-01&t=REDACTED&c=REDACTED&s=REDACTED&h=REDACTED'
Request method: 'GET'
Request headers:
    'x-ms-client-request-id': 'daee8c24-58f2-11f1-a920-4c034fe7e914'
    'User-Agent': 'azsdk-python-mgmt-network/30.2.0 Python/3.12.0 (Windows-11-10.0.22621-SP0)'
    'Authorization': 'REDACTED'
No body was attached to the request
2026-05-26 16:35:51,890 | INFO | Response status: 200
Response headers:
    'Cache-Control': 'no-cache'
    'Pragma': 'no-cache'
    'Content-Length': '22'
    'Content-Type': 'application/json; charset=utf-8'
    'Expires': '-1'
    'x-ms-request-id': '460209be-1e3a-4dd2-b024-ed03afd3a903'
    'x-ms-throttle-levels': 'REDACTED'
    'x-ms-correlation-request-id': 'REDACTED'
    'x-ms-arm-service-request-id': 'REDACTED'
    'Strict-Transport-Security': 'REDACTED'
    'x-ms-operation-identifier': 'REDACTED'
    'x-ms-ratelimit-remaining-subscription-reads': '249'
    'x-ms-ratelimit-remaining-subscription-global-reads': 'REDACTED'
    'x-ms-routing-request-id': 'REDACTED'
    'X-Content-Type-Options': 'REDACTED'
    'X-Cache': 'REDACTED'
    'X-MSEdge-Ref': 'Ref A: 185D9A293BAB4C7DA161495B5567DD0D Ref B: PNQ231110908023 Ref C: 2026-05-26T11:05:51Z'
    'Date': 'Tue, 26 May 2026 11:05:51 GMT'
2026-05-26 16:35:51,890 | INFO | Request URL: 'https://management.azure.com/subscriptions/a8bd7b1b-b9aa-4283-aec4-2040b847d926/resourceGroups/AutoProjectRG/providers/Microsoft.Network/networkSecurityGroups/ProjectNSG/securityRules/AllowHTTP?api-version=2025-05-01'
Request method: 'GET'
Request headers:
    'x-ms-client-request-id': 'daee8c24-58f2-11f1-a920-4c034fe7e914'
    'User-Agent': 'azsdk-python-mgmt-network/30.2.0 Python/3.12.0 (Windows-11-10.0.22621-SP0)'
    'Authorization': 'REDACTED'
No body was attached to the request
2026-05-26 16:35:51,972 | INFO | Response status: 200
Response headers:
    'Cache-Control': 'no-cache'
    'Pragma': 'no-cache'
    'Content-Length': '642'
    'Content-Type': 'application/json; charset=utf-8'
    'Expires': '-1'
    'ETag': 'W/"decbabf9-be6b-48ec-b2a6-d97b1f1fb251"'
    'x-ms-request-id': '63c4ec68-d383-41ae-a5df-025fc4e8ad98'
    'x-ms-throttle-levels': 'REDACTED'
    'x-ms-correlation-request-id': 'REDACTED'
    'x-ms-arm-service-request-id': 'REDACTED'
    'Strict-Transport-Security': 'REDACTED'
    'x-ms-operation-identifier': 'REDACTED'
    'x-ms-ratelimit-remaining-subscription-reads': '249'
    'x-ms-ratelimit-remaining-subscription-global-reads': 'REDACTED'
    'x-ms-routing-request-id': 'REDACTED'
    'X-Content-Type-Options': 'REDACTED'
    'X-Cache': 'REDACTED'
    'X-MSEdge-Ref': 'Ref A: 88AC689825E94443894FD2792251AF92 Ref B: PNQ231110908023 Ref C: 2026-05-26T11:05:51Z'
    'Date': 'Tue, 26 May 2026 11:05:51 GMT'
2026-05-26 16:35:51,973 | INFO | HTTP rule created
2026-05-26 16:35:51,974 | INFO | Request URL: 'https://management.azure.com/subscriptions/a8bd7b1b-b9aa-4283-aec4-2040b847d926/resourceGroups/AutoProjectRG/providers/Microsoft.Network/networkSecurityGroups/ProjectNSG/securityRules/AllowHTTPS?api-version=2025-05-01'
Request method: 'PUT'
Request headers:
    'Content-Type': 'application/json'
    'Content-Length': '212'
    'Accept': 'application/json'
    'x-ms-client-request-id': 'dbe4ef40-58f2-11f1-9524-4c034fe7e914'
    'User-Agent': 'azsdk-python-mgmt-network/30.2.0 Python/3.12.0 (Windows-11-10.0.22621-SP0)'
    'Authorization': 'REDACTED'
A body is sent with the request
2026-05-26 16:35:53,276 | INFO | Response status: 201
Response headers:
    'Cache-Control': 'no-cache'
    'Pragma': 'no-cache'
    'Content-Length': '644'
    'Content-Type': 'application/json; charset=utf-8'
    'Expires': '-1'
    'Retry-After': '1'
    'x-ms-request-id': 'c789af9b-281b-448b-a43a-e908328330cd'
    'Azure-AsyncOperation': 'REDACTED'
    'x-ms-throttle-levels': 'REDACTED'
    'x-ms-correlation-request-id': 'REDACTED'
    'Azure-AsyncNotification': 'REDACTED'
    'x-ms-arm-service-request-id': 'REDACTED'
    'Strict-Transport-Security': 'REDACTED'
    'x-ms-operation-identifier': 'REDACTED'
    'x-ms-ratelimit-remaining-subscription-writes': '199'
    'x-ms-ratelimit-remaining-subscription-global-writes': 'REDACTED'
    'x-ms-routing-request-id': 'REDACTED'
    'X-Content-Type-Options': 'REDACTED'
    'X-Cache': 'REDACTED'
    'X-MSEdge-Ref': 'Ref A: 2CF77824456A4326BA4BAA3D858BE372 Ref B: PNQ231110908023 Ref C: 2026-05-26T11:05:51Z'
    'Date': 'Tue, 26 May 2026 11:05:52 GMT'
2026-05-26 16:35:53,276 | INFO | Request URL: 'https://management.azure.com/subscriptions/a8bd7b1b-b9aa-4283-aec4-2040b847d926/providers/Microsoft.Network/locations/centralindia/operations/c789af9b-281b-448b-a43a-e908328330cd?api-version=2025-05-01&t=REDACTED&c=REDACTED&s=REDACTED&h=REDACTED'
Request method: 'GET'
Request headers:
    'x-ms-client-request-id': 'dbe4ef40-58f2-11f1-9524-4c034fe7e914'
    'User-Agent': 'azsdk-python-mgmt-network/30.2.0 Python/3.12.0 (Windows-11-10.0.22621-SP0)'
    'Authorization': 'REDACTED'
No body was attached to the request
2026-05-26 16:35:53,382 | INFO | Response status: 200
Response headers:
    'Cache-Control': 'no-cache'
    'Pragma': 'no-cache'
    'Content-Length': '22'
    'Content-Type': 'application/json; charset=utf-8'
    'Expires': '-1'
    'x-ms-request-id': '243a0cc0-60c7-4f08-88df-26f93d9cf741'
    'x-ms-throttle-levels': 'REDACTED'
    'x-ms-correlation-request-id': 'REDACTED'
    'x-ms-arm-service-request-id': 'REDACTED'
    'Strict-Transport-Security': 'REDACTED'
    'x-ms-operation-identifier': 'REDACTED'
    'x-ms-ratelimit-remaining-subscription-reads': '249'
    'x-ms-ratelimit-remaining-subscription-global-reads': 'REDACTED'
    'x-ms-routing-request-id': 'REDACTED'
    'X-Content-Type-Options': 'REDACTED'
    'X-Cache': 'REDACTED'
    'X-MSEdge-Ref': 'Ref A: 8AE1740325614C4B8F6122D82709542A Ref B: PNQ231110908023 Ref C: 2026-05-26T11:05:52Z'
    'Date': 'Tue, 26 May 2026 11:05:52 GMT'
2026-05-26 16:35:53,382 | INFO | Request URL: 'https://management.azure.com/subscriptions/a8bd7b1b-b9aa-4283-aec4-2040b847d926/resourceGroups/AutoProjectRG/providers/Microsoft.Network/networkSecurityGroups/ProjectNSG/securityRules/AllowHTTPS?api-version=2025-05-01'
Request method: 'GET'
Request headers:
    'x-ms-client-request-id': 'dbe4ef40-58f2-11f1-9524-4c034fe7e914'
    'User-Agent': 'azsdk-python-mgmt-network/30.2.0 Python/3.12.0 (Windows-11-10.0.22621-SP0)'
    'Authorization': 'REDACTED'
No body was attached to the request
2026-05-26 16:35:53,453 | INFO | Response status: 200
Response headers:
    'Cache-Control': 'no-cache'
    'Pragma': 'no-cache'
    'Content-Length': '645'
    'Content-Type': 'application/json; charset=utf-8'
    'Expires': '-1'
    'ETag': 'W/"de4f7a79-09eb-4e8a-a2ec-85f57036abbd"'
    'x-ms-request-id': 'c9aa28ac-f428-4da1-be3c-5c1578bd8d0f'
    'x-ms-throttle-levels': 'REDACTED'
    'x-ms-correlation-request-id': 'REDACTED'
    'x-ms-arm-service-request-id': 'REDACTED'
    'Strict-Transport-Security': 'REDACTED'
    'x-ms-operation-identifier': 'REDACTED'
    'x-ms-ratelimit-remaining-subscription-reads': '249'
    'x-ms-ratelimit-remaining-subscription-global-reads': 'REDACTED'
    'x-ms-routing-request-id': 'REDACTED'
    'X-Content-Type-Options': 'REDACTED'
    'X-Cache': 'REDACTED'
    'X-MSEdge-Ref': 'Ref A: 4267A07D96BE4417A65C447EAECA7748 Ref B: PNQ231110908023 Ref C: 2026-05-26T11:05:53Z'
    'Date': 'Tue, 26 May 2026 11:05:52 GMT'
2026-05-26 16:35:53,454 | INFO | HTTPS rule created
2026-05-26 16:35:53,457 | INFO | Request URL: 'https://management.azure.com/subscriptions/a8bd7b1b-b9aa-4283-aec4-2040b847d926/resourceGroups/AutoProjectRG/providers/Microsoft.Network/networkInterfaces/ProductionUbuntuVMNic?api-version=2025-05-01'
Request method: 'PUT'
Request headers:
    'Content-Type': 'application/json'
    'Content-Length': '634'
    'Accept': 'application/json'
    'x-ms-client-request-id': 'dcc74bc9-58f2-11f1-8a8d-4c034fe7e914'
    'User-Agent': 'azsdk-python-mgmt-network/30.2.0 Python/3.12.0 (Windows-11-10.0.22621-SP0)'
    'Authorization': 'REDACTED'
A body is sent with the request
2026-05-26 16:35:53,953 | INFO | Response status: 201
Response headers:
    'Cache-Control': 'no-cache'
    'Pragma': 'no-cache'
    'Content-Length': '1887'
    'Content-Type': 'application/json; charset=utf-8'
    'Expires': '-1'
    'Retry-After': '1'
    'x-ms-request-id': 'baeb6a23-1d22-4527-b97f-312f1db70601'
    'Azure-AsyncOperation': 'REDACTED'
    'x-ms-throttle-levels': 'REDACTED'
    'x-ms-correlation-request-id': 'REDACTED'
    'Azure-AsyncNotification': 'REDACTED'
    'x-ms-arm-service-request-id': 'REDACTED'
    'Strict-Transport-Security': 'REDACTED'
    'x-ms-operation-identifier': 'REDACTED'
    'x-ms-ratelimit-remaining-subscription-writes': '199'
    'x-ms-ratelimit-remaining-subscription-global-writes': 'REDACTED'
    'x-ms-routing-request-id': 'REDACTED'
    'X-Content-Type-Options': 'REDACTED'
    'X-Cache': 'REDACTED'
    'X-MSEdge-Ref': 'Ref A: 3B18A569559447BDBB60D5ACAA3D43B0 Ref B: PNQ231110908023 Ref C: 2026-05-26T11:05:53Z'
    'Date': 'Tue, 26 May 2026 11:05:53 GMT'
2026-05-26 16:35:53,954 | INFO | Request URL: 'https://management.azure.com/subscriptions/a8bd7b1b-b9aa-4283-aec4-2040b847d926/providers/Microsoft.Network/locations/centralindia/operations/baeb6a23-1d22-4527-b97f-312f1db70601?api-version=2025-05-01&t=REDACTED&c=REDACTED&s=REDACTED&h=REDACTED'
Request method: 'GET'
Request headers:
    'x-ms-client-request-id': 'dcc74bc9-58f2-11f1-8a8d-4c034fe7e914'
    'User-Agent': 'azsdk-python-mgmt-network/30.2.0 Python/3.12.0 (Windows-11-10.0.22621-SP0)'
    'Authorization': 'REDACTED'
No body was attached to the request
2026-05-26 16:35:54,056 | INFO | Response status: 200
Response headers:
    'Cache-Control': 'no-cache'
    'Pragma': 'no-cache'
    'Content-Length': '23'
    'Content-Type': 'application/json; charset=utf-8'
    'Expires': '-1'
    'Retry-After': '1'
    'x-ms-request-id': '83e3f0b1-d161-40ec-8d0c-f23d7c7577f5'
    'x-ms-throttle-levels': 'REDACTED'
    'x-ms-correlation-request-id': 'REDACTED'
    'x-ms-arm-service-request-id': 'REDACTED'
    'Strict-Transport-Security': 'REDACTED'
    'x-ms-operation-identifier': 'REDACTED'
    'x-ms-ratelimit-remaining-subscription-reads': '249'
    'x-ms-ratelimit-remaining-subscription-global-reads': 'REDACTED'
    'x-ms-routing-request-id': 'REDACTED'
    'X-Content-Type-Options': 'REDACTED'
    'X-Cache': 'REDACTED'
    'X-MSEdge-Ref': 'Ref A: 4F1AA70FDA0D4CD6AD365F2860A45E06 Ref B: PNQ231110908023 Ref C: 2026-05-26T11:05:53Z'
    'Date': 'Tue, 26 May 2026 11:05:53 GMT'
2026-05-26 16:35:55,058 | INFO | Request URL: 'https://management.azure.com/subscriptions/a8bd7b1b-b9aa-4283-aec4-2040b847d926/providers/Microsoft.Network/locations/centralindia/operations/baeb6a23-1d22-4527-b97f-312f1db70601?api-version=2025-05-01&t=REDACTED&c=REDACTED&s=REDACTED&h=REDACTED'
Request method: 'GET'
Request headers:
    'x-ms-client-request-id': 'dcc74bc9-58f2-11f1-8a8d-4c034fe7e914'
    'User-Agent': 'azsdk-python-mgmt-network/30.2.0 Python/3.12.0 (Windows-11-10.0.22621-SP0)'
    'Authorization': 'REDACTED'
No body was attached to the request
2026-05-26 16:35:56,027 | INFO | Response status: 200
Response headers:
    'Cache-Control': 'no-cache'
    'Pragma': 'no-cache'
    'Content-Length': '22'
    'Content-Type': 'application/json; charset=utf-8'
    'Expires': '-1'
    'x-ms-request-id': '3a113b26-32d6-407c-ab74-0c99d796b49f'
    'x-ms-throttle-levels': 'REDACTED'
    'x-ms-correlation-request-id': 'REDACTED'
    'x-ms-arm-service-request-id': 'REDACTED'
    'Strict-Transport-Security': 'REDACTED'
    'x-ms-operation-identifier': 'REDACTED'
    'x-ms-ratelimit-remaining-subscription-reads': '249'
    'x-ms-ratelimit-remaining-subscription-global-reads': 'REDACTED'
    'x-ms-routing-request-id': 'REDACTED'
    'X-Content-Type-Options': 'REDACTED'
    'X-Cache': 'REDACTED'
    'X-MSEdge-Ref': 'Ref A: 7188D55D277944D08F432E162C196210 Ref B: PNQ231110908023 Ref C: 2026-05-26T11:05:54Z'
    'Date': 'Tue, 26 May 2026 11:05:55 GMT'
2026-05-26 16:35:56,028 | INFO | Request URL: 'https://management.azure.com/subscriptions/a8bd7b1b-b9aa-4283-aec4-2040b847d926/resourceGroups/AutoProjectRG/providers/Microsoft.Network/networkInterfaces/ProductionUbuntuVMNic?api-version=2025-05-01'
Request method: 'GET'
Request headers:
    'x-ms-client-request-id': 'dcc74bc9-58f2-11f1-8a8d-4c034fe7e914'
    'User-Agent': 'azsdk-python-mgmt-network/30.2.0 Python/3.12.0 (Windows-11-10.0.22621-SP0)'
    'Authorization': 'REDACTED'
No body was attached to the request
2026-05-26 16:35:56,335 | INFO | Response status: 200
Response headers:
    'Cache-Control': 'no-cache'
    'Pragma': 'no-cache'
    'Content-Length': '1889'
    'Content-Type': 'application/json; charset=utf-8'
    'Expires': '-1'
    'ETag': 'W/"3b56561f-6d46-496d-acfd-7bd7a782515a"'
    'x-ms-request-id': '05166c45-f8bd-46cd-bceb-113181ab33c1'
    'x-ms-throttle-levels': 'REDACTED'
    'x-ms-correlation-request-id': 'REDACTED'
    'x-ms-arm-service-request-id': 'REDACTED'
    'Strict-Transport-Security': 'REDACTED'
    'x-ms-ratelimit-remaining-subscription-reads': '249'
    'x-ms-ratelimit-remaining-subscription-global-reads': 'REDACTED'
    'x-ms-routing-request-id': 'REDACTED'
    'X-Content-Type-Options': 'REDACTED'
    'X-Cache': 'REDACTED'
    'X-MSEdge-Ref': 'Ref A: BA3A83C41DF54BB39A52C7813D84ED9A Ref B: PNQ231110908023 Ref C: 2026-05-26T11:05:55Z'
    'Date': 'Tue, 26 May 2026 11:05:55 GMT'
2026-05-26 16:35:56,337 | INFO | NIC created
2026-05-26 16:35:57,030 | INFO | AzureCliCredential.get_token_info succeeded
2026-05-26 16:35:57,030 | INFO | Request URL: 'https://management.azure.com/subscriptions/a8bd7b1b-b9aa-4283-aec4-2040b847d926/resourceGroups/AutoProjectRG/providers/Microsoft.Compute/virtualMachines/ProductionUbuntuVM?api-version=2025-11-01'
Request method: 'PUT'
Request headers:
    'Content-Type': 'application/json'
    'Content-Length': '1197'
    'Accept': 'application/json'
    'x-ms-client-request-id': 'de818c4e-58f2-11f1-b767-4c034fe7e914'
    'User-Agent': 'azsdk-python-mgmt-compute/38.0.0 Python/3.12.0 (Windows-11-10.0.22621-SP0)'
    'Authorization': 'REDACTED'
A body is sent with the request
2026-05-26 16:35:57,345 | INFO | Request URL: 'https://management.azure.com/subscriptions/a8bd7b1b-b9aa-4283-aec4-2040b847d926/resourceGroups/AutoProjectRG/providers/Microsoft.Compute/virtualMachines/ProductionUbuntuVM?api-version=2025-11-01'
Request method: 'PUT'
Request headers:
    'Content-Type': 'application/json'
    'Content-Length': '1197'
    'Accept': 'application/json'
    'x-ms-client-request-id': 'de818c4e-58f2-11f1-b767-4c034fe7e914'
    'User-Agent': 'azsdk-python-mgmt-compute/38.0.0 Python/3.12.0 (Windows-11-10.0.22621-SP0)'
    'Authorization': 'REDACTED'
A body is sent with the request
2026-05-26 16:35:59,399 | INFO | Response status: 201
Response headers:
    'Cache-Control': 'no-cache'
    'Pragma': 'no-cache'
    'Content-Length': '2470'
    'Content-Type': 'application/json; charset=utf-8'
    'Expires': '-1'
    'ETag': '"1"'
    'Retry-After': '10'
    'Azure-AsyncOperation': 'REDACTED'
    'azure-asyncnotification': 'REDACTED'
    'x-ms-ratelimit-remaining-resource': 'Microsoft.Compute/PutVMSubscriptionMaximum;1499,Microsoft.Compute/PutVMResource;11'
    'x-ms-need-to-refresh-epl-cache': 'REDACTED'
    'Strict-Transport-Security': 'REDACTED'
    'x-ms-request-id': 'fea025c7-8cec-448d-bdaa-723d8efeb9f4'
    'x-ms-operation-identifier': 'REDACTED'
    'x-ms-ratelimit-remaining-subscription-writes': '199'
    'x-ms-ratelimit-remaining-subscription-global-writes': 'REDACTED'
    'x-ms-correlation-request-id': 'REDACTED'
    'x-ms-routing-request-id': 'REDACTED'
    'X-Content-Type-Options': 'REDACTED'
    'X-Cache': 'REDACTED'
    'X-MSEdge-Ref': 'Ref A: 9C2713200C67446E80965D28CD8CB566 Ref B: PNQ231110908036 Ref C: 2026-05-26T11:05:57Z'
    'Date': 'Tue, 26 May 2026 11:05:58 GMT'
2026-05-26 16:35:59,400 | INFO | Request URL: 'https://management.azure.com/subscriptions/a8bd7b1b-b9aa-4283-aec4-2040b847d926/providers/Microsoft.Compute/locations/CentralIndia/operations/fea025c7-8cec-448d-bdaa-723d8efeb9f4?p=REDACTED&api-version=2025-11-01&t=REDACTED&c=REDACTED&s=REDACTED&h=REDACTED'
Request method: 'GET'
Request headers:
    'x-ms-client-request-id': 'de818c4e-58f2-11f1-b767-4c034fe7e914'
    'User-Agent': 'azsdk-python-mgmt-compute/38.0.0 Python/3.12.0 (Windows-11-10.0.22621-SP0)'
    'Authorization': 'REDACTED'
No body was attached to the request
2026-05-26 16:35:59,552 | INFO | Response status: 200
Response headers:
    'Cache-Control': 'no-cache'
    'Pragma': 'no-cache'
    'Content-Length': '134'
    'Content-Type': 'application/json; charset=utf-8'
    'Expires': '-1'
    'Retry-After': '35'
    'x-ms-ratelimit-remaining-resource': 'Microsoft.Compute/GetOperationResource;44,Microsoft.Compute/GetOperationSubscriptionMaximum;14999'
    'x-ms-need-to-refresh-epl-cache': 'REDACTED'
    'Strict-Transport-Security': 'REDACTED'
    'x-ms-request-id': '77361990-f241-4a96-ac1e-16bf867c4f6b'
    'x-ms-operation-identifier': 'REDACTED'
    'x-ms-ratelimit-remaining-subscription-reads': '249'
    'x-ms-ratelimit-remaining-subscription-global-reads': 'REDACTED'
    'x-ms-correlation-request-id': 'REDACTED'
    'x-ms-routing-request-id': 'REDACTED'
    'X-Content-Type-Options': 'REDACTED'
    'X-Cache': 'REDACTED'
    'X-MSEdge-Ref': 'Ref A: 630877582F8A434987343A4E918979DE Ref B: PNQ231110908036 Ref C: 2026-05-26T11:05:59Z'
    'Date': 'Tue, 26 May 2026 11:05:59 GMT'
2026-05-26 16:36:34,553 | INFO | Request URL: 'https://management.azure.com/subscriptions/a8bd7b1b-b9aa-4283-aec4-2040b847d926/providers/Microsoft.Compute/locations/CentralIndia/operations/fea025c7-8cec-448d-bdaa-723d8efeb9f4?p=REDACTED&api-version=2025-11-01&t=REDACTED&c=REDACTED&s=REDACTED&h=REDACTED'
Request method: 'GET'
Request headers:
    'x-ms-client-request-id': 'de818c4e-58f2-11f1-b767-4c034fe7e914'
    'User-Agent': 'azsdk-python-mgmt-compute/38.0.0 Python/3.12.0 (Windows-11-10.0.22621-SP0)'
    'Authorization': 'REDACTED'
No body was attached to the request
2026-05-26 16:36:35,029 | INFO | Response status: 200
Response headers:
    'Cache-Control': 'no-cache'
    'Pragma': 'no-cache'
    'Content-Length': '184'
    'Content-Type': 'application/json; charset=utf-8'
    'Expires': '-1'
    'x-ms-ratelimit-remaining-resource': 'Microsoft.Compute/GetOperationResource;43,Microsoft.Compute/GetOperationSubscriptionMaximum;14998'
    'x-ms-need-to-refresh-epl-cache': 'REDACTED'
    'Strict-Transport-Security': 'REDACTED'
    'x-ms-request-id': '3b74c256-36a0-4ec3-99e9-6e813a391888'
    'x-ms-operation-identifier': 'REDACTED'
    'x-ms-ratelimit-remaining-subscription-reads': '249'
    'x-ms-ratelimit-remaining-subscription-global-reads': 'REDACTED'
    'x-ms-correlation-request-id': 'REDACTED'
    'x-ms-routing-request-id': 'REDACTED'
    'X-Content-Type-Options': 'REDACTED'
    'X-Cache': 'REDACTED'
    'X-MSEdge-Ref': 'Ref A: 83FF5AF3744045D489584300A89D6867 Ref B: PNQ231110908036 Ref C: 2026-05-26T11:06:34Z'
    'Date': 'Tue, 26 May 2026 11:06:34 GMT'
2026-05-26 16:36:35,030 | INFO | Request URL: 'https://management.azure.com/subscriptions/a8bd7b1b-b9aa-4283-aec4-2040b847d926/resourceGroups/AutoProjectRG/providers/Microsoft.Compute/virtualMachines/ProductionUbuntuVM?api-version=2025-11-01'
Request method: 'GET'
Request headers:
    'x-ms-client-request-id': 'de818c4e-58f2-11f1-b767-4c034fe7e914'
    'User-Agent': 'azsdk-python-mgmt-compute/38.0.0 Python/3.12.0 (Windows-11-10.0.22621-SP0)'
    'Authorization': 'REDACTED'
No body was attached to the request
2026-05-26 16:36:35,096 | INFO | Response status: 200
Response headers:
    'Cache-Control': 'no-cache'
    'Pragma': 'no-cache'
    'Content-Length': '2748'
    'Content-Type': 'application/json; charset=utf-8'
    'Expires': '-1'
    'ETag': '"1"'
    'x-ms-ratelimit-remaining-resource': 'Microsoft.Compute/LowCostGetSubscriptionMaximum;23998,Microsoft.Compute/LowCostGetResource;34'
    'x-ms-need-to-refresh-epl-cache': 'REDACTED'
    'Strict-Transport-Security': 'REDACTED'
    'x-ms-request-id': '2bbf5e9c-e77f-4ddf-a2ff-98c1d07fc76a'
    'x-ms-ratelimit-remaining-subscription-reads': '249'
    'x-ms-ratelimit-remaining-subscription-global-reads': 'REDACTED'
    'x-ms-correlation-request-id': 'REDACTED'
    'x-ms-routing-request-id': 'REDACTED'
    'X-Content-Type-Options': 'REDACTED'
    'X-Cache': 'REDACTED'
    'X-MSEdge-Ref': 'Ref A: 3FBC9A7160164C6CAB823D7450D87952 Ref B: PNQ231110908036 Ref C: 2026-05-26T11:06:34Z'
    'Date': 'Tue, 26 May 2026 11:06:34 GMT'
2026-05-26 16:36:35,099 | INFO | VM created successfully
