2026-05-24 19:38:10,979 INFO AzureCliCredential.get_token_info succeeded
2026-05-24 19:38:11,005 INFO Request URL: 'https://management.azure.com/subscriptions/a8bd7b1b-b9aa-4283-aec4-2040b847d926/resourceGroups/AutoProjectRG/providers/Microsoft.Compute/virtualMachines/ProductionUbuntuVM/start?api-version=2025-11-01'
Request method: 'POST'
Request headers:
    'x-ms-client-request-id': 'fce2e1fd-5779-11f1-af78-088fc34e0447'
    'User-Agent': 'azsdk-python-mgmt-compute/38.0.0 Python/3.12.0 (Windows-11-10.0.22621-SP0)'
    'Authorization': 'REDACTED'
No body was attached to the request
2026-05-24 19:38:12,367 INFO Response status: 202
Response headers:
    'Cache-Control': 'no-cache'
    'Pragma': 'no-cache'
    'Expires': '-1'
    'Location': 'REDACTED'
    'Retry-After': '10'
    'Azure-AsyncOperation': 'REDACTED'
    'azure-asyncnotification': 'REDACTED'
    'x-ms-ratelimit-remaining-resource': 'Microsoft.Compute/UpdateVMSubscriptionMaximum;1499,Microsoft.Compute/UpdateVMResource;11'
    'x-ms-need-to-refresh-epl-cache': 'REDACTED'
    'Strict-Transport-Security': 'REDACTED'
    'x-ms-request-id': 'a4b319f6-ea9a-4b6b-833d-85193ebf783c'
    'x-ms-operation-identifier': 'REDACTED'
    'x-ms-ratelimit-remaining-subscription-writes': '199'
    'x-ms-ratelimit-remaining-subscription-global-writes': 'REDACTED'
    'x-ms-correlation-request-id': 'REDACTED'
    'x-ms-routing-request-id': 'REDACTED'
    'X-Content-Type-Options': 'REDACTED'
    'X-Cache': 'REDACTED'
    'X-MSEdge-Ref': 'Ref A: C0F86B114FB245AD85F0870D2288C5F0 Ref B: PNQ231110908036 Ref C: 2026-05-24T14:08:10Z'
    'Date': 'Sun, 24 May 2026 14:08:11 GMT'
    'Content-Length': '0'
2026-05-24 19:38:12,369 INFO Request URL: 'https://management.azure.com/subscriptions/a8bd7b1b-b9aa-4283-aec4-2040b847d926/providers/Microsoft.Compute/locations/CentralIndia/operations/a4b319f6-ea9a-4b6b-833d-85193ebf783c?p=REDACTED&api-version=2025-11-01&t=REDACTED&c=REDACTED&s=REDACTED&h=REDACTED'
Request method: 'GET'
Request headers:
    'x-ms-client-request-id': 'fce2e1fd-5779-11f1-af78-088fc34e0447'
    'User-Agent': 'azsdk-python-mgmt-compute/38.0.0 Python/3.12.0 (Windows-11-10.0.22621-SP0)'
    'Authorization': 'REDACTED'
No body was attached to the request
2026-05-24 19:38:12,884 INFO Response status: 200
Response headers:
    'Cache-Control': 'no-cache'
    'Pragma': 'no-cache'
    'Content-Length': '184'
    'Content-Type': 'application/json; charset=utf-8'
    'Expires': '-1'
    'x-ms-ratelimit-remaining-resource': 'Microsoft.Compute/GetOperationResource;44,Microsoft.Compute/GetOperationSubscriptionMaximum;14999'
    'x-ms-need-to-refresh-epl-cache': 'REDACTED'
    'Strict-Transport-Security': 'REDACTED'
    'x-ms-request-id': '5881ebf1-d30d-4395-95a2-42a14b2929d3'
    'x-ms-operation-identifier': 'REDACTED'
    'x-ms-ratelimit-remaining-subscription-reads': '249'
    'x-ms-ratelimit-remaining-subscription-global-reads': 'REDACTED'
    'x-ms-correlation-request-id': 'REDACTED'
    'x-ms-routing-request-id': 'REDACTED'
    'X-Content-Type-Options': 'REDACTED'
    'X-Cache': 'REDACTED'
    'X-MSEdge-Ref': 'Ref A: 1664B084BAB0451D9CC971A3660DD881 Ref B: PNQ231110908036 Ref C: 2026-05-24T14:08:11Z'
    'Date': 'Sun, 24 May 2026 14:08:11 GMT'
2026-05-24 19:38:12,888 INFO Request URL: 'https://management.azure.com/subscriptions/a8bd7b1b-b9aa-4283-aec4-2040b847d926/providers/Microsoft.Compute/locations/CentralIndia/operations/a4b319f6-ea9a-4b6b-833d-85193ebf783c?p=REDACTED&monitor=REDACTED&api-version=2025-11-01&t=REDACTED&c=REDACTED&s=REDACTED&h=REDACTED'
Request method: 'GET'
Request headers:
    'x-ms-client-request-id': 'fce2e1fd-5779-11f1-af78-088fc34e0447'
    'User-Agent': 'azsdk-python-mgmt-compute/38.0.0 Python/3.12.0 (Windows-11-10.0.22621-SP0)'
    'Authorization': 'REDACTED'
No body was attached to the request
2026-05-24 19:38:13,905 INFO Response status: 200
Response headers:
    'Cache-Control': 'no-cache'
    'Pragma': 'no-cache'
    'Expires': '-1'
    'x-ms-ratelimit-remaining-resource': 'Microsoft.Compute/GetOperationResource;43,Microsoft.Compute/GetOperationSubscriptionMaximum;14998'
    'x-ms-need-to-refresh-epl-cache': 'REDACTED'
    'Strict-Transport-Security': 'REDACTED'
    'x-ms-request-id': '7b116b2b-2d0d-4a01-9b9a-05d506f947ab'
    'x-ms-operation-identifier': 'REDACTED'
    'x-ms-ratelimit-remaining-subscription-reads': '249'
    'x-ms-ratelimit-remaining-subscription-global-reads': 'REDACTED'
    'x-ms-correlation-request-id': 'REDACTED'
    'x-ms-routing-request-id': 'REDACTED'
    'X-Content-Type-Options': 'REDACTED'
    'X-Cache': 'REDACTED'
    'X-MSEdge-Ref': 'Ref A: F35880EDC5974766823D8E553F95AB58 Ref B: PNQ231110908036 Ref C: 2026-05-24T14:08:11Z'
    'Date': 'Sun, 24 May 2026 14:08:12 GMT'
    'Content-Length': '0'
2026-05-24 19:38:13,906 INFO VM started successfully
2026-05-24 19:38:53,119 INFO AzureCliCredential.get_token_info succeeded
2026-05-24 19:38:53,149 INFO Request URL: 'https://management.azure.com/subscriptions/a8bd7b1b-b9aa-4283-aec4-2040b847d926/resourceGroups/AutoProjectRG/providers/Microsoft.Compute/virtualMachines/ProductionUbuntuVM/deallocate?api-version=2025-11-01'
Request method: 'POST'
Request headers:
    'x-ms-client-request-id': '17702a8f-577a-11f1-be10-088fc34e0447'
    'User-Agent': 'azsdk-python-mgmt-compute/38.0.0 Python/3.12.0 (Windows-11-10.0.22621-SP0)'
    'Authorization': 'REDACTED'
No body was attached to the request
2026-05-24 19:38:54,428 INFO Response status: 202
Response headers:
    'Cache-Control': 'no-cache'
    'Pragma': 'no-cache'
    'Expires': '-1'
    'Location': 'REDACTED'
    'Retry-After': '10'
    'Azure-AsyncOperation': 'REDACTED'
    'azure-asyncnotification': 'REDACTED'
    'x-ms-ratelimit-remaining-resource': 'Microsoft.Compute/DeleteVMSubscriptionMaximum;1499,Microsoft.Compute/DeleteVMResource;11'
    'x-ms-need-to-refresh-epl-cache': 'REDACTED'
    'Strict-Transport-Security': 'REDACTED'
    'x-ms-request-id': 'a1aca817-6721-42a1-8f6c-5eed1adf1e5b'
    'x-ms-operation-identifier': 'REDACTED'
    'x-ms-ratelimit-remaining-subscription-writes': '199'
    'x-ms-ratelimit-remaining-subscription-global-writes': 'REDACTED'
    'x-ms-correlation-request-id': 'REDACTED'
    'x-ms-routing-request-id': 'REDACTED'
    'X-Content-Type-Options': 'REDACTED'
    'X-Cache': 'REDACTED'
    'X-MSEdge-Ref': 'Ref A: 2FA9CC1EDD2E4985843E163253DE0208 Ref B: PNQ231110909029 Ref C: 2026-05-24T14:08:52Z'
    'Date': 'Sun, 24 May 2026 14:08:52 GMT'
    'Content-Length': '0'
2026-05-24 19:38:54,430 INFO Request URL: 'https://management.azure.com/subscriptions/a8bd7b1b-b9aa-4283-aec4-2040b847d926/providers/Microsoft.Compute/locations/CentralIndia/operations/a1aca817-6721-42a1-8f6c-5eed1adf1e5b?p=REDACTED&api-version=2025-11-01&t=REDACTED&c=REDACTED&s=REDACTED&h=REDACTED'
Request method: 'GET'
Request headers:
    'x-ms-client-request-id': '17702a8f-577a-11f1-be10-088fc34e0447'
    'User-Agent': 'azsdk-python-mgmt-compute/38.0.0 Python/3.12.0 (Windows-11-10.0.22621-SP0)'
    'Authorization': 'REDACTED'
No body was attached to the request
2026-05-24 19:38:54,773 INFO Response status: 200
Response headers:
    'Cache-Control': 'no-cache'
    'Pragma': 'no-cache'
    'Content-Length': '134'
    'Content-Type': 'application/json; charset=utf-8'
    'Expires': '-1'
    'Retry-After': '30'
    'x-ms-ratelimit-remaining-resource': 'Microsoft.Compute/GetOperationResource;44,Microsoft.Compute/GetOperationSubscriptionMaximum;14996'
    'x-ms-need-to-refresh-epl-cache': 'REDACTED'
    'Strict-Transport-Security': 'REDACTED'
    'x-ms-request-id': 'a3943faf-4661-4699-bba0-01dfe37ced36'
    'x-ms-operation-identifier': 'REDACTED'
    'x-ms-ratelimit-remaining-subscription-reads': '249'
    'x-ms-ratelimit-remaining-subscription-global-reads': 'REDACTED'
    'x-ms-correlation-request-id': 'REDACTED'
    'x-ms-routing-request-id': 'REDACTED'
    'X-Content-Type-Options': 'REDACTED'
    'X-Cache': 'REDACTED'
    'X-MSEdge-Ref': 'Ref A: 3FE86A697C59425FA0AE59260CF99029 Ref B: PNQ231110909029 Ref C: 2026-05-24T14:08:53Z'
    'Date': 'Sun, 24 May 2026 14:08:53 GMT'
2026-05-24 19:39:24,776 INFO Request URL: 'https://management.azure.com/subscriptions/a8bd7b1b-b9aa-4283-aec4-2040b847d926/providers/Microsoft.Compute/locations/CentralIndia/operations/a1aca817-6721-42a1-8f6c-5eed1adf1e5b?p=REDACTED&api-version=2025-11-01&t=REDACTED&c=REDACTED&s=REDACTED&h=REDACTED'
Request method: 'GET'
Request headers:
    'x-ms-client-request-id': '17702a8f-577a-11f1-be10-088fc34e0447'
    'User-Agent': 'azsdk-python-mgmt-compute/38.0.0 Python/3.12.0 (Windows-11-10.0.22621-SP0)'
    'Authorization': 'REDACTED'
No body was attached to the request
2026-05-24 19:39:25,149 INFO Response status: 200
Response headers:
    'Cache-Control': 'no-cache'
    'Pragma': 'no-cache'
    'Content-Length': '184'
    'Content-Type': 'application/json; charset=utf-8'
    'Expires': '-1'
    'x-ms-ratelimit-remaining-resource': 'Microsoft.Compute/GetOperationResource;42,Microsoft.Compute/GetOperationSubscriptionMaximum;14999'
    'x-ms-need-to-refresh-epl-cache': 'REDACTED'
    'Strict-Transport-Security': 'REDACTED'
    'x-ms-request-id': 'e979efb3-aa18-4120-90f6-29e80a5deadd'
    'x-ms-operation-identifier': 'REDACTED'
    'x-ms-ratelimit-remaining-subscription-reads': '249'
    'x-ms-ratelimit-remaining-subscription-global-reads': 'REDACTED'
    'x-ms-correlation-request-id': 'REDACTED'
    'x-ms-routing-request-id': 'REDACTED'
    'X-Content-Type-Options': 'REDACTED'
    'X-Cache': 'REDACTED'
    'X-MSEdge-Ref': 'Ref A: 56BB1993FB7A4449B58E06AF00AD1AA4 Ref B: PNQ231110909029 Ref C: 2026-05-24T14:09:23Z'
    'Date': 'Sun, 24 May 2026 14:09:23 GMT'
2026-05-24 19:39:25,151 INFO Request URL: 'https://management.azure.com/subscriptions/a8bd7b1b-b9aa-4283-aec4-2040b847d926/providers/Microsoft.Compute/locations/CentralIndia/operations/a1aca817-6721-42a1-8f6c-5eed1adf1e5b?p=REDACTED&monitor=REDACTED&api-version=2025-11-01&t=REDACTED&c=REDACTED&s=REDACTED&h=REDACTED'
Request method: 'GET'
Request headers:
    'x-ms-client-request-id': '17702a8f-577a-11f1-be10-088fc34e0447'
    'User-Agent': 'azsdk-python-mgmt-compute/38.0.0 Python/3.12.0 (Windows-11-10.0.22621-SP0)'
    'Authorization': 'REDACTED'
No body was attached to the request
2026-05-24 19:39:25,763 INFO Response status: 200
Response headers:
    'Cache-Control': 'no-cache'
    'Pragma': 'no-cache'
    'Expires': '-1'
    'x-ms-ratelimit-remaining-resource': 'Microsoft.Compute/GetOperationResource;41,Microsoft.Compute/GetOperationSubscriptionMaximum;14998'
    'x-ms-need-to-refresh-epl-cache': 'REDACTED'
    'Strict-Transport-Security': 'REDACTED'
    'x-ms-request-id': 'af4e788b-867e-497d-a97f-57cbab50498f'
    'x-ms-operation-identifier': 'REDACTED'
    'x-ms-ratelimit-remaining-subscription-reads': '249'
    'x-ms-ratelimit-remaining-subscription-global-reads': 'REDACTED'
    'x-ms-correlation-request-id': 'REDACTED'
    'x-ms-routing-request-id': 'REDACTED'
    'X-Content-Type-Options': 'REDACTED'
    'X-Cache': 'REDACTED'
    'X-MSEdge-Ref': 'Ref A: 1D18FF70D0A04A63A3AA25E86C2F0B87 Ref B: PNQ231110909029 Ref C: 2026-05-24T14:09:24Z'
    'Date': 'Sun, 24 May 2026 14:09:24 GMT'
    'Content-Length': '0'
2026-05-24 19:39:25,764 INFO VM stopped successfully
2026-05-24 19:48:25,521 INFO AzureCliCredential.get_token_info succeeded
2026-05-24 19:48:25,543 INFO Request URL: 'https://management.azure.com/subscriptions/a8bd7b1b-b9aa-4283-aec4-2040b847d926/resourceGroups/AutoProjectRG/providers/Microsoft.Compute/virtualMachines/ProductionUbuntuVM/restart?api-version=2025-11-01'
Request method: 'POST'
Request headers:
    'x-ms-client-request-id': '6c9982d3-577b-11f1-ae51-088fc34e0447'
    'User-Agent': 'azsdk-python-mgmt-compute/38.0.0 Python/3.12.0 (Windows-11-10.0.22621-SP0)'
    'Authorization': 'REDACTED'
No body was attached to the request
2026-05-24 19:48:26,948 INFO Response status: 409
Response headers:
    'Cache-Control': 'no-cache'
    'Pragma': 'no-cache'
    'Content-Length': '138'
    'Content-Type': 'application/json; charset=utf-8'
    'Expires': '-1'
    'x-ms-ratelimit-remaining-resource': 'Microsoft.Compute/UpdateVMSubscriptionMaximum;1499,Microsoft.Compute/UpdateVMResource;11'
    'x-ms-need-to-refresh-epl-cache': 'REDACTED'
    'Strict-Transport-Security': 'REDACTED'
    'x-ms-request-id': 'b2e0c331-46ef-4d29-96ea-cf3af920b5c4'
    'x-ms-operation-identifier': 'REDACTED'
    'x-ms-ratelimit-remaining-subscription-writes': '199'
    'x-ms-ratelimit-remaining-subscription-global-writes': 'REDACTED'
    'x-ms-correlation-request-id': 'REDACTED'
    'x-ms-routing-request-id': 'REDACTED'
    'X-Content-Type-Options': 'REDACTED'
    'X-Cache': 'REDACTED'
    'X-MSEdge-Ref': 'Ref A: B1B344A8480B4836A982750CF8874543 Ref B: PNQ231110907042 Ref C: 2026-05-24T14:18:25Z'
    'Date': 'Sun, 24 May 2026 14:18:25 GMT'
2026-05-24 19:48:26,951 ERROR Error restarting VM: (OperationNotAllowed) The operation requires the VM to be running (or set to run).
Code: OperationNotAllowed
Message: The operation requires the VM to be running (or set to run).
2026-05-24 19:49:00,541 INFO AzureCliCredential.get_token_info succeeded
2026-05-24 19:49:00,569 INFO Request URL: 'https://management.azure.com/subscriptions/a8bd7b1b-b9aa-4283-aec4-2040b847d926/resourceGroups/AutoProjectRG/providers/Microsoft.Compute/virtualMachines/ProductionUbuntuVM/start?api-version=2025-11-01'
Request method: 'POST'
Request headers:
    'x-ms-client-request-id': '818809e7-577b-11f1-99af-088fc34e0447'
    'User-Agent': 'azsdk-python-mgmt-compute/38.0.0 Python/3.12.0 (Windows-11-10.0.22621-SP0)'
    'Authorization': 'REDACTED'
No body was attached to the request
2026-05-24 19:49:01,975 INFO Response status: 202
Response headers:
    'Cache-Control': 'no-cache'
    'Pragma': 'no-cache'
    'Expires': '-1'
    'Location': 'REDACTED'
    'Retry-After': '10'
    'Azure-AsyncOperation': 'REDACTED'
    'azure-asyncnotification': 'REDACTED'
    'x-ms-ratelimit-remaining-resource': 'Microsoft.Compute/UpdateVMSubscriptionMaximum;1498,Microsoft.Compute/UpdateVMResource;10'
    'x-ms-need-to-refresh-epl-cache': 'REDACTED'
    'Strict-Transport-Security': 'REDACTED'
    'x-ms-request-id': '556d64fc-3da8-4e3a-9a3e-640a5b0b1576'
    'x-ms-operation-identifier': 'REDACTED'
    'x-ms-ratelimit-remaining-subscription-writes': '199'
    'x-ms-ratelimit-remaining-subscription-global-writes': 'REDACTED'
    'x-ms-correlation-request-id': 'REDACTED'
    'x-ms-routing-request-id': 'REDACTED'
    'X-Content-Type-Options': 'REDACTED'
    'X-Cache': 'REDACTED'
    'X-MSEdge-Ref': 'Ref A: 5E653633F0414BEFAE7A49E7DE3D51CF Ref B: PNQ231110906052 Ref C: 2026-05-24T14:19:00Z'
    'Date': 'Sun, 24 May 2026 14:19:00 GMT'
    'Content-Length': '0'
2026-05-24 19:49:01,977 INFO Request URL: 'https://management.azure.com/subscriptions/a8bd7b1b-b9aa-4283-aec4-2040b847d926/providers/Microsoft.Compute/locations/CentralIndia/operations/556d64fc-3da8-4e3a-9a3e-640a5b0b1576?p=REDACTED&api-version=2025-11-01&t=REDACTED&c=REDACTED&s=REDACTED&h=REDACTED'
Request method: 'GET'
Request headers:
    'x-ms-client-request-id': '818809e7-577b-11f1-99af-088fc34e0447'
    'User-Agent': 'azsdk-python-mgmt-compute/38.0.0 Python/3.12.0 (Windows-11-10.0.22621-SP0)'
    'Authorization': 'REDACTED'
No body was attached to the request
2026-05-24 19:49:02,748 INFO Response status: 200
Response headers:
    'Cache-Control': 'no-cache'
    'Pragma': 'no-cache'
    'Content-Length': '134'
    'Content-Type': 'application/json; charset=utf-8'
    'Expires': '-1'
    'Retry-After': '10'
    'x-ms-ratelimit-remaining-resource': 'Microsoft.Compute/GetOperationResource;44,Microsoft.Compute/GetOperationSubscriptionMaximum;14999'
    'x-ms-need-to-refresh-epl-cache': 'REDACTED'
    'Strict-Transport-Security': 'REDACTED'
    'x-ms-request-id': '8b89f379-7aa2-4879-8aae-90a8778fe6ef'
    'x-ms-operation-identifier': 'REDACTED'
    'x-ms-ratelimit-remaining-subscription-reads': '249'
    'x-ms-ratelimit-remaining-subscription-global-reads': 'REDACTED'
    'x-ms-correlation-request-id': 'REDACTED'
    'x-ms-routing-request-id': 'REDACTED'
    'X-Content-Type-Options': 'REDACTED'
    'X-Cache': 'REDACTED'
    'X-MSEdge-Ref': 'Ref A: FC7E0CEBCCE24E73B1487C807D9858A7 Ref B: PNQ231110906052 Ref C: 2026-05-24T14:19:00Z'
    'Date': 'Sun, 24 May 2026 14:19:00 GMT'
2026-05-24 19:49:12,753 INFO Request URL: 'https://management.azure.com/subscriptions/a8bd7b1b-b9aa-4283-aec4-2040b847d926/providers/Microsoft.Compute/locations/CentralIndia/operations/556d64fc-3da8-4e3a-9a3e-640a5b0b1576?p=REDACTED&api-version=2025-11-01&t=REDACTED&c=REDACTED&s=REDACTED&h=REDACTED'
Request method: 'GET'
Request headers:
    'x-ms-client-request-id': '818809e7-577b-11f1-99af-088fc34e0447'
    'User-Agent': 'azsdk-python-mgmt-compute/38.0.0 Python/3.12.0 (Windows-11-10.0.22621-SP0)'
    'Authorization': 'REDACTED'
No body was attached to the request
2026-05-24 19:49:12,838 INFO Response status: 200
Response headers:
    'Cache-Control': 'no-cache'
    'Pragma': 'no-cache'
    'Content-Length': '134'
    'Content-Type': 'application/json; charset=utf-8'
    'Expires': '-1'
    'Retry-After': '30'
    'x-ms-ratelimit-remaining-resource': 'Microsoft.Compute/GetOperationResource;43,Microsoft.Compute/GetOperationSubscriptionMaximum;14998'
    'x-ms-need-to-refresh-epl-cache': 'REDACTED'
    'Strict-Transport-Security': 'REDACTED'
    'x-ms-request-id': '51e87feb-89e9-4843-bd01-8e1fc039e851'
    'x-ms-operation-identifier': 'REDACTED'
    'x-ms-ratelimit-remaining-subscription-reads': '249'
    'x-ms-ratelimit-remaining-subscription-global-reads': 'REDACTED'
    'x-ms-correlation-request-id': 'REDACTED'
    'x-ms-routing-request-id': 'REDACTED'
    'X-Content-Type-Options': 'REDACTED'
    'X-Cache': 'REDACTED'
    'X-MSEdge-Ref': 'Ref A: A0B556300C144ED9A124B801698606F3 Ref B: PNQ231110906052 Ref C: 2026-05-24T14:19:11Z'
    'Date': 'Sun, 24 May 2026 14:19:11 GMT'
2026-05-24 19:49:42,840 INFO Request URL: 'https://management.azure.com/subscriptions/a8bd7b1b-b9aa-4283-aec4-2040b847d926/providers/Microsoft.Compute/locations/CentralIndia/operations/556d64fc-3da8-4e3a-9a3e-640a5b0b1576?p=REDACTED&api-version=2025-11-01&t=REDACTED&c=REDACTED&s=REDACTED&h=REDACTED'
Request method: 'GET'
Request headers:
    'x-ms-client-request-id': '818809e7-577b-11f1-99af-088fc34e0447'
    'User-Agent': 'azsdk-python-mgmt-compute/38.0.0 Python/3.12.0 (Windows-11-10.0.22621-SP0)'
    'Authorization': 'REDACTED'
No body was attached to the request
2026-05-24 19:49:43,007 INFO Response status: 200
Response headers:
    'Cache-Control': 'no-cache'
    'Pragma': 'no-cache'
    'Content-Length': '184'
    'Content-Type': 'application/json; charset=utf-8'
    'Expires': '-1'
    'x-ms-ratelimit-remaining-resource': 'Microsoft.Compute/GetOperationResource;41,Microsoft.Compute/GetOperationSubscriptionMaximum;14998'
    'x-ms-need-to-refresh-epl-cache': 'REDACTED'
    'Strict-Transport-Security': 'REDACTED'
    'x-ms-request-id': 'cbcabfc7-2e30-4e37-9973-06f189d24685'
    'x-ms-operation-identifier': 'REDACTED'
    'x-ms-ratelimit-remaining-subscription-reads': '249'
    'x-ms-ratelimit-remaining-subscription-global-reads': 'REDACTED'
    'x-ms-correlation-request-id': 'REDACTED'
    'x-ms-routing-request-id': 'REDACTED'
    'X-Content-Type-Options': 'REDACTED'
    'X-Cache': 'REDACTED'
    'X-MSEdge-Ref': 'Ref A: 651078AE1BB746E4BD15C6FFDA8253D2 Ref B: PNQ231110906052 Ref C: 2026-05-24T14:19:41Z'
    'Date': 'Sun, 24 May 2026 14:19:41 GMT'
2026-05-24 19:49:43,009 INFO Request URL: 'https://management.azure.com/subscriptions/a8bd7b1b-b9aa-4283-aec4-2040b847d926/providers/Microsoft.Compute/locations/CentralIndia/operations/556d64fc-3da8-4e3a-9a3e-640a5b0b1576?p=REDACTED&monitor=REDACTED&api-version=2025-11-01&t=REDACTED&c=REDACTED&s=REDACTED&h=REDACTED'
Request method: 'GET'
Request headers:
    'x-ms-client-request-id': '818809e7-577b-11f1-99af-088fc34e0447'
    'User-Agent': 'azsdk-python-mgmt-compute/38.0.0 Python/3.12.0 (Windows-11-10.0.22621-SP0)'
    'Authorization': 'REDACTED'
No body was attached to the request
2026-05-24 19:49:43,343 INFO Response status: 200
Response headers:
    'Cache-Control': 'no-cache'
    'Pragma': 'no-cache'
    'Expires': '-1'
    'x-ms-ratelimit-remaining-resource': 'Microsoft.Compute/GetOperationResource;40,Microsoft.Compute/GetOperationSubscriptionMaximum;14997'
    'x-ms-need-to-refresh-epl-cache': 'REDACTED'
    'Strict-Transport-Security': 'REDACTED'
    'x-ms-request-id': 'c0782c8e-19e8-4730-a06c-ed2b13dd438f'
    'x-ms-operation-identifier': 'REDACTED'
    'x-ms-ratelimit-remaining-subscription-reads': '249'
    'x-ms-ratelimit-remaining-subscription-global-reads': 'REDACTED'
    'x-ms-correlation-request-id': 'REDACTED'
    'x-ms-routing-request-id': 'REDACTED'
    'X-Content-Type-Options': 'REDACTED'
    'X-Cache': 'REDACTED'
    'X-MSEdge-Ref': 'Ref A: 00D9E4620F8540D69590A4CE0BB0CD94 Ref B: PNQ231110906052 Ref C: 2026-05-24T14:19:41Z'
    'Date': 'Sun, 24 May 2026 14:19:41 GMT'
    'Content-Length': '0'
2026-05-24 19:49:43,344 INFO VM started successfully
2026-05-24 19:50:18,425 INFO AzureCliCredential.get_token_info succeeded
2026-05-24 19:50:18,447 INFO Request URL: 'https://management.azure.com/subscriptions/a8bd7b1b-b9aa-4283-aec4-2040b847d926/resourceGroups/AutoProjectRG/providers/Microsoft.Compute/virtualMachines/ProductionUbuntuVM/restart?api-version=2025-11-01'
Request method: 'POST'
Request headers:
    'x-ms-client-request-id': 'afec1248-577b-11f1-90be-088fc34e0447'
    'User-Agent': 'azsdk-python-mgmt-compute/38.0.0 Python/3.12.0 (Windows-11-10.0.22621-SP0)'
    'Authorization': 'REDACTED'
No body was attached to the request
2026-05-24 19:50:19,917 INFO Response status: 202
Response headers:
    'Cache-Control': 'no-cache'
    'Pragma': 'no-cache'
    'Expires': '-1'
    'Location': 'REDACTED'
    'Retry-After': '10'
    'Azure-AsyncOperation': 'REDACTED'
    'azure-asyncnotification': 'REDACTED'
    'x-ms-ratelimit-remaining-resource': 'Microsoft.Compute/UpdateVMSubscriptionMaximum;1499,Microsoft.Compute/UpdateVMResource;11'
    'x-ms-need-to-refresh-epl-cache': 'REDACTED'
    'Strict-Transport-Security': 'REDACTED'
    'x-ms-request-id': '36f76bc3-c9a7-4d54-b7f9-65fe1f0478ce'
    'x-ms-operation-identifier': 'REDACTED'
    'x-ms-ratelimit-remaining-subscription-writes': '199'
    'x-ms-ratelimit-remaining-subscription-global-writes': 'REDACTED'
    'x-ms-correlation-request-id': 'REDACTED'
    'x-ms-routing-request-id': 'REDACTED'
    'X-Content-Type-Options': 'REDACTED'
    'X-Cache': 'REDACTED'
    'X-MSEdge-Ref': 'Ref A: D1AC0DEF661044D4BF20F69E21058C2F Ref B: PNQ231110906025 Ref C: 2026-05-24T14:20:18Z'
    'Date': 'Sun, 24 May 2026 14:20:18 GMT'
    'Content-Length': '0'
2026-05-24 19:50:19,919 INFO Request URL: 'https://management.azure.com/subscriptions/a8bd7b1b-b9aa-4283-aec4-2040b847d926/providers/Microsoft.Compute/locations/CentralIndia/operations/36f76bc3-c9a7-4d54-b7f9-65fe1f0478ce?p=REDACTED&api-version=2025-11-01&t=REDACTED&c=REDACTED&s=REDACTED&h=REDACTED'
Request method: 'GET'
Request headers:
    'x-ms-client-request-id': 'afec1248-577b-11f1-90be-088fc34e0447'
    'User-Agent': 'azsdk-python-mgmt-compute/38.0.0 Python/3.12.0 (Windows-11-10.0.22621-SP0)'
    'Authorization': 'REDACTED'
No body was attached to the request
2026-05-24 19:50:20,416 INFO Response status: 200
Response headers:
    'Cache-Control': 'no-cache'
    'Pragma': 'no-cache'
    'Content-Length': '134'
    'Content-Type': 'application/json; charset=utf-8'
    'Expires': '-1'
    'Retry-After': '10'
    'x-ms-ratelimit-remaining-resource': 'Microsoft.Compute/GetOperationResource;44,Microsoft.Compute/GetOperationSubscriptionMaximum;14999'
    'x-ms-need-to-refresh-epl-cache': 'REDACTED'
    'Strict-Transport-Security': 'REDACTED'
    'x-ms-request-id': 'a65db000-ee88-4ad3-9cb3-2943f4e8a542'
    'x-ms-operation-identifier': 'REDACTED'
    'x-ms-ratelimit-remaining-subscription-reads': '249'
    'x-ms-ratelimit-remaining-subscription-global-reads': 'REDACTED'
    'x-ms-correlation-request-id': 'REDACTED'
    'x-ms-routing-request-id': 'REDACTED'
    'X-Content-Type-Options': 'REDACTED'
    'X-Cache': 'REDACTED'
    'X-MSEdge-Ref': 'Ref A: F7D613BBE6C947B28FFC5EDAC46BDD83 Ref B: PNQ231110906025 Ref C: 2026-05-24T14:20:18Z'
    'Date': 'Sun, 24 May 2026 14:20:19 GMT'
2026-05-24 19:50:30,420 INFO Request URL: 'https://management.azure.com/subscriptions/a8bd7b1b-b9aa-4283-aec4-2040b847d926/providers/Microsoft.Compute/locations/CentralIndia/operations/36f76bc3-c9a7-4d54-b7f9-65fe1f0478ce?p=REDACTED&api-version=2025-11-01&t=REDACTED&c=REDACTED&s=REDACTED&h=REDACTED'
Request method: 'GET'
Request headers:
    'x-ms-client-request-id': 'afec1248-577b-11f1-90be-088fc34e0447'
    'User-Agent': 'azsdk-python-mgmt-compute/38.0.0 Python/3.12.0 (Windows-11-10.0.22621-SP0)'
    'Authorization': 'REDACTED'
No body was attached to the request
2026-05-24 19:50:30,777 INFO Response status: 200
Response headers:
    'Cache-Control': 'no-cache'
    'Pragma': 'no-cache'
    'Content-Length': '134'
    'Content-Type': 'application/json; charset=utf-8'
    'Expires': '-1'
    'Retry-After': '30'
    'x-ms-ratelimit-remaining-resource': 'Microsoft.Compute/GetOperationResource;43,Microsoft.Compute/GetOperationSubscriptionMaximum;14998'
    'x-ms-need-to-refresh-epl-cache': 'REDACTED'
    'Strict-Transport-Security': 'REDACTED'
    'x-ms-request-id': '2ef13503-bd08-4a1d-97eb-aa2774e8eff6'
    'x-ms-operation-identifier': 'REDACTED'
    'x-ms-ratelimit-remaining-subscription-reads': '249'
    'x-ms-ratelimit-remaining-subscription-global-reads': 'REDACTED'
    'x-ms-correlation-request-id': 'REDACTED'
    'x-ms-routing-request-id': 'REDACTED'
    'X-Content-Type-Options': 'REDACTED'
    'X-Cache': 'REDACTED'
    'X-MSEdge-Ref': 'Ref A: D536FB25FF8C4EAEBC0CB54C84A0032A Ref B: PNQ231110906025 Ref C: 2026-05-24T14:20:29Z'
    'Date': 'Sun, 24 May 2026 14:20:29 GMT'
2026-05-24 19:51:00,780 INFO Request URL: 'https://management.azure.com/subscriptions/a8bd7b1b-b9aa-4283-aec4-2040b847d926/providers/Microsoft.Compute/locations/CentralIndia/operations/36f76bc3-c9a7-4d54-b7f9-65fe1f0478ce?p=REDACTED&api-version=2025-11-01&t=REDACTED&c=REDACTED&s=REDACTED&h=REDACTED'
Request method: 'GET'
Request headers:
    'x-ms-client-request-id': 'afec1248-577b-11f1-90be-088fc34e0447'
    'User-Agent': 'azsdk-python-mgmt-compute/38.0.0 Python/3.12.0 (Windows-11-10.0.22621-SP0)'
    'Authorization': 'REDACTED'
No body was attached to the request
2026-05-24 19:51:01,146 INFO Response status: 200
Response headers:
    'Cache-Control': 'no-cache'
    'Pragma': 'no-cache'
    'Content-Length': '184'
    'Content-Type': 'application/json; charset=utf-8'
    'Expires': '-1'
    'x-ms-ratelimit-remaining-resource': 'Microsoft.Compute/GetOperationResource;41,Microsoft.Compute/GetOperationSubscriptionMaximum;14996'
    'x-ms-need-to-refresh-epl-cache': 'REDACTED'
    'Strict-Transport-Security': 'REDACTED'
    'x-ms-request-id': '926e207e-faa9-46b8-8113-0ee6f2630e9d'
    'x-ms-operation-identifier': 'REDACTED'
    'x-ms-ratelimit-remaining-subscription-reads': '249'
    'x-ms-ratelimit-remaining-subscription-global-reads': 'REDACTED'
    'x-ms-correlation-request-id': 'REDACTED'
    'x-ms-routing-request-id': 'REDACTED'
    'X-Content-Type-Options': 'REDACTED'
    'X-Cache': 'REDACTED'
    'X-MSEdge-Ref': 'Ref A: EFA44846AABC4FE3BA6D4969AD73656F Ref B: PNQ231110906025 Ref C: 2026-05-24T14:20:59Z'
    'Date': 'Sun, 24 May 2026 14:20:59 GMT'
2026-05-24 19:51:01,147 INFO Request URL: 'https://management.azure.com/subscriptions/a8bd7b1b-b9aa-4283-aec4-2040b847d926/providers/Microsoft.Compute/locations/CentralIndia/operations/36f76bc3-c9a7-4d54-b7f9-65fe1f0478ce?p=REDACTED&monitor=REDACTED&api-version=2025-11-01&t=REDACTED&c=REDACTED&s=REDACTED&h=REDACTED'
Request method: 'GET'
Request headers:
    'x-ms-client-request-id': 'afec1248-577b-11f1-90be-088fc34e0447'
    'User-Agent': 'azsdk-python-mgmt-compute/38.0.0 Python/3.12.0 (Windows-11-10.0.22621-SP0)'
    'Authorization': 'REDACTED'
No body was attached to the request
2026-05-24 19:51:01,551 INFO Response status: 200
Response headers:
    'Cache-Control': 'no-cache'
    'Pragma': 'no-cache'
    'Expires': '-1'
    'x-ms-ratelimit-remaining-resource': 'Microsoft.Compute/GetOperationResource;40,Microsoft.Compute/GetOperationSubscriptionMaximum;14995'
    'x-ms-need-to-refresh-epl-cache': 'REDACTED'
    'Strict-Transport-Security': 'REDACTED'
    'x-ms-request-id': '0bdfd53c-779c-4077-8247-dfb4f9565074'
    'x-ms-operation-identifier': 'REDACTED'
    'x-ms-ratelimit-remaining-subscription-reads': '249'
    'x-ms-ratelimit-remaining-subscription-global-reads': 'REDACTED'
    'x-ms-correlation-request-id': 'REDACTED'
    'x-ms-routing-request-id': 'REDACTED'
    'X-Content-Type-Options': 'REDACTED'
    'X-Cache': 'REDACTED'
    'X-MSEdge-Ref': 'Ref A: FD0221DF101D4B838639AA0D10C9D4AD Ref B: PNQ231110906025 Ref C: 2026-05-24T14:21:00Z'
    'Date': 'Sun, 24 May 2026 14:21:00 GMT'
    'Content-Length': '0'
2026-05-24 19:51:01,562 INFO VM restarted successfully
2026-05-24 19:53:59,084 INFO AzureCliCredential.get_token_info succeeded
2026-05-24 19:53:59,107 INFO Request URL: 'https://management.azure.com/subscriptions/a8bd7b1b-b9aa-4283-aec4-2040b847d926/resourceGroups/AutoProjectRG/providers/Microsoft.Compute/virtualMachines/ProductionUbuntuVM/deallocate?api-version=2025-11-01'
Request method: 'POST'
Request headers:
    'x-ms-client-request-id': '335bc99c-577c-11f1-a64a-088fc34e0447'
    'User-Agent': 'azsdk-python-mgmt-compute/38.0.0 Python/3.12.0 (Windows-11-10.0.22621-SP0)'
    'Authorization': 'REDACTED'
No body was attached to the request
2026-05-24 19:54:00,422 INFO Response status: 202
Response headers:
    'Cache-Control': 'no-cache'
    'Pragma': 'no-cache'
    'Expires': '-1'
    'Location': 'REDACTED'
    'Retry-After': '10'
    'Azure-AsyncOperation': 'REDACTED'
    'azure-asyncnotification': 'REDACTED'
    'x-ms-ratelimit-remaining-resource': 'Microsoft.Compute/DeleteVMSubscriptionMaximum;1499,Microsoft.Compute/DeleteVMResource;11'
    'x-ms-need-to-refresh-epl-cache': 'REDACTED'
    'Strict-Transport-Security': 'REDACTED'
    'x-ms-request-id': '9a4cd312-d91a-4034-b0fb-e23949ba3e72'
    'x-ms-operation-identifier': 'REDACTED'
    'x-ms-ratelimit-remaining-subscription-writes': '199'
    'x-ms-ratelimit-remaining-subscription-global-writes': 'REDACTED'
    'x-ms-correlation-request-id': 'REDACTED'
    'x-ms-routing-request-id': 'REDACTED'
    'X-Content-Type-Options': 'REDACTED'
    'X-Cache': 'REDACTED'
    'X-MSEdge-Ref': 'Ref A: C5DB7D25B8AE4CBFBEC49D7F9BF8C873 Ref B: PNQ231110906040 Ref C: 2026-05-24T14:23:58Z'
    'Date': 'Sun, 24 May 2026 14:23:59 GMT'
    'Content-Length': '0'
2026-05-24 19:54:00,424 INFO Request URL: 'https://management.azure.com/subscriptions/a8bd7b1b-b9aa-4283-aec4-2040b847d926/providers/Microsoft.Compute/locations/CentralIndia/operations/9a4cd312-d91a-4034-b0fb-e23949ba3e72?p=REDACTED&api-version=2025-11-01&t=REDACTED&c=REDACTED&s=REDACTED&h=REDACTED'
Request method: 'GET'
Request headers:
    'x-ms-client-request-id': '335bc99c-577c-11f1-a64a-088fc34e0447'
    'User-Agent': 'azsdk-python-mgmt-compute/38.0.0 Python/3.12.0 (Windows-11-10.0.22621-SP0)'
    'Authorization': 'REDACTED'
No body was attached to the request
2026-05-24 19:54:00,762 INFO Response status: 200
Response headers:
    'Cache-Control': 'no-cache'
    'Pragma': 'no-cache'
    'Content-Length': '134'
    'Content-Type': 'application/json; charset=utf-8'
    'Expires': '-1'
    'Retry-After': '30'
    'x-ms-ratelimit-remaining-resource': 'Microsoft.Compute/GetOperationResource;44,Microsoft.Compute/GetOperationSubscriptionMaximum;14999'
    'x-ms-need-to-refresh-epl-cache': 'REDACTED'
    'Strict-Transport-Security': 'REDACTED'
    'x-ms-request-id': '3788db66-7809-4f67-ba27-abf5f9cc86fb'
    'x-ms-operation-identifier': 'REDACTED'
    'x-ms-ratelimit-remaining-subscription-reads': '249'
    'x-ms-ratelimit-remaining-subscription-global-reads': 'REDACTED'
    'x-ms-correlation-request-id': 'REDACTED'
    'x-ms-routing-request-id': 'REDACTED'
    'X-Content-Type-Options': 'REDACTED'
    'X-Cache': 'REDACTED'
    'X-MSEdge-Ref': 'Ref A: 007DB0211FAA4B0CB8A7E1CD45C165DA Ref B: PNQ231110906040 Ref C: 2026-05-24T14:23:59Z'
    'Date': 'Sun, 24 May 2026 14:23:59 GMT'
2026-05-24 19:54:30,767 INFO Request URL: 'https://management.azure.com/subscriptions/a8bd7b1b-b9aa-4283-aec4-2040b847d926/providers/Microsoft.Compute/locations/CentralIndia/operations/9a4cd312-d91a-4034-b0fb-e23949ba3e72?p=REDACTED&api-version=2025-11-01&t=REDACTED&c=REDACTED&s=REDACTED&h=REDACTED'
Request method: 'GET'
Request headers:
    'x-ms-client-request-id': '335bc99c-577c-11f1-a64a-088fc34e0447'
    'User-Agent': 'azsdk-python-mgmt-compute/38.0.0 Python/3.12.0 (Windows-11-10.0.22621-SP0)'
    'Authorization': 'REDACTED'
No body was attached to the request
2026-05-24 19:54:31,333 INFO Response status: 200
Response headers:
    'Cache-Control': 'no-cache'
    'Pragma': 'no-cache'
    'Content-Length': '184'
    'Content-Type': 'application/json; charset=utf-8'
    'Expires': '-1'
    'x-ms-ratelimit-remaining-resource': 'Microsoft.Compute/GetOperationResource;42,Microsoft.Compute/GetOperationSubscriptionMaximum;14998'
    'x-ms-need-to-refresh-epl-cache': 'REDACTED'
    'Strict-Transport-Security': 'REDACTED'
    'x-ms-request-id': '0562f50e-93fd-4747-a074-879d7d02649a'
    'x-ms-operation-identifier': 'REDACTED'
    'x-ms-ratelimit-remaining-subscription-reads': '249'
    'x-ms-ratelimit-remaining-subscription-global-reads': 'REDACTED'
    'x-ms-correlation-request-id': 'REDACTED'
    'x-ms-routing-request-id': 'REDACTED'
    'X-Content-Type-Options': 'REDACTED'
    'X-Cache': 'REDACTED'
    'X-MSEdge-Ref': 'Ref A: 078F15A08ED44A0A9EAE42B9071A217C Ref B: PNQ231110906040 Ref C: 2026-05-24T14:24:29Z'
    'Date': 'Sun, 24 May 2026 14:24:30 GMT'
2026-05-24 19:54:31,335 INFO Request URL: 'https://management.azure.com/subscriptions/a8bd7b1b-b9aa-4283-aec4-2040b847d926/providers/Microsoft.Compute/locations/CentralIndia/operations/9a4cd312-d91a-4034-b0fb-e23949ba3e72?p=REDACTED&monitor=REDACTED&api-version=2025-11-01&t=REDACTED&c=REDACTED&s=REDACTED&h=REDACTED'
Request method: 'GET'
Request headers:
    'x-ms-client-request-id': '335bc99c-577c-11f1-a64a-088fc34e0447'
    'User-Agent': 'azsdk-python-mgmt-compute/38.0.0 Python/3.12.0 (Windows-11-10.0.22621-SP0)'
    'Authorization': 'REDACTED'
No body was attached to the request
2026-05-24 19:54:31,470 INFO Response status: 200
Response headers:
    'Cache-Control': 'no-cache'
    'Pragma': 'no-cache'
    'Expires': '-1'
    'x-ms-ratelimit-remaining-resource': 'Microsoft.Compute/GetOperationResource;41,Microsoft.Compute/GetOperationSubscriptionMaximum;14997'
    'x-ms-need-to-refresh-epl-cache': 'REDACTED'
    'Strict-Transport-Security': 'REDACTED'
    'x-ms-request-id': 'e66d4b3d-bfaa-4f2c-a9b6-0873e13dc09f'
    'x-ms-operation-identifier': 'REDACTED'
    'x-ms-ratelimit-remaining-subscription-reads': '249'
    'x-ms-ratelimit-remaining-subscription-global-reads': 'REDACTED'
    'x-ms-correlation-request-id': 'REDACTED'
    'x-ms-routing-request-id': 'REDACTED'
    'X-Content-Type-Options': 'REDACTED'
    'X-Cache': 'REDACTED'
    'X-MSEdge-Ref': 'Ref A: BBD1F1A6922B486FA8287B7829BBAB69 Ref B: PNQ231110906040 Ref C: 2026-05-24T14:24:30Z'
    'Date': 'Sun, 24 May 2026 14:24:30 GMT'
    'Content-Length': '0'
2026-05-24 19:54:31,472 INFO VM stopped successfully
2026-05-24 23:31:38,374 INFO AzureCliCredential.get_token_info succeeded
2026-05-24 23:31:38,395 INFO Request URL: 'https://management.azure.com/subscriptions/a8bd7b1b-b9aa-4283-aec4-2040b847d926/resourceGroups/AutoProjectRG/providers/Microsoft.Compute/virtualMachines/ProductionUbuntuVM/start?api-version=2025-11-01'
Request method: 'POST'
Request headers:
    'x-ms-client-request-id': '9bc1463c-579a-11f1-b226-088fc34e0447'
    'User-Agent': 'azsdk-python-mgmt-compute/38.0.0 Python/3.12.0 (Windows-11-10.0.22621-SP0)'
    'Authorization': 'REDACTED'
No body was attached to the request
2026-05-24 23:31:39,441 INFO Response status: 202
Response headers:
    'Cache-Control': 'no-cache'
    'Pragma': 'no-cache'
    'Expires': '-1'
    'Location': 'REDACTED'
    'Retry-After': '10'
    'Azure-AsyncOperation': 'REDACTED'
    'azure-asyncnotification': 'REDACTED'
    'x-ms-ratelimit-remaining-resource': 'Microsoft.Compute/UpdateVMSubscriptionMaximum;1499,Microsoft.Compute/UpdateVMResource;11'
    'x-ms-need-to-refresh-epl-cache': 'REDACTED'
    'Strict-Transport-Security': 'REDACTED'
    'x-ms-request-id': '3bf649c1-a96c-4687-ae88-71b80a3f3483'
    'x-ms-operation-identifier': 'REDACTED'
    'x-ms-ratelimit-remaining-subscription-writes': '199'
    'x-ms-ratelimit-remaining-subscription-global-writes': 'REDACTED'
    'x-ms-correlation-request-id': 'REDACTED'
    'x-ms-routing-request-id': 'REDACTED'
    'X-Content-Type-Options': 'REDACTED'
    'X-Cache': 'REDACTED'
    'X-MSEdge-Ref': 'Ref A: 8F57772452FC49ACA01FBA30B6597D19 Ref B: PNQ231110907042 Ref C: 2026-05-24T18:01:38Z'
    'Date': 'Sun, 24 May 2026 18:01:37 GMT'
    'Content-Length': '0'
2026-05-24 23:31:39,443 INFO Request URL: 'https://management.azure.com/subscriptions/a8bd7b1b-b9aa-4283-aec4-2040b847d926/providers/Microsoft.Compute/locations/CentralIndia/operations/3bf649c1-a96c-4687-ae88-71b80a3f3483?p=REDACTED&api-version=2025-11-01&t=REDACTED&c=REDACTED&s=REDACTED&h=REDACTED'
Request method: 'GET'
Request headers:
    'x-ms-client-request-id': '9bc1463c-579a-11f1-b226-088fc34e0447'
    'User-Agent': 'azsdk-python-mgmt-compute/38.0.0 Python/3.12.0 (Windows-11-10.0.22621-SP0)'
    'Authorization': 'REDACTED'
No body was attached to the request
2026-05-24 23:31:40,000 INFO Response status: 200
Response headers:
    'Cache-Control': 'no-cache'
    'Pragma': 'no-cache'
    'Content-Length': '134'
    'Content-Type': 'application/json; charset=utf-8'
    'Expires': '-1'
    'Retry-After': '10'
    'x-ms-ratelimit-remaining-resource': 'Microsoft.Compute/GetOperationResource;44,Microsoft.Compute/GetOperationSubscriptionMaximum;14999'
    'x-ms-need-to-refresh-epl-cache': 'REDACTED'
    'Strict-Transport-Security': 'REDACTED'
    'x-ms-request-id': 'ae85a01a-8a5c-4ce0-a43d-15aa29625fa0'
    'x-ms-operation-identifier': 'REDACTED'
    'x-ms-ratelimit-remaining-subscription-reads': '249'
    'x-ms-ratelimit-remaining-subscription-global-reads': 'REDACTED'
    'x-ms-correlation-request-id': 'REDACTED'
    'x-ms-routing-request-id': 'REDACTED'
    'X-Content-Type-Options': 'REDACTED'
    'X-Cache': 'REDACTED'
    'X-MSEdge-Ref': 'Ref A: 4A54A753901542B1B976ABDC664A3367 Ref B: PNQ231110907042 Ref C: 2026-05-24T18:01:38Z'
    'Date': 'Sun, 24 May 2026 18:01:38 GMT'
2026-05-24 23:31:50,013 INFO Request URL: 'https://management.azure.com/subscriptions/a8bd7b1b-b9aa-4283-aec4-2040b847d926/providers/Microsoft.Compute/locations/CentralIndia/operations/3bf649c1-a96c-4687-ae88-71b80a3f3483?p=REDACTED&api-version=2025-11-01&t=REDACTED&c=REDACTED&s=REDACTED&h=REDACTED'
Request method: 'GET'
Request headers:
    'x-ms-client-request-id': '9bc1463c-579a-11f1-b226-088fc34e0447'
    'User-Agent': 'azsdk-python-mgmt-compute/38.0.0 Python/3.12.0 (Windows-11-10.0.22621-SP0)'
    'Authorization': 'REDACTED'
No body was attached to the request
2026-05-24 23:31:50,322 INFO Response status: 200
Response headers:
    'Cache-Control': 'no-cache'
    'Pragma': 'no-cache'
    'Content-Length': '184'
    'Content-Type': 'application/json; charset=utf-8'
    'Expires': '-1'
    'x-ms-ratelimit-remaining-resource': 'Microsoft.Compute/GetOperationResource;43,Microsoft.Compute/GetOperationSubscriptionMaximum;14998'
    'x-ms-need-to-refresh-epl-cache': 'REDACTED'
    'Strict-Transport-Security': 'REDACTED'
    'x-ms-request-id': 'e0e0556e-57de-4bb7-964e-9d070cc7f423'
    'x-ms-operation-identifier': 'REDACTED'
    'x-ms-ratelimit-remaining-subscription-reads': '249'
    'x-ms-ratelimit-remaining-subscription-global-reads': 'REDACTED'
    'x-ms-correlation-request-id': 'REDACTED'
    'x-ms-routing-request-id': 'REDACTED'
    'X-Content-Type-Options': 'REDACTED'
    'X-Cache': 'REDACTED'
    'X-MSEdge-Ref': 'Ref A: 5C62FE6D16974A66B74CE443B643F04C Ref B: PNQ231110907042 Ref C: 2026-05-24T18:01:49Z'
    'Date': 'Sun, 24 May 2026 18:01:48 GMT'
2026-05-24 23:31:50,322 INFO Request URL: 'https://management.azure.com/subscriptions/a8bd7b1b-b9aa-4283-aec4-2040b847d926/providers/Microsoft.Compute/locations/CentralIndia/operations/3bf649c1-a96c-4687-ae88-71b80a3f3483?p=REDACTED&monitor=REDACTED&api-version=2025-11-01&t=REDACTED&c=REDACTED&s=REDACTED&h=REDACTED'
Request method: 'GET'
Request headers:
    'x-ms-client-request-id': '9bc1463c-579a-11f1-b226-088fc34e0447'
    'User-Agent': 'azsdk-python-mgmt-compute/38.0.0 Python/3.12.0 (Windows-11-10.0.22621-SP0)'
    'Authorization': 'REDACTED'
No body was attached to the request
2026-05-24 23:31:50,869 INFO Response status: 200
Response headers:
    'Cache-Control': 'no-cache'
    'Pragma': 'no-cache'
    'Expires': '-1'
    'x-ms-ratelimit-remaining-resource': 'Microsoft.Compute/GetOperationResource;41,Microsoft.Compute/GetOperationSubscriptionMaximum;14996'
    'x-ms-need-to-refresh-epl-cache': 'REDACTED'
    'Strict-Transport-Security': 'REDACTED'
    'x-ms-request-id': 'd8f9a974-5247-4963-87e9-c6e1ae586213'
    'x-ms-operation-identifier': 'REDACTED'
    'x-ms-ratelimit-remaining-subscription-reads': '249'
    'x-ms-ratelimit-remaining-subscription-global-reads': 'REDACTED'
    'x-ms-correlation-request-id': 'REDACTED'
    'x-ms-routing-request-id': 'REDACTED'
    'X-Content-Type-Options': 'REDACTED'
    'X-Cache': 'REDACTED'
    'X-MSEdge-Ref': 'Ref A: 6A4A9FAD5B634C408E2033E8C858C293 Ref B: PNQ231110907042 Ref C: 2026-05-24T18:01:49Z'
    'Date': 'Sun, 24 May 2026 18:01:49 GMT'
    'Content-Length': '0'
2026-05-24 23:31:50,875 INFO VM started successfully
2026-05-24 23:35:47,217 INFO AzureCliCredential.get_token_info succeeded
2026-05-24 23:35:47,234 INFO Request URL: 'https://management.azure.com/subscriptions/a8bd7b1b-b9aa-4283-aec4-2040b847d926/resourceGroups/AutoProjectRG/providers/Microsoft.Compute/virtualMachines/ProductionUbuntuVM/deallocate?api-version=2025-11-01'
Request method: 'POST'
Request headers:
    'x-ms-client-request-id': '30081e0d-579b-11f1-a0a3-088fc34e0447'
    'User-Agent': 'azsdk-python-mgmt-compute/38.0.0 Python/3.12.0 (Windows-11-10.0.22621-SP0)'
    'Authorization': 'REDACTED'
No body was attached to the request
2026-05-24 23:35:48,334 INFO Response status: 202
Response headers:
    'Cache-Control': 'no-cache'
    'Pragma': 'no-cache'
    'Expires': '-1'
    'Location': 'REDACTED'
    'Retry-After': '10'
    'Azure-AsyncOperation': 'REDACTED'
    'azure-asyncnotification': 'REDACTED'
    'x-ms-ratelimit-remaining-resource': 'Microsoft.Compute/DeleteVMSubscriptionMaximum;1499,Microsoft.Compute/DeleteVMResource;11'
    'x-ms-need-to-refresh-epl-cache': 'REDACTED'
    'Strict-Transport-Security': 'REDACTED'
    'x-ms-request-id': '2d2114b7-04cc-42ad-a0bc-2078003a5fca'
    'x-ms-operation-identifier': 'REDACTED'
    'x-ms-ratelimit-remaining-subscription-writes': '199'
    'x-ms-ratelimit-remaining-subscription-global-writes': 'REDACTED'
    'x-ms-correlation-request-id': 'REDACTED'
    'x-ms-routing-request-id': 'REDACTED'
    'X-Content-Type-Options': 'REDACTED'
    'X-Cache': 'REDACTED'
    'X-MSEdge-Ref': 'Ref A: 604BCE0BE87F4BFFAF504ACCD3C0DB2F Ref B: PNQ231110907034 Ref C: 2026-05-24T18:05:46Z'
    'Date': 'Sun, 24 May 2026 18:05:47 GMT'
    'Content-Length': '0'
2026-05-24 23:35:48,335 INFO Request URL: 'https://management.azure.com/subscriptions/a8bd7b1b-b9aa-4283-aec4-2040b847d926/providers/Microsoft.Compute/locations/CentralIndia/operations/2d2114b7-04cc-42ad-a0bc-2078003a5fca?p=REDACTED&api-version=2025-11-01&t=REDACTED&c=REDACTED&s=REDACTED&h=REDACTED'
Request method: 'GET'
Request headers:
    'x-ms-client-request-id': '30081e0d-579b-11f1-a0a3-088fc34e0447'
    'User-Agent': 'azsdk-python-mgmt-compute/38.0.0 Python/3.12.0 (Windows-11-10.0.22621-SP0)'
    'Authorization': 'REDACTED'
No body was attached to the request
2026-05-24 23:35:48,974 INFO Response status: 200
Response headers:
    'Cache-Control': 'no-cache'
    'Pragma': 'no-cache'
    'Content-Length': '134'
    'Content-Type': 'application/json; charset=utf-8'
    'Expires': '-1'
    'Retry-After': '30'
    'x-ms-ratelimit-remaining-resource': 'Microsoft.Compute/GetOperationResource;44,Microsoft.Compute/GetOperationSubscriptionMaximum;14999'
    'x-ms-need-to-refresh-epl-cache': 'REDACTED'
    'Strict-Transport-Security': 'REDACTED'
    'x-ms-request-id': 'd577781a-fa94-452f-b05d-f133c4536b4c'
    'x-ms-operation-identifier': 'REDACTED'
    'x-ms-ratelimit-remaining-subscription-reads': '249'
    'x-ms-ratelimit-remaining-subscription-global-reads': 'REDACTED'
    'x-ms-correlation-request-id': 'REDACTED'
    'x-ms-routing-request-id': 'REDACTED'
    'X-Content-Type-Options': 'REDACTED'
    'X-Cache': 'REDACTED'
    'X-MSEdge-Ref': 'Ref A: D79BD6DE36174206AEFCDE7EC0185031 Ref B: PNQ231110907034 Ref C: 2026-05-24T18:05:47Z'
    'Date': 'Sun, 24 May 2026 18:05:47 GMT'
2026-05-24 23:36:18,980 INFO Request URL: 'https://management.azure.com/subscriptions/a8bd7b1b-b9aa-4283-aec4-2040b847d926/providers/Microsoft.Compute/locations/CentralIndia/operations/2d2114b7-04cc-42ad-a0bc-2078003a5fca?p=REDACTED&api-version=2025-11-01&t=REDACTED&c=REDACTED&s=REDACTED&h=REDACTED'
Request method: 'GET'
Request headers:
    'x-ms-client-request-id': '30081e0d-579b-11f1-a0a3-088fc34e0447'
    'User-Agent': 'azsdk-python-mgmt-compute/38.0.0 Python/3.12.0 (Windows-11-10.0.22621-SP0)'
    'Authorization': 'REDACTED'
No body was attached to the request
2026-05-24 23:36:19,278 INFO Response status: 200
Response headers:
    'Cache-Control': 'no-cache'
    'Pragma': 'no-cache'
    'Content-Length': '184'
    'Content-Type': 'application/json; charset=utf-8'
    'Expires': '-1'
    'x-ms-ratelimit-remaining-resource': 'Microsoft.Compute/GetOperationResource;42,Microsoft.Compute/GetOperationSubscriptionMaximum;14997'
    'x-ms-need-to-refresh-epl-cache': 'REDACTED'
    'Strict-Transport-Security': 'REDACTED'
    'x-ms-request-id': '3aef49d7-f613-48dc-80b2-ef498bb867f7'
    'x-ms-operation-identifier': 'REDACTED'
    'x-ms-ratelimit-remaining-subscription-reads': '249'
    'x-ms-ratelimit-remaining-subscription-global-reads': 'REDACTED'
    'x-ms-correlation-request-id': 'REDACTED'
    'x-ms-routing-request-id': 'REDACTED'
    'X-Content-Type-Options': 'REDACTED'
    'X-Cache': 'REDACTED'
    'X-MSEdge-Ref': 'Ref A: 80517B2D109440A3B68792D350C5B632 Ref B: PNQ231110907034 Ref C: 2026-05-24T18:06:18Z'
    'Date': 'Sun, 24 May 2026 18:06:18 GMT'
2026-05-24 23:36:19,278 INFO Request URL: 'https://management.azure.com/subscriptions/a8bd7b1b-b9aa-4283-aec4-2040b847d926/providers/Microsoft.Compute/locations/CentralIndia/operations/2d2114b7-04cc-42ad-a0bc-2078003a5fca?p=REDACTED&monitor=REDACTED&api-version=2025-11-01&t=REDACTED&c=REDACTED&s=REDACTED&h=REDACTED'
Request method: 'GET'
Request headers:
    'x-ms-client-request-id': '30081e0d-579b-11f1-a0a3-088fc34e0447'
    'User-Agent': 'azsdk-python-mgmt-compute/38.0.0 Python/3.12.0 (Windows-11-10.0.22621-SP0)'
    'Authorization': 'REDACTED'
No body was attached to the request
2026-05-24 23:36:19,748 INFO Response status: 200
Response headers:
    'Cache-Control': 'no-cache'
    'Pragma': 'no-cache'
    'Expires': '-1'
    'x-ms-ratelimit-remaining-resource': 'Microsoft.Compute/GetOperationResource;41,Microsoft.Compute/GetOperationSubscriptionMaximum;14996'
    'x-ms-need-to-refresh-epl-cache': 'REDACTED'
    'Strict-Transport-Security': 'REDACTED'
    'x-ms-request-id': '69a2473e-5a31-4323-95d1-e6b1b447a6fd'
    'x-ms-operation-identifier': 'REDACTED'
    'x-ms-ratelimit-remaining-subscription-reads': '249'
    'x-ms-ratelimit-remaining-subscription-global-reads': 'REDACTED'
    'x-ms-correlation-request-id': 'REDACTED'
    'x-ms-routing-request-id': 'REDACTED'
    'X-Content-Type-Options': 'REDACTED'
    'X-Cache': 'REDACTED'
    'X-MSEdge-Ref': 'Ref A: 07C6168FAD404BC4A51A62C774BEE43D Ref B: PNQ231110907034 Ref C: 2026-05-24T18:06:18Z'
    'Date': 'Sun, 24 May 2026 18:06:18 GMT'
    'Content-Length': '0'
2026-05-24 23:36:19,749 INFO VM stopped successfully
2026-05-25 14:49:34,409 INFO AzureCliCredential.get_token_info succeeded
2026-05-25 14:49:34,426 INFO Request URL: 'https://management.azure.com/subscriptions/a8bd7b1b-b9aa-4283-aec4-2040b847d926/resourceGroups/AutoProjectRG/providers/Microsoft.Compute/virtualMachines/ProductionUbuntuVM/deallocate?api-version=2025-11-01'
Request method: 'POST'
Request headers:
    'x-ms-client-request-id': 'd7521c49-581a-11f1-a6b9-088fc34e0447'
    'User-Agent': 'azsdk-python-mgmt-compute/38.0.0 Python/3.12.0 (Windows-11-10.0.22621-SP0)'
    'Authorization': 'REDACTED'
No body was attached to the request
2026-05-25 14:49:35,428 INFO Response status: 202
Response headers:
    'Cache-Control': 'no-cache'
    'Pragma': 'no-cache'
    'Expires': '-1'
    'Location': 'REDACTED'
    'Retry-After': '10'
    'Azure-AsyncOperation': 'REDACTED'
    'azure-asyncnotification': 'REDACTED'
    'x-ms-ratelimit-remaining-resource': 'Microsoft.Compute/DeleteVMSubscriptionMaximum;1499,Microsoft.Compute/DeleteVMResource;11'
    'x-ms-need-to-refresh-epl-cache': 'REDACTED'
    'Strict-Transport-Security': 'REDACTED'
    'x-ms-request-id': 'f444f1c5-c986-4265-a9db-0ac5f401aad7'
    'x-ms-operation-identifier': 'REDACTED'
    'x-ms-ratelimit-remaining-subscription-writes': '199'
    'x-ms-ratelimit-remaining-subscription-global-writes': 'REDACTED'
    'x-ms-correlation-request-id': 'REDACTED'
    'x-ms-routing-request-id': 'REDACTED'
    'X-Content-Type-Options': 'REDACTED'
    'X-Cache': 'REDACTED'
    'X-MSEdge-Ref': 'Ref A: 8C0154E785B744EA824B8E90D3414829 Ref B: PNQ231110909060 Ref C: 2026-05-25T09:19:35Z'
    'Date': 'Mon, 25 May 2026 09:19:35 GMT'
    'Content-Length': '0'
2026-05-25 14:49:35,429 INFO Request URL: 'https://management.azure.com/subscriptions/a8bd7b1b-b9aa-4283-aec4-2040b847d926/providers/Microsoft.Compute/locations/CentralIndia/operations/f444f1c5-c986-4265-a9db-0ac5f401aad7?p=REDACTED&api-version=2025-11-01&t=REDACTED&c=REDACTED&s=REDACTED&h=REDACTED'
Request method: 'GET'
Request headers:
    'x-ms-client-request-id': 'd7521c49-581a-11f1-a6b9-088fc34e0447'
    'User-Agent': 'azsdk-python-mgmt-compute/38.0.0 Python/3.12.0 (Windows-11-10.0.22621-SP0)'
    'Authorization': 'REDACTED'
No body was attached to the request
2026-05-25 14:49:35,747 INFO Response status: 200
Response headers:
    'Cache-Control': 'no-cache'
    'Pragma': 'no-cache'
    'Content-Length': '134'
    'Content-Type': 'application/json; charset=utf-8'
    'Expires': '-1'
    'Retry-After': '30'
    'x-ms-ratelimit-remaining-resource': 'Microsoft.Compute/GetOperationResource;44,Microsoft.Compute/GetOperationSubscriptionMaximum;14999'
    'x-ms-need-to-refresh-epl-cache': 'REDACTED'
    'Strict-Transport-Security': 'REDACTED'
    'x-ms-request-id': '83f1bc55-485d-490e-b3e9-a60216ceb0fd'
    'x-ms-operation-identifier': 'REDACTED'
    'x-ms-ratelimit-remaining-subscription-reads': '249'
    'x-ms-ratelimit-remaining-subscription-global-reads': 'REDACTED'
    'x-ms-correlation-request-id': 'REDACTED'
    'x-ms-routing-request-id': 'REDACTED'
    'X-Content-Type-Options': 'REDACTED'
    'X-Cache': 'REDACTED'
    'X-MSEdge-Ref': 'Ref A: B4AA40DCE0D54A909CD354E45A97FA01 Ref B: PNQ231110909060 Ref C: 2026-05-25T09:19:36Z'
    'Date': 'Mon, 25 May 2026 09:19:36 GMT'
2026-05-25 14:50:05,751 INFO Request URL: 'https://management.azure.com/subscriptions/a8bd7b1b-b9aa-4283-aec4-2040b847d926/providers/Microsoft.Compute/locations/CentralIndia/operations/f444f1c5-c986-4265-a9db-0ac5f401aad7?p=REDACTED&api-version=2025-11-01&t=REDACTED&c=REDACTED&s=REDACTED&h=REDACTED'
Request method: 'GET'
Request headers:
    'x-ms-client-request-id': 'd7521c49-581a-11f1-a6b9-088fc34e0447'
    'User-Agent': 'azsdk-python-mgmt-compute/38.0.0 Python/3.12.0 (Windows-11-10.0.22621-SP0)'
    'Authorization': 'REDACTED'
No body was attached to the request
2026-05-25 14:50:06,100 INFO Response status: 200
Response headers:
    'Cache-Control': 'no-cache'
    'Pragma': 'no-cache'
    'Content-Length': '184'
    'Content-Type': 'application/json; charset=utf-8'
    'Expires': '-1'
    'x-ms-ratelimit-remaining-resource': 'Microsoft.Compute/GetOperationResource;42,Microsoft.Compute/GetOperationSubscriptionMaximum;14997'
    'x-ms-need-to-refresh-epl-cache': 'REDACTED'
    'Strict-Transport-Security': 'REDACTED'
    'x-ms-request-id': '40ce1a3d-ba46-4e34-924b-218267f2b869'
    'x-ms-operation-identifier': 'REDACTED'
    'x-ms-ratelimit-remaining-subscription-reads': '249'
    'x-ms-ratelimit-remaining-subscription-global-reads': 'REDACTED'
    'x-ms-correlation-request-id': 'REDACTED'
    'x-ms-routing-request-id': 'REDACTED'
    'X-Content-Type-Options': 'REDACTED'
    'X-Cache': 'REDACTED'
    'X-MSEdge-Ref': 'Ref A: E747EE5A3EFA4166B8ACBBE1A8835CB8 Ref B: PNQ231110909060 Ref C: 2026-05-25T09:20:06Z'
    'Date': 'Mon, 25 May 2026 09:20:06 GMT'
2026-05-25 14:50:06,101 INFO Request URL: 'https://management.azure.com/subscriptions/a8bd7b1b-b9aa-4283-aec4-2040b847d926/providers/Microsoft.Compute/locations/CentralIndia/operations/f444f1c5-c986-4265-a9db-0ac5f401aad7?p=REDACTED&monitor=REDACTED&api-version=2025-11-01&t=REDACTED&c=REDACTED&s=REDACTED&h=REDACTED'
Request method: 'GET'
Request headers:
    'x-ms-client-request-id': 'd7521c49-581a-11f1-a6b9-088fc34e0447'
    'User-Agent': 'azsdk-python-mgmt-compute/38.0.0 Python/3.12.0 (Windows-11-10.0.22621-SP0)'
    'Authorization': 'REDACTED'
No body was attached to the request
2026-05-25 14:50:06,353 INFO Response status: 200
Response headers:
    'Cache-Control': 'no-cache'
    'Pragma': 'no-cache'
    'Expires': '-1'
    'x-ms-ratelimit-remaining-resource': 'Microsoft.Compute/GetOperationResource;41,Microsoft.Compute/GetOperationSubscriptionMaximum;14996'
    'x-ms-need-to-refresh-epl-cache': 'REDACTED'
    'Strict-Transport-Security': 'REDACTED'
    'x-ms-request-id': '8afe2a40-c86c-461f-9ccf-288ef336b282'
    'x-ms-operation-identifier': 'REDACTED'
    'x-ms-ratelimit-remaining-subscription-reads': '249'
    'x-ms-ratelimit-remaining-subscription-global-reads': 'REDACTED'
    'x-ms-correlation-request-id': 'REDACTED'
    'x-ms-routing-request-id': 'REDACTED'
    'X-Content-Type-Options': 'REDACTED'
    'X-Cache': 'REDACTED'
    'X-MSEdge-Ref': 'Ref A: 06D715E94DF343459CF04F0890CCD009 Ref B: PNQ231110909060 Ref C: 2026-05-25T09:20:06Z'
    'Date': 'Mon, 25 May 2026 09:20:06 GMT'
    'Content-Length': '0'
2026-05-25 14:50:06,353 INFO VM stopped successfully
2026-05-25 15:05:06,022 INFO AzureCliCredential.get_token_info succeeded
2026-05-25 15:05:06,041 INFO Request URL: 'https://management.azure.com/subscriptions/a8bd7b1b-b9aa-4283-aec4-2040b847d926/resourceGroups/AutoProjectRG/providers/Microsoft.Compute/virtualMachines/ProductionUbuntuVM/deallocate?api-version=2025-11-01'
Request method: 'POST'
Request headers:
    'x-ms-client-request-id': '01e7cfde-581d-11f1-9312-088fc34e0447'
    'User-Agent': 'azsdk-python-mgmt-compute/38.0.0 Python/3.12.0 (Windows-11-10.0.22621-SP0)'
    'Authorization': 'REDACTED'
No body was attached to the request
2026-05-25 15:05:07,230 INFO Response status: 202
Response headers:
    'Cache-Control': 'no-cache'
    'Pragma': 'no-cache'
    'Expires': '-1'
    'Location': 'REDACTED'
    'Retry-After': '10'
    'Azure-AsyncOperation': 'REDACTED'
    'azure-asyncnotification': 'REDACTED'
    'x-ms-ratelimit-remaining-resource': 'Microsoft.Compute/DeleteVMSubscriptionMaximum;1499,Microsoft.Compute/DeleteVMResource;11'
    'x-ms-need-to-refresh-epl-cache': 'REDACTED'
    'Strict-Transport-Security': 'REDACTED'
    'x-ms-request-id': 'e7bd8cd5-ba78-4bce-affa-ac81804e8ce9'
    'x-ms-operation-identifier': 'REDACTED'
    'x-ms-ratelimit-remaining-subscription-writes': '199'
    'x-ms-ratelimit-remaining-subscription-global-writes': 'REDACTED'
    'x-ms-correlation-request-id': 'REDACTED'
    'x-ms-routing-request-id': 'REDACTED'
    'X-Content-Type-Options': 'REDACTED'
    'X-Cache': 'REDACTED'
    'X-MSEdge-Ref': 'Ref A: FBC51405828A4CF7B165CE9E664FEE00 Ref B: PNQ231110909052 Ref C: 2026-05-25T09:35:07Z'
    'Date': 'Mon, 25 May 2026 09:35:07 GMT'
    'Content-Length': '0'
2026-05-25 15:05:07,232 INFO Request URL: 'https://management.azure.com/subscriptions/a8bd7b1b-b9aa-4283-aec4-2040b847d926/providers/Microsoft.Compute/locations/CentralIndia/operations/e7bd8cd5-ba78-4bce-affa-ac81804e8ce9?p=REDACTED&api-version=2025-11-01&t=REDACTED&c=REDACTED&s=REDACTED&h=REDACTED'
Request method: 'GET'
Request headers:
    'x-ms-client-request-id': '01e7cfde-581d-11f1-9312-088fc34e0447'
    'User-Agent': 'azsdk-python-mgmt-compute/38.0.0 Python/3.12.0 (Windows-11-10.0.22621-SP0)'
    'Authorization': 'REDACTED'
No body was attached to the request
2026-05-25 15:05:07,529 INFO Response status: 200
Response headers:
    'Cache-Control': 'no-cache'
    'Pragma': 'no-cache'
    'Content-Length': '134'
    'Content-Type': 'application/json; charset=utf-8'
    'Expires': '-1'
    'Retry-After': '30'
    'x-ms-ratelimit-remaining-resource': 'Microsoft.Compute/GetOperationResource;44,Microsoft.Compute/GetOperationSubscriptionMaximum;14999'
    'x-ms-need-to-refresh-epl-cache': 'REDACTED'
    'Strict-Transport-Security': 'REDACTED'
    'x-ms-request-id': 'b341a36c-bdfd-4d3e-bb8e-756865ce9a6b'
    'x-ms-operation-identifier': 'REDACTED'
    'x-ms-ratelimit-remaining-subscription-reads': '249'
    'x-ms-ratelimit-remaining-subscription-global-reads': 'REDACTED'
    'x-ms-correlation-request-id': 'REDACTED'
    'x-ms-routing-request-id': 'REDACTED'
    'X-Content-Type-Options': 'REDACTED'
    'X-Cache': 'REDACTED'
    'X-MSEdge-Ref': 'Ref A: 7721F2DB1E9E47938EF4DA2A8738DBA6 Ref B: PNQ231110909052 Ref C: 2026-05-25T09:35:08Z'
    'Date': 'Mon, 25 May 2026 09:35:07 GMT'
2026-05-25 15:13:03,718 INFO AzureCliCredential.get_token_info succeeded
2026-05-25 15:13:03,741 INFO Request URL: 'https://management.azure.com/subscriptions/a8bd7b1b-b9aa-4283-aec4-2040b847d926/resourceGroups/AutoProjectRG/providers/Microsoft.Compute/virtualMachines/ProductionUbuntuVM/deallocate?api-version=2025-11-01'
Request method: 'POST'
Request headers:
    'x-ms-client-request-id': '1f363841-581e-11f1-87b3-088fc34e0447'
    'User-Agent': 'azsdk-python-mgmt-compute/38.0.0 Python/3.12.0 (Windows-11-10.0.22621-SP0)'
    'Authorization': 'REDACTED'
No body was attached to the request
2026-05-25 15:13:04,402 INFO Response status: 202
Response headers:
    'Cache-Control': 'no-cache'
    'Pragma': 'no-cache'
    'Expires': '-1'
    'Location': 'REDACTED'
    'Retry-After': '10'
    'Azure-AsyncOperation': 'REDACTED'
    'azure-asyncnotification': 'REDACTED'
    'x-ms-ratelimit-remaining-resource': 'Microsoft.Compute/DeleteVMSubscriptionMaximum;1499,Microsoft.Compute/DeleteVMResource;11'
    'x-ms-need-to-refresh-epl-cache': 'REDACTED'
    'Strict-Transport-Security': 'REDACTED'
    'x-ms-request-id': 'd8e8b247-d621-4770-bdb6-e32a697ccbed'
    'x-ms-operation-identifier': 'REDACTED'
    'x-ms-ratelimit-remaining-subscription-writes': '199'
    'x-ms-ratelimit-remaining-subscription-global-writes': 'REDACTED'
    'x-ms-correlation-request-id': 'REDACTED'
    'x-ms-routing-request-id': 'REDACTED'
    'X-Content-Type-Options': 'REDACTED'
    'X-Cache': 'REDACTED'
    'X-MSEdge-Ref': 'Ref A: F7168345723F4CD4A125759200D85B5B Ref B: PNQ231110907029 Ref C: 2026-05-25T09:43:05Z'
    'Date': 'Mon, 25 May 2026 09:43:04 GMT'
    'Content-Length': '0'
2026-05-25 15:13:04,404 INFO Request URL: 'https://management.azure.com/subscriptions/a8bd7b1b-b9aa-4283-aec4-2040b847d926/providers/Microsoft.Compute/locations/CentralIndia/operations/d8e8b247-d621-4770-bdb6-e32a697ccbed?p=REDACTED&api-version=2025-11-01&t=REDACTED&c=REDACTED&s=REDACTED&h=REDACTED'
Request method: 'GET'
Request headers:
    'x-ms-client-request-id': '1f363841-581e-11f1-87b3-088fc34e0447'
    'User-Agent': 'azsdk-python-mgmt-compute/38.0.0 Python/3.12.0 (Windows-11-10.0.22621-SP0)'
    'Authorization': 'REDACTED'
No body was attached to the request
2026-05-25 15:13:04,799 INFO Response status: 200
Response headers:
    'Cache-Control': 'no-cache'
    'Pragma': 'no-cache'
    'Content-Length': '134'
    'Content-Type': 'application/json; charset=utf-8'
    'Expires': '-1'
    'Retry-After': '30'
    'x-ms-ratelimit-remaining-resource': 'Microsoft.Compute/GetOperationResource;44,Microsoft.Compute/GetOperationSubscriptionMaximum;14999'
    'x-ms-need-to-refresh-epl-cache': 'REDACTED'
    'Strict-Transport-Security': 'REDACTED'
    'x-ms-request-id': '65b1f7a2-6eb5-491a-a202-9ad47f5bb3d7'
    'x-ms-operation-identifier': 'REDACTED'
    'x-ms-ratelimit-remaining-subscription-reads': '249'
    'x-ms-ratelimit-remaining-subscription-global-reads': 'REDACTED'
    'x-ms-correlation-request-id': 'REDACTED'
    'x-ms-routing-request-id': 'REDACTED'
    'X-Content-Type-Options': 'REDACTED'
    'X-Cache': 'REDACTED'
    'X-MSEdge-Ref': 'Ref A: B03590F3E4BF4294BC3598D9C76EFA0D Ref B: PNQ231110907029 Ref C: 2026-05-25T09:43:05Z'
    'Date': 'Mon, 25 May 2026 09:43:04 GMT'
2026-05-25 15:13:34,802 INFO Request URL: 'https://management.azure.com/subscriptions/a8bd7b1b-b9aa-4283-aec4-2040b847d926/providers/Microsoft.Compute/locations/CentralIndia/operations/d8e8b247-d621-4770-bdb6-e32a697ccbed?p=REDACTED&api-version=2025-11-01&t=REDACTED&c=REDACTED&s=REDACTED&h=REDACTED'
Request method: 'GET'
Request headers:
    'x-ms-client-request-id': '1f363841-581e-11f1-87b3-088fc34e0447'
    'User-Agent': 'azsdk-python-mgmt-compute/38.0.0 Python/3.12.0 (Windows-11-10.0.22621-SP0)'
    'Authorization': 'REDACTED'
No body was attached to the request
2026-05-25 15:13:35,098 INFO Response status: 200
Response headers:
    'Cache-Control': 'no-cache'
    'Pragma': 'no-cache'
    'Content-Length': '184'
    'Content-Type': 'application/json; charset=utf-8'
    'Expires': '-1'
    'x-ms-ratelimit-remaining-resource': 'Microsoft.Compute/GetOperationResource;42,Microsoft.Compute/GetOperationSubscriptionMaximum;14999'
    'x-ms-need-to-refresh-epl-cache': 'REDACTED'
    'Strict-Transport-Security': 'REDACTED'
    'x-ms-request-id': '51d5b6c8-e13d-4595-bacb-76cc02c88817'
    'x-ms-operation-identifier': 'REDACTED'
    'x-ms-ratelimit-remaining-subscription-reads': '249'
    'x-ms-ratelimit-remaining-subscription-global-reads': 'REDACTED'
    'x-ms-correlation-request-id': 'REDACTED'
    'x-ms-routing-request-id': 'REDACTED'
    'X-Content-Type-Options': 'REDACTED'
    'X-Cache': 'REDACTED'
    'X-MSEdge-Ref': 'Ref A: D8D498D6BE9541E6A3DFEC9B9E87B5A4 Ref B: PNQ231110907029 Ref C: 2026-05-25T09:43:35Z'
    'Date': 'Mon, 25 May 2026 09:43:35 GMT'
2026-05-25 15:13:35,109 INFO Request URL: 'https://management.azure.com/subscriptions/a8bd7b1b-b9aa-4283-aec4-2040b847d926/providers/Microsoft.Compute/locations/CentralIndia/operations/d8e8b247-d621-4770-bdb6-e32a697ccbed?p=REDACTED&monitor=REDACTED&api-version=2025-11-01&t=REDACTED&c=REDACTED&s=REDACTED&h=REDACTED'
Request method: 'GET'
Request headers:
    'x-ms-client-request-id': '1f363841-581e-11f1-87b3-088fc34e0447'
    'User-Agent': 'azsdk-python-mgmt-compute/38.0.0 Python/3.12.0 (Windows-11-10.0.22621-SP0)'
    'Authorization': 'REDACTED'
No body was attached to the request
2026-05-25 15:13:35,287 INFO Response status: 200
Response headers:
    'Cache-Control': 'no-cache'
    'Pragma': 'no-cache'
    'Expires': '-1'
    'x-ms-ratelimit-remaining-resource': 'Microsoft.Compute/GetOperationResource;41,Microsoft.Compute/GetOperationSubscriptionMaximum;14998'
    'x-ms-need-to-refresh-epl-cache': 'REDACTED'
    'Strict-Transport-Security': 'REDACTED'
    'x-ms-request-id': '8ebf7ff6-0d44-4306-aaf5-d6f287ff59cf'
    'x-ms-operation-identifier': 'REDACTED'
    'x-ms-ratelimit-remaining-subscription-reads': '249'
    'x-ms-ratelimit-remaining-subscription-global-reads': 'REDACTED'
    'x-ms-correlation-request-id': 'REDACTED'
    'x-ms-routing-request-id': 'REDACTED'
    'X-Content-Type-Options': 'REDACTED'
    'X-Cache': 'REDACTED'
    'X-MSEdge-Ref': 'Ref A: 68926EF806C94456BF68E684B5551813 Ref B: PNQ231110907029 Ref C: 2026-05-25T09:43:36Z'
    'Date': 'Mon, 25 May 2026 09:43:35 GMT'
    'Content-Length': '0'
2026-05-25 15:13:35,288 INFO VM stopped successfully
2026-05-25 15:22:34,107 INFO AzureCliCredential.get_token_info succeeded
2026-05-25 15:22:34,128 INFO Request URL: 'https://management.azure.com/subscriptions/a8bd7b1b-b9aa-4283-aec4-2040b847d926/resourceGroups/AutoProjectRG/providers/Microsoft.Compute/virtualMachines/ProductionUbuntuVM/deallocate?api-version=2025-11-01'
Request method: 'POST'
Request headers:
    'x-ms-client-request-id': '728858e2-581f-11f1-9c58-088fc34e0447'
    'User-Agent': 'azsdk-python-mgmt-compute/38.0.0 Python/3.12.0 (Windows-11-10.0.22621-SP0)'
    'Authorization': 'REDACTED'
No body was attached to the request
2026-05-25 15:22:35,228 INFO Response status: 202
Response headers:
    'Cache-Control': 'no-cache'
    'Pragma': 'no-cache'
    'Expires': '-1'
    'Location': 'REDACTED'
    'Retry-After': '10'
    'Azure-AsyncOperation': 'REDACTED'
    'azure-asyncnotification': 'REDACTED'
    'x-ms-ratelimit-remaining-resource': 'Microsoft.Compute/DeleteVMSubscriptionMaximum;1499,Microsoft.Compute/DeleteVMResource;11'
    'x-ms-need-to-refresh-epl-cache': 'REDACTED'
    'Strict-Transport-Security': 'REDACTED'
    'x-ms-request-id': '757f0621-5782-427a-bec5-ad48674d7ed4'
    'x-ms-operation-identifier': 'REDACTED'
    'x-ms-ratelimit-remaining-subscription-writes': '199'
    'x-ms-ratelimit-remaining-subscription-global-writes': 'REDACTED'
    'x-ms-correlation-request-id': 'REDACTED'
    'x-ms-routing-request-id': 'REDACTED'
    'X-Content-Type-Options': 'REDACTED'
    'X-Cache': 'REDACTED'
    'X-MSEdge-Ref': 'Ref A: 1EABFFCCDDB246198B7EBD91E3746998 Ref B: PNQ231110909029 Ref C: 2026-05-25T09:52:35Z'
    'Date': 'Mon, 25 May 2026 09:52:35 GMT'
    'Content-Length': '0'
2026-05-25 15:22:35,230 INFO Request URL: 'https://management.azure.com/subscriptions/a8bd7b1b-b9aa-4283-aec4-2040b847d926/providers/Microsoft.Compute/locations/CentralIndia/operations/757f0621-5782-427a-bec5-ad48674d7ed4?p=REDACTED&api-version=2025-11-01&t=REDACTED&c=REDACTED&s=REDACTED&h=REDACTED'
Request method: 'GET'
Request headers:
    'x-ms-client-request-id': '728858e2-581f-11f1-9c58-088fc34e0447'
    'User-Agent': 'azsdk-python-mgmt-compute/38.0.0 Python/3.12.0 (Windows-11-10.0.22621-SP0)'
    'Authorization': 'REDACTED'
No body was attached to the request
2026-05-25 15:22:35,350 INFO Response status: 200
Response headers:
    'Cache-Control': 'no-cache'
    'Pragma': 'no-cache'
    'Content-Length': '134'
    'Content-Type': 'application/json; charset=utf-8'
    'Expires': '-1'
    'Retry-After': '30'
    'x-ms-ratelimit-remaining-resource': 'Microsoft.Compute/GetOperationResource;44,Microsoft.Compute/GetOperationSubscriptionMaximum;14999'
    'x-ms-need-to-refresh-epl-cache': 'REDACTED'
    'Strict-Transport-Security': 'REDACTED'
    'x-ms-request-id': 'a6928d32-2011-4974-9bab-cfefe7df3a32'
    'x-ms-operation-identifier': 'REDACTED'
    'x-ms-ratelimit-remaining-subscription-reads': '249'
    'x-ms-ratelimit-remaining-subscription-global-reads': 'REDACTED'
    'x-ms-correlation-request-id': 'REDACTED'
    'x-ms-routing-request-id': 'REDACTED'
    'X-Content-Type-Options': 'REDACTED'
    'X-Cache': 'REDACTED'
    'X-MSEdge-Ref': 'Ref A: 21EF8910BDF640DF88036B8E437E977A Ref B: PNQ231110909029 Ref C: 2026-05-25T09:52:36Z'
    'Date': 'Mon, 25 May 2026 09:52:35 GMT'
2026-05-25 15:23:05,354 INFO Request URL: 'https://management.azure.com/subscriptions/a8bd7b1b-b9aa-4283-aec4-2040b847d926/providers/Microsoft.Compute/locations/CentralIndia/operations/757f0621-5782-427a-bec5-ad48674d7ed4?p=REDACTED&api-version=2025-11-01&t=REDACTED&c=REDACTED&s=REDACTED&h=REDACTED'
Request method: 'GET'
Request headers:
    'x-ms-client-request-id': '728858e2-581f-11f1-9c58-088fc34e0447'
    'User-Agent': 'azsdk-python-mgmt-compute/38.0.0 Python/3.12.0 (Windows-11-10.0.22621-SP0)'
    'Authorization': 'REDACTED'
No body was attached to the request
2026-05-25 15:23:06,222 INFO Response status: 200
Response headers:
    'Cache-Control': 'no-cache'
    'Pragma': 'no-cache'
    'Content-Length': '184'
    'Content-Type': 'application/json; charset=utf-8'
    'Expires': '-1'
    'x-ms-ratelimit-remaining-resource': 'Microsoft.Compute/GetOperationResource;42,Microsoft.Compute/GetOperationSubscriptionMaximum;14997'
    'x-ms-need-to-refresh-epl-cache': 'REDACTED'
    'Strict-Transport-Security': 'REDACTED'
    'x-ms-request-id': '0131be07-bf60-43f5-9516-0373aae41c08'
    'x-ms-operation-identifier': 'REDACTED'
    'x-ms-ratelimit-remaining-subscription-reads': '249'
    'x-ms-ratelimit-remaining-subscription-global-reads': 'REDACTED'
    'x-ms-correlation-request-id': 'REDACTED'
    'x-ms-routing-request-id': 'REDACTED'
    'X-Content-Type-Options': 'REDACTED'
    'X-Cache': 'REDACTED'
    'X-MSEdge-Ref': 'Ref A: 51C7BD7DA242462FA3EF961D87E3222B Ref B: PNQ231110909029 Ref C: 2026-05-25T09:53:06Z'
    'Date': 'Mon, 25 May 2026 09:53:06 GMT'
2026-05-25 15:23:06,223 INFO Request URL: 'https://management.azure.com/subscriptions/a8bd7b1b-b9aa-4283-aec4-2040b847d926/providers/Microsoft.Compute/locations/CentralIndia/operations/757f0621-5782-427a-bec5-ad48674d7ed4?p=REDACTED&monitor=REDACTED&api-version=2025-11-01&t=REDACTED&c=REDACTED&s=REDACTED&h=REDACTED'
Request method: 'GET'
Request headers:
    'x-ms-client-request-id': '728858e2-581f-11f1-9c58-088fc34e0447'
    'User-Agent': 'azsdk-python-mgmt-compute/38.0.0 Python/3.12.0 (Windows-11-10.0.22621-SP0)'
    'Authorization': 'REDACTED'
No body was attached to the request
2026-05-25 15:23:06,284 INFO Response status: 200
Response headers:
    'Cache-Control': 'no-cache'
    'Pragma': 'no-cache'
    'Expires': '-1'
    'x-ms-ratelimit-remaining-resource': 'Microsoft.Compute/GetOperationResource;41,Microsoft.Compute/GetOperationSubscriptionMaximum;14996'
    'x-ms-need-to-refresh-epl-cache': 'REDACTED'
    'Strict-Transport-Security': 'REDACTED'
    'x-ms-request-id': 'ded4be9b-f67b-4ca7-8ef8-735f92b13067'
    'x-ms-operation-identifier': 'REDACTED'
    'x-ms-ratelimit-remaining-subscription-reads': '249'
    'x-ms-ratelimit-remaining-subscription-global-reads': 'REDACTED'
    'x-ms-correlation-request-id': 'REDACTED'
    'x-ms-routing-request-id': 'REDACTED'
    'X-Content-Type-Options': 'REDACTED'
    'X-Cache': 'REDACTED'
    'X-MSEdge-Ref': 'Ref A: FCD45CB9F20146469BDF33B5286B4212 Ref B: PNQ231110909029 Ref C: 2026-05-25T09:53:07Z'
    'Date': 'Mon, 25 May 2026 09:53:06 GMT'
    'Content-Length': '0'
2026-05-25 15:23:06,285 INFO VM stopped successfully
2026-05-25 15:25:02,985 INFO AzureCliCredential.get_token_info succeeded
2026-05-25 15:25:03,003 INFO Request URL: 'https://management.azure.com/subscriptions/a8bd7b1b-b9aa-4283-aec4-2040b847d926/resourceGroups/AutoProjectRG/providers/Microsoft.Compute/virtualMachines/ProductionUbuntuVM/deallocate?api-version=2025-11-01'
Request method: 'POST'
Request headers:
    'x-ms-client-request-id': 'cc5d8d81-581f-11f1-93f8-088fc34e0447'
    'User-Agent': 'azsdk-python-mgmt-compute/38.0.0 Python/3.12.0 (Windows-11-10.0.22621-SP0)'
    'Authorization': 'REDACTED'
No body was attached to the request
2026-05-25 15:25:03,696 INFO Response status: 202
Response headers:
    'Cache-Control': 'no-cache'
    'Pragma': 'no-cache'
    'Expires': '-1'
    'Location': 'REDACTED'
    'Retry-After': '10'
    'Azure-AsyncOperation': 'REDACTED'
    'azure-asyncnotification': 'REDACTED'
    'x-ms-ratelimit-remaining-resource': 'Microsoft.Compute/DeleteVMSubscriptionMaximum;1499,Microsoft.Compute/DeleteVMResource;11'
    'x-ms-need-to-refresh-epl-cache': 'REDACTED'
    'Strict-Transport-Security': 'REDACTED'
    'x-ms-request-id': '7e95b9ff-ac14-4d77-8a3e-3f094a8e46ad'
    'x-ms-operation-identifier': 'REDACTED'
    'x-ms-ratelimit-remaining-subscription-writes': '199'
    'x-ms-ratelimit-remaining-subscription-global-writes': 'REDACTED'
    'x-ms-correlation-request-id': 'REDACTED'
    'x-ms-routing-request-id': 'REDACTED'
    'X-Content-Type-Options': 'REDACTED'
    'X-Cache': 'REDACTED'
    'X-MSEdge-Ref': 'Ref A: D581245C0D304BCCA97EC188388F1EA5 Ref B: PNQ231110909042 Ref C: 2026-05-25T09:55:04Z'
    'Date': 'Mon, 25 May 2026 09:55:04 GMT'
    'Content-Length': '0'
2026-05-25 15:25:03,697 INFO Request URL: 'https://management.azure.com/subscriptions/a8bd7b1b-b9aa-4283-aec4-2040b847d926/providers/Microsoft.Compute/locations/CentralIndia/operations/7e95b9ff-ac14-4d77-8a3e-3f094a8e46ad?p=REDACTED&api-version=2025-11-01&t=REDACTED&c=REDACTED&s=REDACTED&h=REDACTED'
Request method: 'GET'
Request headers:
    'x-ms-client-request-id': 'cc5d8d81-581f-11f1-93f8-088fc34e0447'
    'User-Agent': 'azsdk-python-mgmt-compute/38.0.0 Python/3.12.0 (Windows-11-10.0.22621-SP0)'
    'Authorization': 'REDACTED'
No body was attached to the request
2026-05-25 15:25:04,561 INFO Response status: 200
Response headers:
    'Cache-Control': 'no-cache'
    'Pragma': 'no-cache'
    'Content-Length': '183'
    'Content-Type': 'application/json; charset=utf-8'
    'Expires': '-1'
    'x-ms-ratelimit-remaining-resource': 'Microsoft.Compute/GetOperationResource;44,Microsoft.Compute/GetOperationSubscriptionMaximum;14999'
    'x-ms-need-to-refresh-epl-cache': 'REDACTED'
    'Strict-Transport-Security': 'REDACTED'
    'x-ms-request-id': '3e52f70e-8051-4409-89b0-3fcf084d18cd'
    'x-ms-operation-identifier': 'REDACTED'
    'x-ms-ratelimit-remaining-subscription-reads': '249'
    'x-ms-ratelimit-remaining-subscription-global-reads': 'REDACTED'
    'x-ms-correlation-request-id': 'REDACTED'
    'x-ms-routing-request-id': 'REDACTED'
    'X-Content-Type-Options': 'REDACTED'
    'X-Cache': 'REDACTED'
    'X-MSEdge-Ref': 'Ref A: DFAC19A66E294B7C865B434979C9169B Ref B: PNQ231110909042 Ref C: 2026-05-25T09:55:04Z'
    'Date': 'Mon, 25 May 2026 09:55:05 GMT'
2026-05-25 15:25:04,564 INFO Request URL: 'https://management.azure.com/subscriptions/a8bd7b1b-b9aa-4283-aec4-2040b847d926/providers/Microsoft.Compute/locations/CentralIndia/operations/7e95b9ff-ac14-4d77-8a3e-3f094a8e46ad?p=REDACTED&monitor=REDACTED&api-version=2025-11-01&t=REDACTED&c=REDACTED&s=REDACTED&h=REDACTED'
Request method: 'GET'
Request headers:
    'x-ms-client-request-id': 'cc5d8d81-581f-11f1-93f8-088fc34e0447'
    'User-Agent': 'azsdk-python-mgmt-compute/38.0.0 Python/3.12.0 (Windows-11-10.0.22621-SP0)'
    'Authorization': 'REDACTED'
No body was attached to the request
2026-05-25 15:25:05,362 INFO Response status: 200
Response headers:
    'Cache-Control': 'no-cache'
    'Pragma': 'no-cache'
    'Expires': '-1'
    'x-ms-ratelimit-remaining-resource': 'Microsoft.Compute/GetOperationResource;43,Microsoft.Compute/GetOperationSubscriptionMaximum;14998'
    'x-ms-need-to-refresh-epl-cache': 'REDACTED'
    'Strict-Transport-Security': 'REDACTED'
    'x-ms-request-id': 'e2a77354-fb4f-48fe-bc43-3cc023865b53'
    'x-ms-operation-identifier': 'REDACTED'
    'x-ms-ratelimit-remaining-subscription-reads': '249'
    'x-ms-ratelimit-remaining-subscription-global-reads': 'REDACTED'
    'x-ms-correlation-request-id': 'REDACTED'
    'x-ms-routing-request-id': 'REDACTED'
    'X-Content-Type-Options': 'REDACTED'
    'X-Cache': 'REDACTED'
    'X-MSEdge-Ref': 'Ref A: D596A0E2959F4EBD9A0B8B89AEA27808 Ref B: PNQ231110909042 Ref C: 2026-05-25T09:55:05Z'
    'Date': 'Mon, 25 May 2026 09:55:05 GMT'
    'Content-Length': '0'
2026-05-25 15:25:05,372 INFO VM stopped successfully
2026-05-25 15:30:40,413 INFO AzureCliCredential.get_token_info succeeded
2026-05-25 15:30:40,433 INFO Request URL: 'https://management.azure.com/subscriptions/a8bd7b1b-b9aa-4283-aec4-2040b847d926/resourceGroups/AutoProjectRG/providers/Microsoft.Compute/virtualMachines/ProductionUbuntuVM/deallocate?api-version=2025-11-01'
Request method: 'POST'
Request headers:
    'x-ms-client-request-id': '95499ddf-5820-11f1-b42c-088fc34e0447'
    'User-Agent': 'azsdk-python-mgmt-compute/38.0.0 Python/3.12.0 (Windows-11-10.0.22621-SP0)'
    'Authorization': 'REDACTED'
No body was attached to the request
2026-05-25 15:30:41,122 INFO Response status: 202
Response headers:
    'Cache-Control': 'no-cache'
    'Pragma': 'no-cache'
    'Expires': '-1'
    'Location': 'REDACTED'
    'Retry-After': '10'
    'Azure-AsyncOperation': 'REDACTED'
    'azure-asyncnotification': 'REDACTED'
    'x-ms-ratelimit-remaining-resource': 'Microsoft.Compute/DeleteVMSubscriptionMaximum;1499,Microsoft.Compute/DeleteVMResource;11'
    'x-ms-need-to-refresh-epl-cache': 'REDACTED'
    'Strict-Transport-Security': 'REDACTED'
    'x-ms-request-id': 'bfbeed0c-67da-4052-8884-e4624088a711'
    'x-ms-operation-identifier': 'REDACTED'
    'x-ms-ratelimit-remaining-subscription-writes': '199'
    'x-ms-ratelimit-remaining-subscription-global-writes': 'REDACTED'
    'x-ms-correlation-request-id': 'REDACTED'
    'x-ms-routing-request-id': 'REDACTED'
    'X-Content-Type-Options': 'REDACTED'
    'X-Cache': 'REDACTED'
    'X-MSEdge-Ref': 'Ref A: 729C874A7F70406A888446624FF53278 Ref B: PNQ231110906034 Ref C: 2026-05-25T10:00:41Z'
    'Date': 'Mon, 25 May 2026 10:00:41 GMT'
    'Content-Length': '0'
2026-05-25 15:30:41,123 INFO Request URL: 'https://management.azure.com/subscriptions/a8bd7b1b-b9aa-4283-aec4-2040b847d926/providers/Microsoft.Compute/locations/CentralIndia/operations/bfbeed0c-67da-4052-8884-e4624088a711?p=REDACTED&api-version=2025-11-01&t=REDACTED&c=REDACTED&s=REDACTED&h=REDACTED'
Request method: 'GET'
Request headers:
    'x-ms-client-request-id': '95499ddf-5820-11f1-b42c-088fc34e0447'
    'User-Agent': 'azsdk-python-mgmt-compute/38.0.0 Python/3.12.0 (Windows-11-10.0.22621-SP0)'
    'Authorization': 'REDACTED'
No body was attached to the request
2026-05-25 15:30:41,812 INFO Response status: 200
Response headers:
    'Cache-Control': 'no-cache'
    'Pragma': 'no-cache'
    'Content-Length': '133'
    'Content-Type': 'application/json; charset=utf-8'
    'Expires': '-1'
    'Retry-After': '30'
    'x-ms-ratelimit-remaining-resource': 'Microsoft.Compute/GetOperationResource;44,Microsoft.Compute/GetOperationSubscriptionMaximum;14999'
    'x-ms-need-to-refresh-epl-cache': 'REDACTED'
    'Strict-Transport-Security': 'REDACTED'
    'x-ms-request-id': 'bb666be9-2aa1-4a0c-b569-fc258a05bea3'
    'x-ms-operation-identifier': 'REDACTED'
    'x-ms-ratelimit-remaining-subscription-reads': '249'
    'x-ms-ratelimit-remaining-subscription-global-reads': 'REDACTED'
    'x-ms-correlation-request-id': 'REDACTED'
    'x-ms-routing-request-id': 'REDACTED'
    'X-Content-Type-Options': 'REDACTED'
    'X-Cache': 'REDACTED'
    'X-MSEdge-Ref': 'Ref A: C3C1BA7C9C844A789D03FC5D974A2D64 Ref B: PNQ231110906034 Ref C: 2026-05-25T10:00:42Z'
    'Date': 'Mon, 25 May 2026 10:00:42 GMT'
2026-05-25 15:31:11,815 INFO Request URL: 'https://management.azure.com/subscriptions/a8bd7b1b-b9aa-4283-aec4-2040b847d926/providers/Microsoft.Compute/locations/CentralIndia/operations/bfbeed0c-67da-4052-8884-e4624088a711?p=REDACTED&api-version=2025-11-01&t=REDACTED&c=REDACTED&s=REDACTED&h=REDACTED'
Request method: 'GET'
Request headers:
    'x-ms-client-request-id': '95499ddf-5820-11f1-b42c-088fc34e0447'
    'User-Agent': 'azsdk-python-mgmt-compute/38.0.0 Python/3.12.0 (Windows-11-10.0.22621-SP0)'
    'Authorization': 'REDACTED'
No body was attached to the request
2026-05-25 15:31:12,376 INFO Response status: 200
Response headers:
    'Cache-Control': 'no-cache'
    'Pragma': 'no-cache'
    'Content-Length': '183'
    'Content-Type': 'application/json; charset=utf-8'
    'Expires': '-1'
    'x-ms-ratelimit-remaining-resource': 'Microsoft.Compute/GetOperationResource;42,Microsoft.Compute/GetOperationSubscriptionMaximum;14997'
    'x-ms-need-to-refresh-epl-cache': 'REDACTED'
    'Strict-Transport-Security': 'REDACTED'
    'x-ms-request-id': 'c1b1eeea-4552-4374-8264-0b0802f35793'
    'x-ms-operation-identifier': 'REDACTED'
    'x-ms-ratelimit-remaining-subscription-reads': '249'
    'x-ms-ratelimit-remaining-subscription-global-reads': 'REDACTED'
    'x-ms-correlation-request-id': 'REDACTED'
    'x-ms-routing-request-id': 'REDACTED'
    'X-Content-Type-Options': 'REDACTED'
    'X-Cache': 'REDACTED'
    'X-MSEdge-Ref': 'Ref A: 6F676C132E46489D9AB95F6C820CCDB4 Ref B: PNQ231110906034 Ref C: 2026-05-25T10:01:12Z'
    'Date': 'Mon, 25 May 2026 10:01:12 GMT'
2026-05-25 15:31:12,377 INFO Request URL: 'https://management.azure.com/subscriptions/a8bd7b1b-b9aa-4283-aec4-2040b847d926/providers/Microsoft.Compute/locations/CentralIndia/operations/bfbeed0c-67da-4052-8884-e4624088a711?p=REDACTED&monitor=REDACTED&api-version=2025-11-01&t=REDACTED&c=REDACTED&s=REDACTED&h=REDACTED'
Request method: 'GET'
Request headers:
    'x-ms-client-request-id': '95499ddf-5820-11f1-b42c-088fc34e0447'
    'User-Agent': 'azsdk-python-mgmt-compute/38.0.0 Python/3.12.0 (Windows-11-10.0.22621-SP0)'
    'Authorization': 'REDACTED'
No body was attached to the request
2026-05-25 15:31:12,779 INFO Response status: 200
Response headers:
    'Cache-Control': 'no-cache'
    'Pragma': 'no-cache'
    'Expires': '-1'
    'x-ms-ratelimit-remaining-resource': 'Microsoft.Compute/GetOperationResource;41,Microsoft.Compute/GetOperationSubscriptionMaximum;14996'
    'x-ms-need-to-refresh-epl-cache': 'REDACTED'
    'Strict-Transport-Security': 'REDACTED'
    'x-ms-request-id': 'ad8b32ef-f3b5-45b4-a00b-782582cdee0a'
    'x-ms-operation-identifier': 'REDACTED'
    'x-ms-ratelimit-remaining-subscription-reads': '249'
    'x-ms-ratelimit-remaining-subscription-global-reads': 'REDACTED'
    'x-ms-correlation-request-id': 'REDACTED'
    'x-ms-routing-request-id': 'REDACTED'
    'X-Content-Type-Options': 'REDACTED'
    'X-Cache': 'REDACTED'
    'X-MSEdge-Ref': 'Ref A: BB8DD82BC7D94865A7BC91BA4ED2656E Ref B: PNQ231110906034 Ref C: 2026-05-25T10:01:13Z'
    'Date': 'Mon, 25 May 2026 10:01:13 GMT'
    'Content-Length': '0'
2026-05-25 15:31:12,782 INFO VM stopped successfully
2026-05-25 15:55:11,887 INFO AzureCliCredential.get_token_info succeeded
2026-05-25 15:55:11,908 INFO Request URL: 'https://management.azure.com/subscriptions/a8bd7b1b-b9aa-4283-aec4-2040b847d926/resourceGroups/AutoProjectRG/providers/Microsoft.Compute/virtualMachines/ProductionUbuntuVM/deallocate?api-version=2025-11-01'
Request method: 'POST'
Request headers:
    'x-ms-client-request-id': '01e9d8bf-5824-11f1-9be5-088fc34e0447'
    'User-Agent': 'azsdk-python-mgmt-compute/38.0.0 Python/3.12.0 (Windows-11-10.0.22621-SP0)'
    'Authorization': 'REDACTED'
No body was attached to the request
2026-05-25 15:55:12,727 INFO Response status: 202
Response headers:
    'Cache-Control': 'no-cache'
    'Pragma': 'no-cache'
    'Expires': '-1'
    'Location': 'REDACTED'
    'Retry-After': '10'
    'Azure-AsyncOperation': 'REDACTED'
    'azure-asyncnotification': 'REDACTED'
    'x-ms-ratelimit-remaining-resource': 'Microsoft.Compute/DeleteVMSubscriptionMaximum;1499,Microsoft.Compute/DeleteVMResource;11'
    'x-ms-need-to-refresh-epl-cache': 'REDACTED'
    'Strict-Transport-Security': 'REDACTED'
    'x-ms-request-id': 'f6aa4594-b66c-4546-aa12-db978a7f8f7b'
    'x-ms-operation-identifier': 'REDACTED'
    'x-ms-ratelimit-remaining-subscription-writes': '199'
    'x-ms-ratelimit-remaining-subscription-global-writes': 'REDACTED'
    'x-ms-correlation-request-id': 'REDACTED'
    'x-ms-routing-request-id': 'REDACTED'
    'X-Content-Type-Options': 'REDACTED'
    'X-Cache': 'REDACTED'
    'X-MSEdge-Ref': 'Ref A: E723A4C4492D4223A3893E29DDFA465E Ref B: PNQ231110906029 Ref C: 2026-05-25T10:25:13Z'
    'Date': 'Mon, 25 May 2026 10:25:13 GMT'
    'Content-Length': '0'
2026-05-25 15:55:12,729 INFO Request URL: 'https://management.azure.com/subscriptions/a8bd7b1b-b9aa-4283-aec4-2040b847d926/providers/Microsoft.Compute/locations/CentralIndia/operations/f6aa4594-b66c-4546-aa12-db978a7f8f7b?p=REDACTED&api-version=2025-11-01&t=REDACTED&c=REDACTED&s=REDACTED&h=REDACTED'
Request method: 'GET'
Request headers:
    'x-ms-client-request-id': '01e9d8bf-5824-11f1-9be5-088fc34e0447'
    'User-Agent': 'azsdk-python-mgmt-compute/38.0.0 Python/3.12.0 (Windows-11-10.0.22621-SP0)'
    'Authorization': 'REDACTED'
No body was attached to the request
2026-05-25 15:55:13,058 INFO Response status: 200
Response headers:
    'Cache-Control': 'no-cache'
    'Pragma': 'no-cache'
    'Content-Length': '134'
    'Content-Type': 'application/json; charset=utf-8'
    'Expires': '-1'
    'Retry-After': '30'
    'x-ms-ratelimit-remaining-resource': 'Microsoft.Compute/GetOperationResource;44,Microsoft.Compute/GetOperationSubscriptionMaximum;14999'
    'x-ms-need-to-refresh-epl-cache': 'REDACTED'
    'Strict-Transport-Security': 'REDACTED'
    'x-ms-request-id': '2025d1db-d533-4219-8343-c1b56a8351cf'
    'x-ms-operation-identifier': 'REDACTED'
    'x-ms-ratelimit-remaining-subscription-reads': '249'
    'x-ms-ratelimit-remaining-subscription-global-reads': 'REDACTED'
    'x-ms-correlation-request-id': 'REDACTED'
    'x-ms-routing-request-id': 'REDACTED'
    'X-Content-Type-Options': 'REDACTED'
    'X-Cache': 'REDACTED'
    'X-MSEdge-Ref': 'Ref A: 3F08EE0DB15B4317838566F7E9DC7C80 Ref B: PNQ231110906029 Ref C: 2026-05-25T10:25:13Z'
    'Date': 'Mon, 25 May 2026 10:25:13 GMT'
2026-05-25 15:55:43,160 INFO Request URL: 'https://management.azure.com/subscriptions/a8bd7b1b-b9aa-4283-aec4-2040b847d926/providers/Microsoft.Compute/locations/CentralIndia/operations/f6aa4594-b66c-4546-aa12-db978a7f8f7b?p=REDACTED&api-version=2025-11-01&t=REDACTED&c=REDACTED&s=REDACTED&h=REDACTED'
Request method: 'GET'
Request headers:
    'x-ms-client-request-id': '01e9d8bf-5824-11f1-9be5-088fc34e0447'
    'User-Agent': 'azsdk-python-mgmt-compute/38.0.0 Python/3.12.0 (Windows-11-10.0.22621-SP0)'
    'Authorization': 'REDACTED'
No body was attached to the request
2026-05-25 15:55:43,698 INFO Response status: 200
Response headers:
    'Cache-Control': 'no-cache'
    'Pragma': 'no-cache'
    'Content-Length': '184'
    'Content-Type': 'application/json; charset=utf-8'
    'Expires': '-1'
    'x-ms-ratelimit-remaining-resource': 'Microsoft.Compute/GetOperationResource;42,Microsoft.Compute/GetOperationSubscriptionMaximum;14997'
    'x-ms-need-to-refresh-epl-cache': 'REDACTED'
    'Strict-Transport-Security': 'REDACTED'
    'x-ms-request-id': '16d78aac-54e4-4227-835a-7f8b9c7de9f1'
    'x-ms-operation-identifier': 'REDACTED'
    'x-ms-ratelimit-remaining-subscription-reads': '249'
    'x-ms-ratelimit-remaining-subscription-global-reads': 'REDACTED'
    'x-ms-correlation-request-id': 'REDACTED'
    'x-ms-routing-request-id': 'REDACTED'
    'X-Content-Type-Options': 'REDACTED'
    'X-Cache': 'REDACTED'
    'X-MSEdge-Ref': 'Ref A: 8A75603180CA42A2802139C75BD584CD Ref B: PNQ231110906029 Ref C: 2026-05-25T10:25:44Z'
    'Date': 'Mon, 25 May 2026 10:25:44 GMT'
2026-05-25 15:55:43,702 INFO Request URL: 'https://management.azure.com/subscriptions/a8bd7b1b-b9aa-4283-aec4-2040b847d926/providers/Microsoft.Compute/locations/CentralIndia/operations/f6aa4594-b66c-4546-aa12-db978a7f8f7b?p=REDACTED&monitor=REDACTED&api-version=2025-11-01&t=REDACTED&c=REDACTED&s=REDACTED&h=REDACTED'
Request method: 'GET'
Request headers:
    'x-ms-client-request-id': '01e9d8bf-5824-11f1-9be5-088fc34e0447'
    'User-Agent': 'azsdk-python-mgmt-compute/38.0.0 Python/3.12.0 (Windows-11-10.0.22621-SP0)'
    'Authorization': 'REDACTED'
No body was attached to the request
2026-05-25 15:55:44,332 INFO Response status: 200
Response headers:
    'Cache-Control': 'no-cache'
    'Pragma': 'no-cache'
    'Expires': '-1'
    'x-ms-ratelimit-remaining-resource': 'Microsoft.Compute/GetOperationResource;41,Microsoft.Compute/GetOperationSubscriptionMaximum;14996'
    'x-ms-need-to-refresh-epl-cache': 'REDACTED'
    'Strict-Transport-Security': 'REDACTED'
    'x-ms-request-id': '909af6cf-4afd-4107-b078-71148084e589'
    'x-ms-operation-identifier': 'REDACTED'
    'x-ms-ratelimit-remaining-subscription-reads': '249'
    'x-ms-ratelimit-remaining-subscription-global-reads': 'REDACTED'
    'x-ms-correlation-request-id': 'REDACTED'
    'x-ms-routing-request-id': 'REDACTED'
    'X-Content-Type-Options': 'REDACTED'
    'X-Cache': 'REDACTED'
    'X-MSEdge-Ref': 'Ref A: 6FC0BAAAC0E143A490B397D6B128832F Ref B: PNQ231110906029 Ref C: 2026-05-25T10:25:44Z'
    'Date': 'Mon, 25 May 2026 10:25:44 GMT'
    'Content-Length': '0'
2026-05-25 15:55:44,337 INFO VM stopped successfully
2026-05-25 16:09:55,216 INFO AzureCliCredential.get_token_info succeeded
2026-05-25 16:09:55,233 INFO Request URL: 'https://management.azure.com/subscriptions/a8bd7b1b-b9aa-4283-aec4-2040b847d926/resourceGroups/AutoProjectRG/providers/Microsoft.Compute/virtualMachines/ProductionUbuntuVM/start?api-version=2025-11-01'
Request method: 'POST'
Request headers:
    'x-ms-client-request-id': '10c45bfa-5826-11f1-8d2d-088fc34e0447'
    'User-Agent': 'azsdk-python-mgmt-compute/38.0.0 Python/3.12.0 (Windows-11-10.0.22621-SP0)'
    'Authorization': 'REDACTED'
No body was attached to the request
2026-05-25 16:09:56,402 INFO Response status: 202
Response headers:
    'Cache-Control': 'no-cache'
    'Pragma': 'no-cache'
    'Expires': '-1'
    'Location': 'REDACTED'
    'Retry-After': '10'
    'Azure-AsyncOperation': 'REDACTED'
    'azure-asyncnotification': 'REDACTED'
    'x-ms-ratelimit-remaining-resource': 'Microsoft.Compute/UpdateVMSubscriptionMaximum;1499,Microsoft.Compute/UpdateVMResource;11'
    'x-ms-need-to-refresh-epl-cache': 'REDACTED'
    'Strict-Transport-Security': 'REDACTED'
    'x-ms-request-id': 'e6136e1f-4d61-46f4-a32c-91f5d1a9a455'
    'x-ms-operation-identifier': 'REDACTED'
    'x-ms-ratelimit-remaining-subscription-writes': '199'
    'x-ms-ratelimit-remaining-subscription-global-writes': 'REDACTED'
    'x-ms-correlation-request-id': 'REDACTED'
    'x-ms-routing-request-id': 'REDACTED'
    'X-Content-Type-Options': 'REDACTED'
    'X-Cache': 'REDACTED'
    'X-MSEdge-Ref': 'Ref A: D7864A47908D47458C0CD88402039C37 Ref B: PNQ231110908036 Ref C: 2026-05-25T10:39:56Z'
    'Date': 'Mon, 25 May 2026 10:39:57 GMT'
    'Content-Length': '0'
2026-05-25 16:09:56,405 INFO Request URL: 'https://management.azure.com/subscriptions/a8bd7b1b-b9aa-4283-aec4-2040b847d926/providers/Microsoft.Compute/locations/CentralIndia/operations/e6136e1f-4d61-46f4-a32c-91f5d1a9a455?p=REDACTED&api-version=2025-11-01&t=REDACTED&c=REDACTED&s=REDACTED&h=REDACTED'
Request method: 'GET'
Request headers:
    'x-ms-client-request-id': '10c45bfa-5826-11f1-8d2d-088fc34e0447'
    'User-Agent': 'azsdk-python-mgmt-compute/38.0.0 Python/3.12.0 (Windows-11-10.0.22621-SP0)'
    'Authorization': 'REDACTED'
No body was attached to the request
2026-05-25 16:09:57,014 INFO Response status: 200
Response headers:
    'Cache-Control': 'no-cache'
    'Pragma': 'no-cache'
    'Content-Length': '134'
    'Content-Type': 'application/json; charset=utf-8'
    'Expires': '-1'
    'Retry-After': '10'
    'x-ms-ratelimit-remaining-resource': 'Microsoft.Compute/GetOperationResource;44,Microsoft.Compute/GetOperationSubscriptionMaximum;14999'
    'x-ms-need-to-refresh-epl-cache': 'REDACTED'
    'Strict-Transport-Security': 'REDACTED'
    'x-ms-request-id': '1863e3d9-274d-4a2f-be7d-debf048985a5'
    'x-ms-operation-identifier': 'REDACTED'
    'x-ms-ratelimit-remaining-subscription-reads': '249'
    'x-ms-ratelimit-remaining-subscription-global-reads': 'REDACTED'
    'x-ms-correlation-request-id': 'REDACTED'
    'x-ms-routing-request-id': 'REDACTED'
    'X-Content-Type-Options': 'REDACTED'
    'X-Cache': 'REDACTED'
    'X-MSEdge-Ref': 'Ref A: A14A72C1994B42E3AC81099B022ED265 Ref B: PNQ231110908036 Ref C: 2026-05-25T10:39:57Z'
    'Date': 'Mon, 25 May 2026 10:39:57 GMT'
2026-05-25 16:10:07,017 INFO Request URL: 'https://management.azure.com/subscriptions/a8bd7b1b-b9aa-4283-aec4-2040b847d926/providers/Microsoft.Compute/locations/CentralIndia/operations/e6136e1f-4d61-46f4-a32c-91f5d1a9a455?p=REDACTED&api-version=2025-11-01&t=REDACTED&c=REDACTED&s=REDACTED&h=REDACTED'
Request method: 'GET'
Request headers:
    'x-ms-client-request-id': '10c45bfa-5826-11f1-8d2d-088fc34e0447'
    'User-Agent': 'azsdk-python-mgmt-compute/38.0.0 Python/3.12.0 (Windows-11-10.0.22621-SP0)'
    'Authorization': 'REDACTED'
No body was attached to the request
2026-05-25 16:10:07,126 INFO Response status: 200
Response headers:
    'Cache-Control': 'no-cache'
    'Pragma': 'no-cache'
    'Content-Length': '184'
    'Content-Type': 'application/json; charset=utf-8'
    'Expires': '-1'
    'x-ms-ratelimit-remaining-resource': 'Microsoft.Compute/GetOperationResource;42,Microsoft.Compute/GetOperationSubscriptionMaximum;14997'
    'x-ms-need-to-refresh-epl-cache': 'REDACTED'
    'Strict-Transport-Security': 'REDACTED'
    'x-ms-request-id': '7a0c319d-4ed7-46ed-9cb5-14f5b451cb1b'
    'x-ms-operation-identifier': 'REDACTED'
    'x-ms-ratelimit-remaining-subscription-reads': '249'
    'x-ms-ratelimit-remaining-subscription-global-reads': 'REDACTED'
    'x-ms-correlation-request-id': 'REDACTED'
    'x-ms-routing-request-id': 'REDACTED'
    'X-Content-Type-Options': 'REDACTED'
    'X-Cache': 'REDACTED'
    'X-MSEdge-Ref': 'Ref A: 2793F22B18FB442BA584207B103CEC50 Ref B: PNQ231110908036 Ref C: 2026-05-25T10:40:07Z'
    'Date': 'Mon, 25 May 2026 10:40:07 GMT'
2026-05-25 16:10:07,127 INFO Request URL: 'https://management.azure.com/subscriptions/a8bd7b1b-b9aa-4283-aec4-2040b847d926/providers/Microsoft.Compute/locations/CentralIndia/operations/e6136e1f-4d61-46f4-a32c-91f5d1a9a455?p=REDACTED&monitor=REDACTED&api-version=2025-11-01&t=REDACTED&c=REDACTED&s=REDACTED&h=REDACTED'
Request method: 'GET'
Request headers:
    'x-ms-client-request-id': '10c45bfa-5826-11f1-8d2d-088fc34e0447'
    'User-Agent': 'azsdk-python-mgmt-compute/38.0.0 Python/3.12.0 (Windows-11-10.0.22621-SP0)'
    'Authorization': 'REDACTED'
No body was attached to the request
2026-05-25 16:10:07,490 INFO Response status: 200
Response headers:
    'Cache-Control': 'no-cache'
    'Pragma': 'no-cache'
    'Expires': '-1'
    'x-ms-ratelimit-remaining-resource': 'Microsoft.Compute/GetOperationResource;41,Microsoft.Compute/GetOperationSubscriptionMaximum;14996'
    'x-ms-need-to-refresh-epl-cache': 'REDACTED'
    'Strict-Transport-Security': 'REDACTED'
    'x-ms-request-id': '347a5f06-74b2-4439-9c47-177126867073'
    'x-ms-operation-identifier': 'REDACTED'
    'x-ms-ratelimit-remaining-subscription-reads': '249'
    'x-ms-ratelimit-remaining-subscription-global-reads': 'REDACTED'
    'x-ms-correlation-request-id': 'REDACTED'
    'x-ms-routing-request-id': 'REDACTED'
    'X-Content-Type-Options': 'REDACTED'
    'X-Cache': 'REDACTED'
    'X-MSEdge-Ref': 'Ref A: 63D89572882B4B1B9BDB89CA29C7E3DC Ref B: PNQ231110908036 Ref C: 2026-05-25T10:40:08Z'
    'Date': 'Mon, 25 May 2026 10:40:08 GMT'
    'Content-Length': '0'
2026-05-25 16:10:07,491 INFO VM started successfully
2026-05-25 16:13:24,185 INFO AzureCliCredential.get_token_info succeeded
2026-05-25 16:13:24,207 INFO Request URL: 'https://management.azure.com/subscriptions/a8bd7b1b-b9aa-4283-aec4-2040b847d926/resourceGroups/AutoProjectRG/providers/Microsoft.Compute/virtualMachines/ProductionUbuntuVM/deallocate?api-version=2025-11-01'
Request method: 'POST'
Request headers:
    'x-ms-client-request-id': '8d72a02a-5826-11f1-accc-088fc34e0447'
    'User-Agent': 'azsdk-python-mgmt-compute/38.0.0 Python/3.12.0 (Windows-11-10.0.22621-SP0)'
    'Authorization': 'REDACTED'
No body was attached to the request
2026-05-25 16:13:25,264 INFO Response status: 202
Response headers:
    'Cache-Control': 'no-cache'
    'Pragma': 'no-cache'
    'Expires': '-1'
    'Location': 'REDACTED'
    'Retry-After': '10'
    'Azure-AsyncOperation': 'REDACTED'
    'azure-asyncnotification': 'REDACTED'
    'x-ms-ratelimit-remaining-resource': 'Microsoft.Compute/DeleteVMSubscriptionMaximum;1499,Microsoft.Compute/DeleteVMResource;11'
    'x-ms-need-to-refresh-epl-cache': 'REDACTED'
    'Strict-Transport-Security': 'REDACTED'
    'x-ms-request-id': 'd0485797-345a-4f47-a65c-b35413ed4f65'
    'x-ms-operation-identifier': 'REDACTED'
    'x-ms-ratelimit-remaining-subscription-writes': '199'
    'x-ms-ratelimit-remaining-subscription-global-writes': 'REDACTED'
    'x-ms-correlation-request-id': 'REDACTED'
    'x-ms-routing-request-id': 'REDACTED'
    'X-Content-Type-Options': 'REDACTED'
    'X-Cache': 'REDACTED'
    'X-MSEdge-Ref': 'Ref A: 0792FBC0DB4F4D9B9997A1FC85460FC3 Ref B: PNQ231110907034 Ref C: 2026-05-25T10:43:25Z'
    'Date': 'Mon, 25 May 2026 10:43:25 GMT'
    'Content-Length': '0'
2026-05-25 16:13:25,265 INFO Request URL: 'https://management.azure.com/subscriptions/a8bd7b1b-b9aa-4283-aec4-2040b847d926/providers/Microsoft.Compute/locations/CentralIndia/operations/d0485797-345a-4f47-a65c-b35413ed4f65?p=REDACTED&api-version=2025-11-01&t=REDACTED&c=REDACTED&s=REDACTED&h=REDACTED'
Request method: 'GET'
Request headers:
    'x-ms-client-request-id': '8d72a02a-5826-11f1-accc-088fc34e0447'
    'User-Agent': 'azsdk-python-mgmt-compute/38.0.0 Python/3.12.0 (Windows-11-10.0.22621-SP0)'
    'Authorization': 'REDACTED'
No body was attached to the request
2026-05-25 16:13:25,957 INFO Response status: 200
Response headers:
    'Cache-Control': 'no-cache'
    'Pragma': 'no-cache'
    'Content-Length': '134'
    'Content-Type': 'application/json; charset=utf-8'
    'Expires': '-1'
    'Retry-After': '30'
    'x-ms-ratelimit-remaining-resource': 'Microsoft.Compute/GetOperationResource;44,Microsoft.Compute/GetOperationSubscriptionMaximum;14999'
    'x-ms-need-to-refresh-epl-cache': 'REDACTED'
    'Strict-Transport-Security': 'REDACTED'
    'x-ms-request-id': '7784aa87-c5a7-4cbc-9457-857bf4ea0624'
    'x-ms-operation-identifier': 'REDACTED'
    'x-ms-ratelimit-remaining-subscription-reads': '249'
    'x-ms-ratelimit-remaining-subscription-global-reads': 'REDACTED'
    'x-ms-correlation-request-id': 'REDACTED'
    'x-ms-routing-request-id': 'REDACTED'
    'X-Content-Type-Options': 'REDACTED'
    'X-Cache': 'REDACTED'
    'X-MSEdge-Ref': 'Ref A: E1CCEB7B042C47D6A0F4DD16147C75AA Ref B: PNQ231110907034 Ref C: 2026-05-25T10:43:26Z'
    'Date': 'Mon, 25 May 2026 10:43:26 GMT'
2026-05-25 16:13:55,960 INFO Request URL: 'https://management.azure.com/subscriptions/a8bd7b1b-b9aa-4283-aec4-2040b847d926/providers/Microsoft.Compute/locations/CentralIndia/operations/d0485797-345a-4f47-a65c-b35413ed4f65?p=REDACTED&api-version=2025-11-01&t=REDACTED&c=REDACTED&s=REDACTED&h=REDACTED'
Request method: 'GET'
Request headers:
    'x-ms-client-request-id': '8d72a02a-5826-11f1-accc-088fc34e0447'
    'User-Agent': 'azsdk-python-mgmt-compute/38.0.0 Python/3.12.0 (Windows-11-10.0.22621-SP0)'
    'Authorization': 'REDACTED'
No body was attached to the request
2026-05-25 16:13:56,309 INFO Response status: 200
Response headers:
    'Cache-Control': 'no-cache'
    'Pragma': 'no-cache'
    'Content-Length': '184'
    'Content-Type': 'application/json; charset=utf-8'
    'Expires': '-1'
    'x-ms-ratelimit-remaining-resource': 'Microsoft.Compute/GetOperationResource;42,Microsoft.Compute/GetOperationSubscriptionMaximum;14997'
    'x-ms-need-to-refresh-epl-cache': 'REDACTED'
    'Strict-Transport-Security': 'REDACTED'
    'x-ms-request-id': '31ed4981-7a08-49ce-854c-a623b4d3e2f5'
    'x-ms-operation-identifier': 'REDACTED'
    'x-ms-ratelimit-remaining-subscription-reads': '249'
    'x-ms-ratelimit-remaining-subscription-global-reads': 'REDACTED'
    'x-ms-correlation-request-id': 'REDACTED'
    'x-ms-routing-request-id': 'REDACTED'
    'X-Content-Type-Options': 'REDACTED'
    'X-Cache': 'REDACTED'
    'X-MSEdge-Ref': 'Ref A: 5CC6AE7731164DCD86696EDCCA79B080 Ref B: PNQ231110907034 Ref C: 2026-05-25T10:43:56Z'
    'Date': 'Mon, 25 May 2026 10:43:56 GMT'
2026-05-25 16:13:56,309 INFO Request URL: 'https://management.azure.com/subscriptions/a8bd7b1b-b9aa-4283-aec4-2040b847d926/providers/Microsoft.Compute/locations/CentralIndia/operations/d0485797-345a-4f47-a65c-b35413ed4f65?p=REDACTED&monitor=REDACTED&api-version=2025-11-01&t=REDACTED&c=REDACTED&s=REDACTED&h=REDACTED'
Request method: 'GET'
Request headers:
    'x-ms-client-request-id': '8d72a02a-5826-11f1-accc-088fc34e0447'
    'User-Agent': 'azsdk-python-mgmt-compute/38.0.0 Python/3.12.0 (Windows-11-10.0.22621-SP0)'
    'Authorization': 'REDACTED'
No body was attached to the request
2026-05-25 16:13:56,576 INFO Response status: 200
Response headers:
    'Cache-Control': 'no-cache'
    'Pragma': 'no-cache'
    'Expires': '-1'
    'x-ms-ratelimit-remaining-resource': 'Microsoft.Compute/GetOperationResource;41,Microsoft.Compute/GetOperationSubscriptionMaximum;14996'
    'x-ms-need-to-refresh-epl-cache': 'REDACTED'
    'Strict-Transport-Security': 'REDACTED'
    'x-ms-request-id': '74a45268-dad8-4973-9138-5a4f41f5957e'
    'x-ms-operation-identifier': 'REDACTED'
    'x-ms-ratelimit-remaining-subscription-reads': '249'
    'x-ms-ratelimit-remaining-subscription-global-reads': 'REDACTED'
    'x-ms-correlation-request-id': 'REDACTED'
    'x-ms-routing-request-id': 'REDACTED'
    'X-Content-Type-Options': 'REDACTED'
    'X-Cache': 'REDACTED'
    'X-MSEdge-Ref': 'Ref A: 26A6DBBB6A224F9D9E56383E29103BBE Ref B: PNQ231110907034 Ref C: 2026-05-25T10:43:57Z'
    'Date': 'Mon, 25 May 2026 10:43:57 GMT'
    'Content-Length': '0'
2026-05-25 16:13:56,578 INFO VM stopped successfully
2026-05-25 16:14:13,524 INFO AzureCliCredential.get_token_info succeeded
2026-05-25 16:14:13,549 INFO Request URL: 'https://management.azure.com/subscriptions/a8bd7b1b-b9aa-4283-aec4-2040b847d926/resourceGroups/AutoProjectRG/providers/Microsoft.Compute/virtualMachines/ProductionUbuntuVM/start?api-version=2025-11-01'
Request method: 'POST'
Request headers:
    'x-ms-client-request-id': 'ab0fe3e3-5826-11f1-a63f-088fc34e0447'
    'User-Agent': 'azsdk-python-mgmt-compute/38.0.0 Python/3.12.0 (Windows-11-10.0.22621-SP0)'
    'Authorization': 'REDACTED'
No body was attached to the request
2026-05-25 16:14:14,655 INFO Response status: 202
Response headers:
    'Cache-Control': 'no-cache'
    'Pragma': 'no-cache'
    'Expires': '-1'
    'Location': 'REDACTED'
    'Retry-After': '10'
    'Azure-AsyncOperation': 'REDACTED'
    'azure-asyncnotification': 'REDACTED'
    'x-ms-ratelimit-remaining-resource': 'Microsoft.Compute/UpdateVMSubscriptionMaximum;1499,Microsoft.Compute/UpdateVMResource;11'
    'x-ms-need-to-refresh-epl-cache': 'REDACTED'
    'Strict-Transport-Security': 'REDACTED'
    'x-ms-request-id': 'fac573cc-1548-4825-b82f-77a1ba078832'
    'x-ms-operation-identifier': 'REDACTED'
    'x-ms-ratelimit-remaining-subscription-writes': '199'
    'x-ms-ratelimit-remaining-subscription-global-writes': 'REDACTED'
    'x-ms-correlation-request-id': 'REDACTED'
    'x-ms-routing-request-id': 'REDACTED'
    'X-Content-Type-Options': 'REDACTED'
    'X-Cache': 'REDACTED'
    'X-MSEdge-Ref': 'Ref A: 6D9BD12B50C248E1AE0B51D0A6D0B383 Ref B: PNQ231110906042 Ref C: 2026-05-25T10:44:14Z'
    'Date': 'Mon, 25 May 2026 10:44:14 GMT'
    'Content-Length': '0'
2026-05-25 16:14:14,655 INFO Request URL: 'https://management.azure.com/subscriptions/a8bd7b1b-b9aa-4283-aec4-2040b847d926/providers/Microsoft.Compute/locations/CentralIndia/operations/fac573cc-1548-4825-b82f-77a1ba078832?p=REDACTED&api-version=2025-11-01&t=REDACTED&c=REDACTED&s=REDACTED&h=REDACTED'
Request method: 'GET'
Request headers:
    'x-ms-client-request-id': 'ab0fe3e3-5826-11f1-a63f-088fc34e0447'
    'User-Agent': 'azsdk-python-mgmt-compute/38.0.0 Python/3.12.0 (Windows-11-10.0.22621-SP0)'
    'Authorization': 'REDACTED'
No body was attached to the request
2026-05-25 16:14:14,765 INFO Response status: 200
Response headers:
    'Cache-Control': 'no-cache'
    'Pragma': 'no-cache'
    'Content-Length': '134'
    'Content-Type': 'application/json; charset=utf-8'
    'Expires': '-1'
    'Retry-After': '10'
    'x-ms-ratelimit-remaining-resource': 'Microsoft.Compute/GetOperationResource;44,Microsoft.Compute/GetOperationSubscriptionMaximum;14999'
    'x-ms-need-to-refresh-epl-cache': 'REDACTED'
    'Strict-Transport-Security': 'REDACTED'
    'x-ms-request-id': 'bb861db6-f939-4234-9538-0a14dc0372d6'
    'x-ms-operation-identifier': 'REDACTED'
    'x-ms-ratelimit-remaining-subscription-reads': '249'
    'x-ms-ratelimit-remaining-subscription-global-reads': 'REDACTED'
    'x-ms-correlation-request-id': 'REDACTED'
    'x-ms-routing-request-id': 'REDACTED'
    'X-Content-Type-Options': 'REDACTED'
    'X-Cache': 'REDACTED'
    'X-MSEdge-Ref': 'Ref A: 714E867137904DBA8E6441BCC0E77205 Ref B: PNQ231110906042 Ref C: 2026-05-25T10:44:15Z'
    'Date': 'Mon, 25 May 2026 10:44:14 GMT'
2026-05-25 16:14:24,767 INFO Request URL: 'https://management.azure.com/subscriptions/a8bd7b1b-b9aa-4283-aec4-2040b847d926/providers/Microsoft.Compute/locations/CentralIndia/operations/fac573cc-1548-4825-b82f-77a1ba078832?p=REDACTED&api-version=2025-11-01&t=REDACTED&c=REDACTED&s=REDACTED&h=REDACTED'
Request method: 'GET'
Request headers:
    'x-ms-client-request-id': 'ab0fe3e3-5826-11f1-a63f-088fc34e0447'
    'User-Agent': 'azsdk-python-mgmt-compute/38.0.0 Python/3.12.0 (Windows-11-10.0.22621-SP0)'
    'Authorization': 'REDACTED'
No body was attached to the request
2026-05-25 16:14:25,020 INFO Response status: 200
Response headers:
    'Cache-Control': 'no-cache'
    'Pragma': 'no-cache'
    'Content-Length': '184'
    'Content-Type': 'application/json; charset=utf-8'
    'Expires': '-1'
    'x-ms-ratelimit-remaining-resource': 'Microsoft.Compute/GetOperationResource;42,Microsoft.Compute/GetOperationSubscriptionMaximum;14997'
    'x-ms-need-to-refresh-epl-cache': 'REDACTED'
    'Strict-Transport-Security': 'REDACTED'
    'x-ms-request-id': '39f65769-ed31-4aff-b632-a738f2a34937'
    'x-ms-operation-identifier': 'REDACTED'
    'x-ms-ratelimit-remaining-subscription-reads': '249'
    'x-ms-ratelimit-remaining-subscription-global-reads': 'REDACTED'
    'x-ms-correlation-request-id': 'REDACTED'
    'x-ms-routing-request-id': 'REDACTED'
    'X-Content-Type-Options': 'REDACTED'
    'X-Cache': 'REDACTED'
    'X-MSEdge-Ref': 'Ref A: FA7ABA022ECD4D7E8BF3899A44C403C2 Ref B: PNQ231110906042 Ref C: 2026-05-25T10:44:25Z'
    'Date': 'Mon, 25 May 2026 10:44:25 GMT'
2026-05-25 16:14:25,021 INFO Request URL: 'https://management.azure.com/subscriptions/a8bd7b1b-b9aa-4283-aec4-2040b847d926/providers/Microsoft.Compute/locations/CentralIndia/operations/fac573cc-1548-4825-b82f-77a1ba078832?p=REDACTED&monitor=REDACTED&api-version=2025-11-01&t=REDACTED&c=REDACTED&s=REDACTED&h=REDACTED'
Request method: 'GET'
Request headers:
    'x-ms-client-request-id': 'ab0fe3e3-5826-11f1-a63f-088fc34e0447'
    'User-Agent': 'azsdk-python-mgmt-compute/38.0.0 Python/3.12.0 (Windows-11-10.0.22621-SP0)'
    'Authorization': 'REDACTED'
No body was attached to the request
2026-05-25 16:14:25,339 INFO Response status: 200
Response headers:
    'Cache-Control': 'no-cache'
    'Pragma': 'no-cache'
    'Expires': '-1'
    'x-ms-ratelimit-remaining-resource': 'Microsoft.Compute/GetOperationResource;41,Microsoft.Compute/GetOperationSubscriptionMaximum;14996'
    'x-ms-need-to-refresh-epl-cache': 'REDACTED'
    'Strict-Transport-Security': 'REDACTED'
    'x-ms-request-id': '821008df-cef9-47bd-841a-6a333ea9d567'
    'x-ms-operation-identifier': 'REDACTED'
    'x-ms-ratelimit-remaining-subscription-reads': '249'
    'x-ms-ratelimit-remaining-subscription-global-reads': 'REDACTED'
    'x-ms-correlation-request-id': 'REDACTED'
    'x-ms-routing-request-id': 'REDACTED'
    'X-Content-Type-Options': 'REDACTED'
    'X-Cache': 'REDACTED'
    'X-MSEdge-Ref': 'Ref A: 7BACFD2FF7824EF98A8672C50311C6FB Ref B: PNQ231110906042 Ref C: 2026-05-25T10:44:25Z'
    'Date': 'Mon, 25 May 2026 10:44:25 GMT'
    'Content-Length': '0'
2026-05-25 16:14:25,340 INFO VM started successfully
2026-05-25 16:24:10,066 INFO AzureCliCredential.get_token_info succeeded
2026-05-25 16:24:10,087 INFO Request URL: 'https://management.azure.com/subscriptions/a8bd7b1b-b9aa-4283-aec4-2040b847d926/resourceGroups/AutoProjectRG/providers/Microsoft.Compute/virtualMachines/ProductionUbuntuVM/deallocate?api-version=2025-11-01'
Request method: 'POST'
Request headers:
    'x-ms-client-request-id': '0df999c6-5828-11f1-a866-088fc34e0447'
    'User-Agent': 'azsdk-python-mgmt-compute/38.0.0 Python/3.12.0 (Windows-11-10.0.22621-SP0)'
    'Authorization': 'REDACTED'
No body was attached to the request
2026-05-25 16:24:11,219 INFO Response status: 202
Response headers:
    'Cache-Control': 'no-cache'
    'Pragma': 'no-cache'
    'Expires': '-1'
    'Location': 'REDACTED'
    'Retry-After': '10'
    'Azure-AsyncOperation': 'REDACTED'
    'azure-asyncnotification': 'REDACTED'
    'x-ms-ratelimit-remaining-resource': 'Microsoft.Compute/DeleteVMSubscriptionMaximum;1499,Microsoft.Compute/DeleteVMResource;11'
    'x-ms-need-to-refresh-epl-cache': 'REDACTED'
    'Strict-Transport-Security': 'REDACTED'
    'x-ms-request-id': '4db571df-eae2-4efe-9279-f4caa9a329cb'
    'x-ms-operation-identifier': 'REDACTED'
    'x-ms-ratelimit-remaining-subscription-writes': '199'
    'x-ms-ratelimit-remaining-subscription-global-writes': 'REDACTED'
    'x-ms-correlation-request-id': 'REDACTED'
    'x-ms-routing-request-id': 'REDACTED'
    'X-Content-Type-Options': 'REDACTED'
    'X-Cache': 'REDACTED'
    'X-MSEdge-Ref': 'Ref A: 34EF6DF982FD4D46AC7742CB68EAC7F5 Ref B: PNQ231110906025 Ref C: 2026-05-25T10:54:11Z'
    'Date': 'Mon, 25 May 2026 10:54:11 GMT'
    'Content-Length': '0'
2026-05-25 16:24:11,220 INFO Request URL: 'https://management.azure.com/subscriptions/a8bd7b1b-b9aa-4283-aec4-2040b847d926/providers/Microsoft.Compute/locations/CentralIndia/operations/4db571df-eae2-4efe-9279-f4caa9a329cb?p=REDACTED&api-version=2025-11-01&t=REDACTED&c=REDACTED&s=REDACTED&h=REDACTED'
Request method: 'GET'
Request headers:
    'x-ms-client-request-id': '0df999c6-5828-11f1-a866-088fc34e0447'
    'User-Agent': 'azsdk-python-mgmt-compute/38.0.0 Python/3.12.0 (Windows-11-10.0.22621-SP0)'
    'Authorization': 'REDACTED'
No body was attached to the request
2026-05-25 16:24:11,525 INFO Response status: 200
Response headers:
    'Cache-Control': 'no-cache'
    'Pragma': 'no-cache'
    'Content-Length': '134'
    'Content-Type': 'application/json; charset=utf-8'
    'Expires': '-1'
    'Retry-After': '30'
    'x-ms-ratelimit-remaining-resource': 'Microsoft.Compute/GetOperationResource;44,Microsoft.Compute/GetOperationSubscriptionMaximum;14999'
    'x-ms-need-to-refresh-epl-cache': 'REDACTED'
    'Strict-Transport-Security': 'REDACTED'
    'x-ms-request-id': '9052ce67-a25f-43d7-bfba-3061ad65359d'
    'x-ms-operation-identifier': 'REDACTED'
    'x-ms-ratelimit-remaining-subscription-reads': '249'
    'x-ms-ratelimit-remaining-subscription-global-reads': 'REDACTED'
    'x-ms-correlation-request-id': 'REDACTED'
    'x-ms-routing-request-id': 'REDACTED'
    'X-Content-Type-Options': 'REDACTED'
    'X-Cache': 'REDACTED'
    'X-MSEdge-Ref': 'Ref A: 5B4565DF709F4D52BF341049E05C2915 Ref B: PNQ231110906025 Ref C: 2026-05-25T10:54:12Z'
    'Date': 'Mon, 25 May 2026 10:54:12 GMT'
2026-05-25 16:24:41,527 INFO Request URL: 'https://management.azure.com/subscriptions/a8bd7b1b-b9aa-4283-aec4-2040b847d926/providers/Microsoft.Compute/locations/CentralIndia/operations/4db571df-eae2-4efe-9279-f4caa9a329cb?p=REDACTED&api-version=2025-11-01&t=REDACTED&c=REDACTED&s=REDACTED&h=REDACTED'
Request method: 'GET'
Request headers:
    'x-ms-client-request-id': '0df999c6-5828-11f1-a866-088fc34e0447'
    'User-Agent': 'azsdk-python-mgmt-compute/38.0.0 Python/3.12.0 (Windows-11-10.0.22621-SP0)'
    'Authorization': 'REDACTED'
No body was attached to the request
2026-05-25 16:24:41,868 INFO Response status: 200
Response headers:
    'Cache-Control': 'no-cache'
    'Pragma': 'no-cache'
    'Content-Length': '182'
    'Content-Type': 'application/json; charset=utf-8'
    'Expires': '-1'
    'x-ms-ratelimit-remaining-resource': 'Microsoft.Compute/GetOperationResource;42,Microsoft.Compute/GetOperationSubscriptionMaximum;14997'
    'x-ms-need-to-refresh-epl-cache': 'REDACTED'
    'Strict-Transport-Security': 'REDACTED'
    'x-ms-request-id': '40940d51-d03e-4782-9ed8-2b8681534137'
    'x-ms-operation-identifier': 'REDACTED'
    'x-ms-ratelimit-remaining-subscription-reads': '249'
    'x-ms-ratelimit-remaining-subscription-global-reads': 'REDACTED'
    'x-ms-correlation-request-id': 'REDACTED'
    'x-ms-routing-request-id': 'REDACTED'
    'X-Content-Type-Options': 'REDACTED'
    'X-Cache': 'REDACTED'
    'X-MSEdge-Ref': 'Ref A: 204989B733E14CDCAA71F26808BA57FE Ref B: PNQ231110906025 Ref C: 2026-05-25T10:54:42Z'
    'Date': 'Mon, 25 May 2026 10:54:42 GMT'
2026-05-25 16:24:41,869 INFO Request URL: 'https://management.azure.com/subscriptions/a8bd7b1b-b9aa-4283-aec4-2040b847d926/providers/Microsoft.Compute/locations/CentralIndia/operations/4db571df-eae2-4efe-9279-f4caa9a329cb?p=REDACTED&monitor=REDACTED&api-version=2025-11-01&t=REDACTED&c=REDACTED&s=REDACTED&h=REDACTED'
Request method: 'GET'
Request headers:
    'x-ms-client-request-id': '0df999c6-5828-11f1-a866-088fc34e0447'
    'User-Agent': 'azsdk-python-mgmt-compute/38.0.0 Python/3.12.0 (Windows-11-10.0.22621-SP0)'
    'Authorization': 'REDACTED'
No body was attached to the request
2026-05-25 16:24:42,322 INFO Response status: 200
Response headers:
    'Cache-Control': 'no-cache'
    'Pragma': 'no-cache'
    'Expires': '-1'
    'x-ms-ratelimit-remaining-resource': 'Microsoft.Compute/GetOperationResource;41,Microsoft.Compute/GetOperationSubscriptionMaximum;14996'
    'x-ms-need-to-refresh-epl-cache': 'REDACTED'
    'Strict-Transport-Security': 'REDACTED'
    'x-ms-request-id': '197b2b3c-ed05-48a5-a900-99e782f6add5'
    'x-ms-operation-identifier': 'REDACTED'
    'x-ms-ratelimit-remaining-subscription-reads': '249'
    'x-ms-ratelimit-remaining-subscription-global-reads': 'REDACTED'
    'x-ms-correlation-request-id': 'REDACTED'
    'x-ms-routing-request-id': 'REDACTED'
    'X-Content-Type-Options': 'REDACTED'
    'X-Cache': 'REDACTED'
    'X-MSEdge-Ref': 'Ref A: 9B4590442B8B43F4853580C80F5E69D9 Ref B: PNQ231110906025 Ref C: 2026-05-25T10:54:42Z'
    'Date': 'Mon, 25 May 2026 10:54:42 GMT'
    'Content-Length': '0'
2026-05-25 16:24:42,332 INFO VM stopped successfully
2026-05-25 16:24:50,910 INFO AzureCliCredential.get_token_info succeeded
2026-05-25 16:24:50,933 INFO Request URL: 'https://management.azure.com/subscriptions/a8bd7b1b-b9aa-4283-aec4-2040b847d926/resourceGroups/AutoProjectRG/providers/Microsoft.Compute/virtualMachines/ProductionUbuntuVM/start?api-version=2025-11-01'
Request method: 'POST'
Request headers:
    'x-ms-client-request-id': '26d3818e-5828-11f1-a73a-088fc34e0447'
    'User-Agent': 'azsdk-python-mgmt-compute/38.0.0 Python/3.12.0 (Windows-11-10.0.22621-SP0)'
    'Authorization': 'REDACTED'
No body was attached to the request
2026-05-25 16:24:52,007 INFO Response status: 202
Response headers:
    'Cache-Control': 'no-cache'
    'Pragma': 'no-cache'
    'Expires': '-1'
    'Location': 'REDACTED'
    'Retry-After': '10'
    'Azure-AsyncOperation': 'REDACTED'
    'azure-asyncnotification': 'REDACTED'
    'x-ms-ratelimit-remaining-resource': 'Microsoft.Compute/UpdateVMSubscriptionMaximum;1499,Microsoft.Compute/UpdateVMResource;11'
    'x-ms-need-to-refresh-epl-cache': 'REDACTED'
    'Strict-Transport-Security': 'REDACTED'
    'x-ms-request-id': '6dd5e36b-1593-4ae9-994d-ddfd1fa0dbe4'
    'x-ms-operation-identifier': 'REDACTED'
    'x-ms-ratelimit-remaining-subscription-writes': '199'
    'x-ms-ratelimit-remaining-subscription-global-writes': 'REDACTED'
    'x-ms-correlation-request-id': 'REDACTED'
    'x-ms-routing-request-id': 'REDACTED'
    'X-Content-Type-Options': 'REDACTED'
    'X-Cache': 'REDACTED'
    'X-MSEdge-Ref': 'Ref A: F97084D73973430E8CA7A6007FDE42C5 Ref B: PNQ231110909042 Ref C: 2026-05-25T10:54:52Z'
    'Date': 'Mon, 25 May 2026 10:54:52 GMT'
    'Content-Length': '0'
2026-05-25 16:24:52,007 INFO Request URL: 'https://management.azure.com/subscriptions/a8bd7b1b-b9aa-4283-aec4-2040b847d926/providers/Microsoft.Compute/locations/CentralIndia/operations/6dd5e36b-1593-4ae9-994d-ddfd1fa0dbe4?p=REDACTED&api-version=2025-11-01&t=REDACTED&c=REDACTED&s=REDACTED&h=REDACTED'
Request method: 'GET'
Request headers:
    'x-ms-client-request-id': '26d3818e-5828-11f1-a73a-088fc34e0447'
    'User-Agent': 'azsdk-python-mgmt-compute/38.0.0 Python/3.12.0 (Windows-11-10.0.22621-SP0)'
    'Authorization': 'REDACTED'
No body was attached to the request
2026-05-25 16:24:52,270 INFO Response status: 200
Response headers:
    'Cache-Control': 'no-cache'
    'Pragma': 'no-cache'
    'Content-Length': '134'
    'Content-Type': 'application/json; charset=utf-8'
    'Expires': '-1'
    'Retry-After': '10'
    'x-ms-ratelimit-remaining-resource': 'Microsoft.Compute/GetOperationResource;44,Microsoft.Compute/GetOperationSubscriptionMaximum;14995'
    'x-ms-need-to-refresh-epl-cache': 'REDACTED'
    'Strict-Transport-Security': 'REDACTED'
    'x-ms-request-id': '9db00b5c-c057-443d-94b3-d01f968d7db2'
    'x-ms-operation-identifier': 'REDACTED'
    'x-ms-ratelimit-remaining-subscription-reads': '249'
    'x-ms-ratelimit-remaining-subscription-global-reads': 'REDACTED'
    'x-ms-correlation-request-id': 'REDACTED'
    'x-ms-routing-request-id': 'REDACTED'
    'X-Content-Type-Options': 'REDACTED'
    'X-Cache': 'REDACTED'
    'X-MSEdge-Ref': 'Ref A: D172CC930FAC4DDE97444C35D3F5257A Ref B: PNQ231110909042 Ref C: 2026-05-25T10:54:52Z'
    'Date': 'Mon, 25 May 2026 10:54:53 GMT'
2026-05-25 16:25:02,272 INFO Request URL: 'https://management.azure.com/subscriptions/a8bd7b1b-b9aa-4283-aec4-2040b847d926/providers/Microsoft.Compute/locations/CentralIndia/operations/6dd5e36b-1593-4ae9-994d-ddfd1fa0dbe4?p=REDACTED&api-version=2025-11-01&t=REDACTED&c=REDACTED&s=REDACTED&h=REDACTED'
Request method: 'GET'
Request headers:
    'x-ms-client-request-id': '26d3818e-5828-11f1-a73a-088fc34e0447'
    'User-Agent': 'azsdk-python-mgmt-compute/38.0.0 Python/3.12.0 (Windows-11-10.0.22621-SP0)'
    'Authorization': 'REDACTED'
No body was attached to the request
2026-05-25 16:25:02,391 INFO Response status: 200
Response headers:
    'Cache-Control': 'no-cache'
    'Pragma': 'no-cache'
    'Content-Length': '134'
    'Content-Type': 'application/json; charset=utf-8'
    'Expires': '-1'
    'Retry-After': '30'
    'x-ms-ratelimit-remaining-resource': 'Microsoft.Compute/GetOperationResource;43,Microsoft.Compute/GetOperationSubscriptionMaximum;14994'
    'x-ms-need-to-refresh-epl-cache': 'REDACTED'
    'Strict-Transport-Security': 'REDACTED'
    'x-ms-request-id': '2f57f7c8-3e7e-43c9-92c1-64fa67dcf8f1'
    'x-ms-operation-identifier': 'REDACTED'
    'x-ms-ratelimit-remaining-subscription-reads': '249'
    'x-ms-ratelimit-remaining-subscription-global-reads': 'REDACTED'
    'x-ms-correlation-request-id': 'REDACTED'
    'x-ms-routing-request-id': 'REDACTED'
    'X-Content-Type-Options': 'REDACTED'
    'X-Cache': 'REDACTED'
    'X-MSEdge-Ref': 'Ref A: 0E5F1039D3E644BAA00322F6DEFEBD8B Ref B: PNQ231110909042 Ref C: 2026-05-25T10:55:03Z'
    'Date': 'Mon, 25 May 2026 10:55:03 GMT'
2026-05-25 16:25:34,531 INFO AzureCliCredential.get_token_info succeeded
2026-05-25 16:25:34,531 INFO Request URL: 'https://management.azure.com/subscriptions/a8bd7b1b-b9aa-4283-aec4-2040b847d926/providers/Microsoft.Compute/locations/CentralIndia/operations/6dd5e36b-1593-4ae9-994d-ddfd1fa0dbe4?p=REDACTED&api-version=2025-11-01&t=REDACTED&c=REDACTED&s=REDACTED&h=REDACTED'
Request method: 'GET'
Request headers:
    'x-ms-client-request-id': '26d3818e-5828-11f1-a73a-088fc34e0447'
    'User-Agent': 'azsdk-python-mgmt-compute/38.0.0 Python/3.12.0 (Windows-11-10.0.22621-SP0)'
    'Authorization': 'REDACTED'
No body was attached to the request
2026-05-25 16:25:35,420 INFO Response status: 200
Response headers:
    'Cache-Control': 'no-cache'
    'Pragma': 'no-cache'
    'Content-Length': '184'
    'Content-Type': 'application/json; charset=utf-8'
    'Expires': '-1'
    'x-ms-ratelimit-remaining-resource': 'Microsoft.Compute/GetOperationResource;41,Microsoft.Compute/GetOperationSubscriptionMaximum;14999'
    'x-ms-need-to-refresh-epl-cache': 'REDACTED'
    'Strict-Transport-Security': 'REDACTED'
    'x-ms-request-id': '132629cc-7b7f-4ca9-8622-f09553d1df60'
    'x-ms-operation-identifier': 'REDACTED'
    'x-ms-ratelimit-remaining-subscription-reads': '249'
    'x-ms-ratelimit-remaining-subscription-global-reads': 'REDACTED'
    'x-ms-correlation-request-id': 'REDACTED'
    'x-ms-routing-request-id': 'REDACTED'
    'X-Content-Type-Options': 'REDACTED'
    'X-Cache': 'REDACTED'
    'X-MSEdge-Ref': 'Ref A: 32B8FB4DA2744523B9781B96D41C599B Ref B: PNQ231110909042 Ref C: 2026-05-25T10:55:35Z'
    'Date': 'Mon, 25 May 2026 10:55:36 GMT'
2026-05-25 16:25:35,421 INFO Request URL: 'https://management.azure.com/subscriptions/a8bd7b1b-b9aa-4283-aec4-2040b847d926/providers/Microsoft.Compute/locations/CentralIndia/operations/6dd5e36b-1593-4ae9-994d-ddfd1fa0dbe4?p=REDACTED&monitor=REDACTED&api-version=2025-11-01&t=REDACTED&c=REDACTED&s=REDACTED&h=REDACTED'
Request method: 'GET'
Request headers:
    'x-ms-client-request-id': '26d3818e-5828-11f1-a73a-088fc34e0447'
    'User-Agent': 'azsdk-python-mgmt-compute/38.0.0 Python/3.12.0 (Windows-11-10.0.22621-SP0)'
    'Authorization': 'REDACTED'
No body was attached to the request
2026-05-25 16:25:36,089 INFO Response status: 200
Response headers:
    'Cache-Control': 'no-cache'
    'Pragma': 'no-cache'
    'Expires': '-1'
    'x-ms-ratelimit-remaining-resource': 'Microsoft.Compute/GetOperationResource;40,Microsoft.Compute/GetOperationSubscriptionMaximum;14998'
    'x-ms-need-to-refresh-epl-cache': 'REDACTED'
    'Strict-Transport-Security': 'REDACTED'
    'x-ms-request-id': '31f1f483-7a1c-4c3d-8fd9-ee0f8430c1cc'
    'x-ms-operation-identifier': 'REDACTED'
    'x-ms-ratelimit-remaining-subscription-reads': '249'
    'x-ms-ratelimit-remaining-subscription-global-reads': 'REDACTED'
    'x-ms-correlation-request-id': 'REDACTED'
    'x-ms-routing-request-id': 'REDACTED'
    'X-Content-Type-Options': 'REDACTED'
    'X-Cache': 'REDACTED'
    'X-MSEdge-Ref': 'Ref A: E181D9772E9D42FAA9A41C34514FF07F Ref B: PNQ231110909042 Ref C: 2026-05-25T10:55:36Z'
    'Date': 'Mon, 25 May 2026 10:55:36 GMT'
    'Content-Length': '0'
2026-05-25 16:25:36,089 INFO VM started successfully
2026-05-25 16:39:51,201 INFO AzureCliCredential.get_token_info succeeded
2026-05-25 16:39:51,221 INFO Request URL: 'https://management.azure.com/subscriptions/a8bd7b1b-b9aa-4283-aec4-2040b847d926/resourceGroups/AutoProjectRG/providers/Microsoft.Compute/virtualMachines/ProductionUbuntuVM/deallocate?api-version=2025-11-01'
Request method: 'POST'
Request headers:
    'x-ms-client-request-id': '3f5ec8d9-582a-11f1-b09d-088fc34e0447'
    'User-Agent': 'azsdk-python-mgmt-compute/38.0.0 Python/3.12.0 (Windows-11-10.0.22621-SP0)'
    'Authorization': 'REDACTED'
No body was attached to the request
2026-05-25 16:39:52,231 INFO Response status: 202
Response headers:
    'Cache-Control': 'no-cache'
    'Pragma': 'no-cache'
    'Expires': '-1'
    'Location': 'REDACTED'
    'Retry-After': '10'
    'Azure-AsyncOperation': 'REDACTED'
    'azure-asyncnotification': 'REDACTED'
    'x-ms-ratelimit-remaining-resource': 'Microsoft.Compute/DeleteVMSubscriptionMaximum;1499,Microsoft.Compute/DeleteVMResource;11'
    'x-ms-need-to-refresh-epl-cache': 'REDACTED'
    'Strict-Transport-Security': 'REDACTED'
    'x-ms-request-id': '38469067-f827-4bdb-a0aa-57c45e7956c4'
    'x-ms-operation-identifier': 'REDACTED'
    'x-ms-ratelimit-remaining-subscription-writes': '199'
    'x-ms-ratelimit-remaining-subscription-global-writes': 'REDACTED'
    'x-ms-correlation-request-id': 'REDACTED'
    'x-ms-routing-request-id': 'REDACTED'
    'X-Content-Type-Options': 'REDACTED'
    'X-Cache': 'REDACTED'
    'X-MSEdge-Ref': 'Ref A: 9C2D85CA0D0541BFB7ED9A461CF91C84 Ref B: PNQ231110909040 Ref C: 2026-05-25T11:09:52Z'
    'Date': 'Mon, 25 May 2026 11:09:53 GMT'
    'Content-Length': '0'
2026-05-25 16:39:52,231 INFO Request URL: 'https://management.azure.com/subscriptions/a8bd7b1b-b9aa-4283-aec4-2040b847d926/providers/Microsoft.Compute/locations/CentralIndia/operations/38469067-f827-4bdb-a0aa-57c45e7956c4?p=REDACTED&api-version=2025-11-01&t=REDACTED&c=REDACTED&s=REDACTED&h=REDACTED'
Request method: 'GET'
Request headers:
    'x-ms-client-request-id': '3f5ec8d9-582a-11f1-b09d-088fc34e0447'
    'User-Agent': 'azsdk-python-mgmt-compute/38.0.0 Python/3.12.0 (Windows-11-10.0.22621-SP0)'
    'Authorization': 'REDACTED'
No body was attached to the request
2026-05-25 16:39:52,634 INFO Response status: 200
Response headers:
    'Cache-Control': 'no-cache'
    'Pragma': 'no-cache'
    'Content-Length': '134'
    'Content-Type': 'application/json; charset=utf-8'
    'Expires': '-1'
    'Retry-After': '30'
    'x-ms-ratelimit-remaining-resource': 'Microsoft.Compute/GetOperationResource;44,Microsoft.Compute/GetOperationSubscriptionMaximum;14999'
    'x-ms-need-to-refresh-epl-cache': 'REDACTED'
    'Strict-Transport-Security': 'REDACTED'
    'x-ms-request-id': 'c31cb48d-e0aa-454b-a138-8443ebbd4864'
    'x-ms-operation-identifier': 'REDACTED'
    'x-ms-ratelimit-remaining-subscription-reads': '249'
    'x-ms-ratelimit-remaining-subscription-global-reads': 'REDACTED'
    'x-ms-correlation-request-id': 'REDACTED'
    'x-ms-routing-request-id': 'REDACTED'
    'X-Content-Type-Options': 'REDACTED'
    'X-Cache': 'REDACTED'
    'X-MSEdge-Ref': 'Ref A: EC10BB6379A540128C3FA26442EDDF99 Ref B: PNQ231110909040 Ref C: 2026-05-25T11:09:53Z'
    'Date': 'Mon, 25 May 2026 11:09:53 GMT'
2026-05-25 16:40:22,637 INFO Request URL: 'https://management.azure.com/subscriptions/a8bd7b1b-b9aa-4283-aec4-2040b847d926/providers/Microsoft.Compute/locations/CentralIndia/operations/38469067-f827-4bdb-a0aa-57c45e7956c4?p=REDACTED&api-version=2025-11-01&t=REDACTED&c=REDACTED&s=REDACTED&h=REDACTED'
Request method: 'GET'
Request headers:
    'x-ms-client-request-id': '3f5ec8d9-582a-11f1-b09d-088fc34e0447'
    'User-Agent': 'azsdk-python-mgmt-compute/38.0.0 Python/3.12.0 (Windows-11-10.0.22621-SP0)'
    'Authorization': 'REDACTED'
No body was attached to the request
2026-05-25 16:40:22,938 INFO Response status: 200
Response headers:
    'Cache-Control': 'no-cache'
    'Pragma': 'no-cache'
    'Content-Length': '184'
    'Content-Type': 'application/json; charset=utf-8'
    'Expires': '-1'
    'x-ms-ratelimit-remaining-resource': 'Microsoft.Compute/GetOperationResource;42,Microsoft.Compute/GetOperationSubscriptionMaximum;14999'
    'x-ms-need-to-refresh-epl-cache': 'REDACTED'
    'Strict-Transport-Security': 'REDACTED'
    'x-ms-request-id': '4c7d21e0-403e-4709-a951-dbc08a9fea8e'
    'x-ms-operation-identifier': 'REDACTED'
    'x-ms-ratelimit-remaining-subscription-reads': '249'
    'x-ms-ratelimit-remaining-subscription-global-reads': 'REDACTED'
    'x-ms-correlation-request-id': 'REDACTED'
    'x-ms-routing-request-id': 'REDACTED'
    'X-Content-Type-Options': 'REDACTED'
    'X-Cache': 'REDACTED'
    'X-MSEdge-Ref': 'Ref A: 8982B25AE5724A899DC269AD4D475921 Ref B: PNQ231110909040 Ref C: 2026-05-25T11:10:23Z'
    'Date': 'Mon, 25 May 2026 11:10:23 GMT'
2026-05-25 16:40:22,939 INFO Request URL: 'https://management.azure.com/subscriptions/a8bd7b1b-b9aa-4283-aec4-2040b847d926/providers/Microsoft.Compute/locations/CentralIndia/operations/38469067-f827-4bdb-a0aa-57c45e7956c4?p=REDACTED&monitor=REDACTED&api-version=2025-11-01&t=REDACTED&c=REDACTED&s=REDACTED&h=REDACTED'
Request method: 'GET'
Request headers:
    'x-ms-client-request-id': '3f5ec8d9-582a-11f1-b09d-088fc34e0447'
    'User-Agent': 'azsdk-python-mgmt-compute/38.0.0 Python/3.12.0 (Windows-11-10.0.22621-SP0)'
    'Authorization': 'REDACTED'
No body was attached to the request
2026-05-25 16:40:23,416 INFO Response status: 200
Response headers:
    'Cache-Control': 'no-cache'
    'Pragma': 'no-cache'
    'Expires': '-1'
    'x-ms-ratelimit-remaining-resource': 'Microsoft.Compute/GetOperationResource;41,Microsoft.Compute/GetOperationSubscriptionMaximum;14998'
    'x-ms-need-to-refresh-epl-cache': 'REDACTED'
    'Strict-Transport-Security': 'REDACTED'
    'x-ms-request-id': '9131aaa0-0f21-4699-a9ae-d46ec1a1ea62'
    'x-ms-operation-identifier': 'REDACTED'
    'x-ms-ratelimit-remaining-subscription-reads': '249'
    'x-ms-ratelimit-remaining-subscription-global-reads': 'REDACTED'
    'x-ms-correlation-request-id': 'REDACTED'
    'x-ms-routing-request-id': 'REDACTED'
    'X-Content-Type-Options': 'REDACTED'
    'X-Cache': 'REDACTED'
    'X-MSEdge-Ref': 'Ref A: 1F7F54C08F2D40F896B5BC6A8D449A5C Ref B: PNQ231110909040 Ref C: 2026-05-25T11:10:23Z'
    'Date': 'Mon, 25 May 2026 11:10:24 GMT'
    'Content-Length': '0'
2026-05-25 16:40:23,417 INFO VM stopped successfully
2026-05-25 16:40:30,244 INFO AzureCliCredential.get_token_info succeeded
2026-05-25 16:40:30,263 INFO Request URL: 'https://management.azure.com/subscriptions/a8bd7b1b-b9aa-4283-aec4-2040b847d926/resourceGroups/AutoProjectRG/providers/Microsoft.Compute/virtualMachines/ProductionUbuntuVM/start?api-version=2025-11-01'
Request method: 'POST'
Request headers:
    'x-ms-client-request-id': '56b03dcd-582a-11f1-84ce-088fc34e0447'
    'User-Agent': 'azsdk-python-mgmt-compute/38.0.0 Python/3.12.0 (Windows-11-10.0.22621-SP0)'
    'Authorization': 'REDACTED'
No body was attached to the request
2026-05-25 16:40:31,335 INFO Response status: 202
Response headers:
    'Cache-Control': 'no-cache'
    'Pragma': 'no-cache'
    'Expires': '-1'
    'Location': 'REDACTED'
    'Retry-After': '10'
    'Azure-AsyncOperation': 'REDACTED'
    'azure-asyncnotification': 'REDACTED'
    'x-ms-ratelimit-remaining-resource': 'Microsoft.Compute/UpdateVMSubscriptionMaximum;1499,Microsoft.Compute/UpdateVMResource;11'
    'x-ms-need-to-refresh-epl-cache': 'REDACTED'
    'Strict-Transport-Security': 'REDACTED'
    'x-ms-request-id': '7a0313eb-e0fc-4bd5-81a5-b2db9f9c7400'
    'x-ms-operation-identifier': 'REDACTED'
    'x-ms-ratelimit-remaining-subscription-writes': '199'
    'x-ms-ratelimit-remaining-subscription-global-writes': 'REDACTED'
    'x-ms-correlation-request-id': 'REDACTED'
    'x-ms-routing-request-id': 'REDACTED'
    'X-Content-Type-Options': 'REDACTED'
    'X-Cache': 'REDACTED'
    'X-MSEdge-Ref': 'Ref A: DBC94958C8AF49DD854D5BF184F28E03 Ref B: PNQ231110908042 Ref C: 2026-05-25T11:10:31Z'
    'Date': 'Mon, 25 May 2026 11:10:31 GMT'
    'Content-Length': '0'
2026-05-25 16:40:31,336 INFO Request URL: 'https://management.azure.com/subscriptions/a8bd7b1b-b9aa-4283-aec4-2040b847d926/providers/Microsoft.Compute/locations/CentralIndia/operations/7a0313eb-e0fc-4bd5-81a5-b2db9f9c7400?p=REDACTED&api-version=2025-11-01&t=REDACTED&c=REDACTED&s=REDACTED&h=REDACTED'
Request method: 'GET'
Request headers:
    'x-ms-client-request-id': '56b03dcd-582a-11f1-84ce-088fc34e0447'
    'User-Agent': 'azsdk-python-mgmt-compute/38.0.0 Python/3.12.0 (Windows-11-10.0.22621-SP0)'
    'Authorization': 'REDACTED'
No body was attached to the request
2026-05-25 16:40:31,645 INFO Response status: 200
Response headers:
    'Cache-Control': 'no-cache'
    'Pragma': 'no-cache'
    'Content-Length': '134'
    'Content-Type': 'application/json; charset=utf-8'
    'Expires': '-1'
    'Retry-After': '10'
    'x-ms-ratelimit-remaining-resource': 'Microsoft.Compute/GetOperationResource;44,Microsoft.Compute/GetOperationSubscriptionMaximum;14997'
    'x-ms-need-to-refresh-epl-cache': 'REDACTED'
    'Strict-Transport-Security': 'REDACTED'
    'x-ms-request-id': 'bb4a0d4e-6084-44a3-8bf3-d7ddcafb7d64'
    'x-ms-operation-identifier': 'REDACTED'
    'x-ms-ratelimit-remaining-subscription-reads': '249'
    'x-ms-ratelimit-remaining-subscription-global-reads': 'REDACTED'
    'x-ms-correlation-request-id': 'REDACTED'
    'x-ms-routing-request-id': 'REDACTED'
    'X-Content-Type-Options': 'REDACTED'
    'X-Cache': 'REDACTED'
    'X-MSEdge-Ref': 'Ref A: 7B71B51AF6FF448AABA9FFABF460E53E Ref B: PNQ231110908042 Ref C: 2026-05-25T11:10:32Z'
    'Date': 'Mon, 25 May 2026 11:10:31 GMT'
2026-05-25 16:40:41,648 INFO Request URL: 'https://management.azure.com/subscriptions/a8bd7b1b-b9aa-4283-aec4-2040b847d926/providers/Microsoft.Compute/locations/CentralIndia/operations/7a0313eb-e0fc-4bd5-81a5-b2db9f9c7400?p=REDACTED&api-version=2025-11-01&t=REDACTED&c=REDACTED&s=REDACTED&h=REDACTED'
Request method: 'GET'
Request headers:
    'x-ms-client-request-id': '56b03dcd-582a-11f1-84ce-088fc34e0447'
    'User-Agent': 'azsdk-python-mgmt-compute/38.0.0 Python/3.12.0 (Windows-11-10.0.22621-SP0)'
    'Authorization': 'REDACTED'
No body was attached to the request
2026-05-25 16:40:41,699 INFO Response status: 200
Response headers:
    'Cache-Control': 'no-cache'
    'Pragma': 'no-cache'
    'Content-Length': '184'
    'Content-Type': 'application/json; charset=utf-8'
    'Expires': '-1'
    'x-ms-ratelimit-remaining-resource': 'Microsoft.Compute/GetOperationResource;43,Microsoft.Compute/GetOperationSubscriptionMaximum;14996'
    'x-ms-need-to-refresh-epl-cache': 'REDACTED'
    'Strict-Transport-Security': 'REDACTED'
    'x-ms-request-id': '0f62b002-2148-4fba-9097-d78e1b09831d'
    'x-ms-operation-identifier': 'REDACTED'
    'x-ms-ratelimit-remaining-subscription-reads': '249'
    'x-ms-ratelimit-remaining-subscription-global-reads': 'REDACTED'
    'x-ms-correlation-request-id': 'REDACTED'
    'x-ms-routing-request-id': 'REDACTED'
    'X-Content-Type-Options': 'REDACTED'
    'X-Cache': 'REDACTED'
    'X-MSEdge-Ref': 'Ref A: 8DD55A0CC3E047EB85305CE13852F203 Ref B: PNQ231110908042 Ref C: 2026-05-25T11:10:42Z'
    'Date': 'Mon, 25 May 2026 11:10:41 GMT'
2026-05-25 16:40:41,701 INFO Request URL: 'https://management.azure.com/subscriptions/a8bd7b1b-b9aa-4283-aec4-2040b847d926/providers/Microsoft.Compute/locations/CentralIndia/operations/7a0313eb-e0fc-4bd5-81a5-b2db9f9c7400?p=REDACTED&monitor=REDACTED&api-version=2025-11-01&t=REDACTED&c=REDACTED&s=REDACTED&h=REDACTED'
Request method: 'GET'
Request headers:
    'x-ms-client-request-id': '56b03dcd-582a-11f1-84ce-088fc34e0447'
    'User-Agent': 'azsdk-python-mgmt-compute/38.0.0 Python/3.12.0 (Windows-11-10.0.22621-SP0)'
    'Authorization': 'REDACTED'
No body was attached to the request
2026-05-25 16:40:41,994 INFO Response status: 200
Response headers:
    'Cache-Control': 'no-cache'
    'Pragma': 'no-cache'
    'Expires': '-1'
    'x-ms-ratelimit-remaining-resource': 'Microsoft.Compute/GetOperationResource;41,Microsoft.Compute/GetOperationSubscriptionMaximum;14994'
    'x-ms-need-to-refresh-epl-cache': 'REDACTED'
    'Strict-Transport-Security': 'REDACTED'
    'x-ms-request-id': 'f541c0d5-5754-48e4-943d-563ba95ddd77'
    'x-ms-operation-identifier': 'REDACTED'
    'x-ms-ratelimit-remaining-subscription-reads': '249'
    'x-ms-ratelimit-remaining-subscription-global-reads': 'REDACTED'
    'x-ms-correlation-request-id': 'REDACTED'
    'x-ms-routing-request-id': 'REDACTED'
    'X-Content-Type-Options': 'REDACTED'
    'X-Cache': 'REDACTED'
    'X-MSEdge-Ref': 'Ref A: 15A24427CCD841B69C35DFC51531CAF3 Ref B: PNQ231110908042 Ref C: 2026-05-25T11:10:42Z'
    'Date': 'Mon, 25 May 2026 11:10:42 GMT'
    'Content-Length': '0'
2026-05-25 16:40:41,995 INFO VM started successfully
2026-05-25 16:41:30,720 INFO AzureCliCredential.get_token_info succeeded
2026-05-25 16:41:30,741 INFO Request URL: 'https://management.azure.com/subscriptions/a8bd7b1b-b9aa-4283-aec4-2040b847d926/resourceGroups/AutoProjectRG/providers/Microsoft.Compute/virtualMachines/ProductionUbuntuVM/start?api-version=2025-11-01'
Request method: 'POST'
Request headers:
    'x-ms-client-request-id': '7ac62e0d-582a-11f1-91a6-088fc34e0447'
    'User-Agent': 'azsdk-python-mgmt-compute/38.0.0 Python/3.12.0 (Windows-11-10.0.22621-SP0)'
    'Authorization': 'REDACTED'
No body was attached to the request
2026-05-25 16:41:31,831 INFO Response status: 202
Response headers:
    'Cache-Control': 'no-cache'
    'Pragma': 'no-cache'
    'Expires': '-1'
    'Location': 'REDACTED'
    'Retry-After': '10'
    'Azure-AsyncOperation': 'REDACTED'
    'azure-asyncnotification': 'REDACTED'
    'x-ms-ratelimit-remaining-resource': 'Microsoft.Compute/UpdateVMSubscriptionMaximum;1499,Microsoft.Compute/UpdateVMResource;11'
    'x-ms-need-to-refresh-epl-cache': 'REDACTED'
    'Strict-Transport-Security': 'REDACTED'
    'x-ms-request-id': 'af0d6d8c-bf5d-407c-a064-acb0c4b92f0b'
    'x-ms-operation-identifier': 'REDACTED'
    'x-ms-ratelimit-remaining-subscription-writes': '199'
    'x-ms-ratelimit-remaining-subscription-global-writes': 'REDACTED'
    'x-ms-correlation-request-id': 'REDACTED'
    'x-ms-routing-request-id': 'REDACTED'
    'X-Content-Type-Options': 'REDACTED'
    'X-Cache': 'REDACTED'
    'X-MSEdge-Ref': 'Ref A: 015B99ABD2504CF2ADDCA89BC88D3E4E Ref B: PNQ231110907023 Ref C: 2026-05-25T11:11:32Z'
    'Date': 'Mon, 25 May 2026 11:11:32 GMT'
    'Content-Length': '0'
2026-05-25 16:41:31,833 INFO Request URL: 'https://management.azure.com/subscriptions/a8bd7b1b-b9aa-4283-aec4-2040b847d926/providers/Microsoft.Compute/locations/CentralIndia/operations/af0d6d8c-bf5d-407c-a064-acb0c4b92f0b?p=REDACTED&api-version=2025-11-01&t=REDACTED&c=REDACTED&s=REDACTED&h=REDACTED'
Request method: 'GET'
Request headers:
    'x-ms-client-request-id': '7ac62e0d-582a-11f1-91a6-088fc34e0447'
    'User-Agent': 'azsdk-python-mgmt-compute/38.0.0 Python/3.12.0 (Windows-11-10.0.22621-SP0)'
    'Authorization': 'REDACTED'
No body was attached to the request
2026-05-25 16:41:32,172 INFO Response status: 200
Response headers:
    'Cache-Control': 'no-cache'
    'Pragma': 'no-cache'
    'Content-Length': '184'
    'Content-Type': 'application/json; charset=utf-8'
    'Expires': '-1'
    'x-ms-ratelimit-remaining-resource': 'Microsoft.Compute/GetOperationResource;44,Microsoft.Compute/GetOperationSubscriptionMaximum;14999'
    'x-ms-need-to-refresh-epl-cache': 'REDACTED'
    'Strict-Transport-Security': 'REDACTED'
    'x-ms-request-id': '467ba415-79ec-4aa4-8c5b-f2feae0b40d1'
    'x-ms-operation-identifier': 'REDACTED'
    'x-ms-ratelimit-remaining-subscription-reads': '249'
    'x-ms-ratelimit-remaining-subscription-global-reads': 'REDACTED'
    'x-ms-correlation-request-id': 'REDACTED'
    'x-ms-routing-request-id': 'REDACTED'
    'X-Content-Type-Options': 'REDACTED'
    'X-Cache': 'REDACTED'
    'X-MSEdge-Ref': 'Ref A: 58149C69102649C0A0D689DDE92C6893 Ref B: PNQ231110907023 Ref C: 2026-05-25T11:11:32Z'
    'Date': 'Mon, 25 May 2026 11:11:32 GMT'
2026-05-25 16:41:32,175 INFO Request URL: 'https://management.azure.com/subscriptions/a8bd7b1b-b9aa-4283-aec4-2040b847d926/providers/Microsoft.Compute/locations/CentralIndia/operations/af0d6d8c-bf5d-407c-a064-acb0c4b92f0b?p=REDACTED&monitor=REDACTED&api-version=2025-11-01&t=REDACTED&c=REDACTED&s=REDACTED&h=REDACTED'
Request method: 'GET'
Request headers:
    'x-ms-client-request-id': '7ac62e0d-582a-11f1-91a6-088fc34e0447'
    'User-Agent': 'azsdk-python-mgmt-compute/38.0.0 Python/3.12.0 (Windows-11-10.0.22621-SP0)'
    'Authorization': 'REDACTED'
No body was attached to the request
2026-05-25 16:41:32,260 INFO Response status: 200
Response headers:
    'Cache-Control': 'no-cache'
    'Pragma': 'no-cache'
    'Expires': '-1'
    'x-ms-ratelimit-remaining-resource': 'Microsoft.Compute/GetOperationResource;43,Microsoft.Compute/GetOperationSubscriptionMaximum;14998'
    'x-ms-need-to-refresh-epl-cache': 'REDACTED'
    'Strict-Transport-Security': 'REDACTED'
    'x-ms-request-id': '00ce27de-061d-4803-8525-cd5f609e7695'
    'x-ms-operation-identifier': 'REDACTED'
    'x-ms-ratelimit-remaining-subscription-reads': '249'
    'x-ms-ratelimit-remaining-subscription-global-reads': 'REDACTED'
    'x-ms-correlation-request-id': 'REDACTED'
    'x-ms-routing-request-id': 'REDACTED'
    'X-Content-Type-Options': 'REDACTED'
    'X-Cache': 'REDACTED'
    'X-MSEdge-Ref': 'Ref A: 2A94C9A0AF76404D8DE8826C06DF659B Ref B: PNQ231110907023 Ref C: 2026-05-25T11:11:33Z'
    'Date': 'Mon, 25 May 2026 11:11:32 GMT'
    'Content-Length': '0'
2026-05-25 16:41:32,261 INFO VM started successfully
2026-05-26 15:34:20,092 INFO AzureCliCredential.get_token_info succeeded
2026-05-26 15:34:20,124 INFO Request URL: 'https://management.azure.com/subscriptions/a8bd7b1b-b9aa-4283-aec4-2040b847d926/resourceGroups/AutoProjectRG/providers/Microsoft.Compute/virtualMachines/ProductionUbuntuVM/deallocate?api-version=2025-11-01'
Request method: 'POST'
Request headers:
    'x-ms-client-request-id': '415287d6-58ea-11f1-8857-4c034fe7e914'
    'User-Agent': 'azsdk-python-mgmt-compute/38.0.0 Python/3.12.0 (Windows-11-10.0.22621-SP0)'
    'Authorization': 'REDACTED'
No body was attached to the request
2026-05-26 15:34:20,522 ERROR Error stopping VM: ('Connection aborted.', ConnectionResetError(10054, 'An existing connection was forcibly closed by the remote host', None, 10054, None))
2026-05-26 15:34:48,915 INFO AzureCliCredential.get_token_info succeeded
2026-05-26 15:34:48,938 INFO Request URL: 'https://management.azure.com/subscriptions/a8bd7b1b-b9aa-4283-aec4-2040b847d926/resourceGroups/AutoProjectRG/providers/Microsoft.Compute/virtualMachines/ProductionUbuntuVM/start?api-version=2025-11-01'
Request method: 'POST'
Request headers:
    'x-ms-client-request-id': '53f6c429-58ea-11f1-baf6-4c034fe7e914'
    'User-Agent': 'azsdk-python-mgmt-compute/38.0.0 Python/3.12.0 (Windows-11-10.0.22621-SP0)'
    'Authorization': 'REDACTED'
No body was attached to the request
2026-05-26 15:34:49,295 ERROR Error starting VM: ('Connection aborted.', ConnectionResetError(10054, 'An existing connection was forcibly closed by the remote host', None, 10054, None))
2026-05-26 17:07:20,910 INFO AzureCliCredential.get_token_info succeeded
2026-05-26 17:07:20,926 INFO Request URL: 'https://management.azure.com/subscriptions/a8bd7b1b-b9aa-4283-aec4-2040b847d926/resourceGroups/AutoProjectRG/providers/Microsoft.Compute/virtualMachines/ProductionUbuntuVM/start?api-version=2025-11-01'
Request method: 'POST'
Request headers:
    'x-ms-client-request-id': '414eda19-58f7-11f1-b5ae-4c034fe7e914'
    'User-Agent': 'azsdk-python-mgmt-compute/38.0.0 Python/3.12.0 (Windows-11-10.0.22621-SP0)'
    'Authorization': 'REDACTED'
No body was attached to the request
2026-05-26 17:07:22,208 INFO Response status: 202
Response headers:
    'Cache-Control': 'no-cache'
    'Pragma': 'no-cache'
    'Expires': '-1'
    'Location': 'REDACTED'
    'Retry-After': '10'
    'Azure-AsyncOperation': 'REDACTED'
    'azure-asyncnotification': 'REDACTED'
    'x-ms-ratelimit-remaining-resource': 'Microsoft.Compute/UpdateVMSubscriptionMaximum;1499,Microsoft.Compute/UpdateVMResource;11'
    'x-ms-need-to-refresh-epl-cache': 'REDACTED'
    'Strict-Transport-Security': 'REDACTED'
    'x-ms-request-id': '3b10dee0-e29f-41e9-bd0d-0e218eaaeb04'
    'x-ms-operation-identifier': 'REDACTED'
    'x-ms-ratelimit-remaining-subscription-writes': '199'
    'x-ms-ratelimit-remaining-subscription-global-writes': 'REDACTED'
    'x-ms-correlation-request-id': 'REDACTED'
    'x-ms-routing-request-id': 'REDACTED'
    'X-Content-Type-Options': 'REDACTED'
    'X-Cache': 'REDACTED'
    'X-MSEdge-Ref': 'Ref A: 8F34A56E7424418689DAD30FC2C4439E Ref B: PNQ231110906031 Ref C: 2026-05-26T11:37:21Z'
    'Date': 'Tue, 26 May 2026 11:37:21 GMT'
    'Content-Length': '0'
2026-05-26 17:07:22,209 INFO Request URL: 'https://management.azure.com/subscriptions/a8bd7b1b-b9aa-4283-aec4-2040b847d926/providers/Microsoft.Compute/locations/CentralIndia/operations/3b10dee0-e29f-41e9-bd0d-0e218eaaeb04?p=REDACTED&api-version=2025-11-01&t=REDACTED&c=REDACTED&s=REDACTED&h=REDACTED'
Request method: 'GET'
Request headers:
    'x-ms-client-request-id': '414eda19-58f7-11f1-b5ae-4c034fe7e914'
    'User-Agent': 'azsdk-python-mgmt-compute/38.0.0 Python/3.12.0 (Windows-11-10.0.22621-SP0)'
    'Authorization': 'REDACTED'
No body was attached to the request
2026-05-26 17:07:23,016 INFO Response status: 200
Response headers:
    'Cache-Control': 'no-cache'
    'Pragma': 'no-cache'
    'Content-Length': '133'
    'Content-Type': 'application/json; charset=utf-8'
    'Expires': '-1'
    'Retry-After': '10'
    'x-ms-ratelimit-remaining-resource': 'Microsoft.Compute/GetOperationResource;44,Microsoft.Compute/GetOperationSubscriptionMaximum;14998'
    'x-ms-need-to-refresh-epl-cache': 'REDACTED'
    'Strict-Transport-Security': 'REDACTED'
    'x-ms-request-id': '9c05f331-556e-435b-8e3b-0939107fd7f3'
    'x-ms-operation-identifier': 'REDACTED'
    'x-ms-ratelimit-remaining-subscription-reads': '249'
    'x-ms-ratelimit-remaining-subscription-global-reads': 'REDACTED'
    'x-ms-correlation-request-id': 'REDACTED'
    'x-ms-routing-request-id': 'REDACTED'
    'X-Content-Type-Options': 'REDACTED'
    'X-Cache': 'REDACTED'
    'X-MSEdge-Ref': 'Ref A: 26813FC8EAA248629FB6F460614A9311 Ref B: PNQ231110906031 Ref C: 2026-05-26T11:37:21Z'
    'Date': 'Tue, 26 May 2026 11:37:22 GMT'
2026-05-26 17:07:33,018 INFO Request URL: 'https://management.azure.com/subscriptions/a8bd7b1b-b9aa-4283-aec4-2040b847d926/providers/Microsoft.Compute/locations/CentralIndia/operations/3b10dee0-e29f-41e9-bd0d-0e218eaaeb04?p=REDACTED&api-version=2025-11-01&t=REDACTED&c=REDACTED&s=REDACTED&h=REDACTED'
Request method: 'GET'
Request headers:
    'x-ms-client-request-id': '414eda19-58f7-11f1-b5ae-4c034fe7e914'
    'User-Agent': 'azsdk-python-mgmt-compute/38.0.0 Python/3.12.0 (Windows-11-10.0.22621-SP0)'
    'Authorization': 'REDACTED'
No body was attached to the request
2026-05-26 17:07:33,163 INFO Response status: 200
Response headers:
    'Cache-Control': 'no-cache'
    'Pragma': 'no-cache'
    'Content-Length': '183'
    'Content-Type': 'application/json; charset=utf-8'
    'Expires': '-1'
    'x-ms-ratelimit-remaining-resource': 'Microsoft.Compute/GetOperationResource;43,Microsoft.Compute/GetOperationSubscriptionMaximum;14997'
    'x-ms-need-to-refresh-epl-cache': 'REDACTED'
    'Strict-Transport-Security': 'REDACTED'
    'x-ms-request-id': 'e9a3cd2f-c242-468a-9d40-ca35277e050a'
    'x-ms-operation-identifier': 'REDACTED'
    'x-ms-ratelimit-remaining-subscription-reads': '249'
    'x-ms-ratelimit-remaining-subscription-global-reads': 'REDACTED'
    'x-ms-correlation-request-id': 'REDACTED'
    'x-ms-routing-request-id': 'REDACTED'
    'X-Content-Type-Options': 'REDACTED'
    'X-Cache': 'REDACTED'
    'X-MSEdge-Ref': 'Ref A: 70B0B73E74E845EABEC10E24F8062461 Ref B: PNQ231110906031 Ref C: 2026-05-26T11:37:32Z'
    'Date': 'Tue, 26 May 2026 11:37:32 GMT'
2026-05-26 17:07:33,163 INFO Request URL: 'https://management.azure.com/subscriptions/a8bd7b1b-b9aa-4283-aec4-2040b847d926/providers/Microsoft.Compute/locations/CentralIndia/operations/3b10dee0-e29f-41e9-bd0d-0e218eaaeb04?p=REDACTED&monitor=REDACTED&api-version=2025-11-01&t=REDACTED&c=REDACTED&s=REDACTED&h=REDACTED'
Request method: 'GET'
Request headers:
    'x-ms-client-request-id': '414eda19-58f7-11f1-b5ae-4c034fe7e914'
    'User-Agent': 'azsdk-python-mgmt-compute/38.0.0 Python/3.12.0 (Windows-11-10.0.22621-SP0)'
    'Authorization': 'REDACTED'
No body was attached to the request
2026-05-26 17:07:33,524 INFO Response status: 200
Response headers:
    'Cache-Control': 'no-cache'
    'Pragma': 'no-cache'
    'Expires': '-1'
    'x-ms-ratelimit-remaining-resource': 'Microsoft.Compute/GetOperationResource;42,Microsoft.Compute/GetOperationSubscriptionMaximum;14996'
    'x-ms-need-to-refresh-epl-cache': 'REDACTED'
    'Strict-Transport-Security': 'REDACTED'
    'x-ms-request-id': 'd0e00015-0d09-43cd-84f6-b497e9bca0a0'
    'x-ms-operation-identifier': 'REDACTED'
    'x-ms-ratelimit-remaining-subscription-reads': '249'
    'x-ms-ratelimit-remaining-subscription-global-reads': 'REDACTED'
    'x-ms-correlation-request-id': 'REDACTED'
    'x-ms-routing-request-id': 'REDACTED'
    'X-Content-Type-Options': 'REDACTED'
    'X-Cache': 'REDACTED'
    'X-MSEdge-Ref': 'Ref A: BD64FF8EA71044FCA89D243C7B51B39B Ref B: PNQ231110906031 Ref C: 2026-05-26T11:37:32Z'
    'Date': 'Tue, 26 May 2026 11:37:32 GMT'
    'Content-Length': '0'
2026-05-26 17:07:33,524 INFO VM started successfully
2026-05-26 17:08:16,869 INFO AzureCliCredential.get_token_info succeeded
2026-05-26 17:08:16,889 INFO Request URL: 'https://management.azure.com/subscriptions/a8bd7b1b-b9aa-4283-aec4-2040b847d926/resourceGroups/AutoProjectRG/providers/Microsoft.Compute/virtualMachines/ProductionUbuntuVM/restart?api-version=2025-11-01'
Request method: 'POST'
Request headers:
    'x-ms-client-request-id': '62afee71-58f7-11f1-8c0d-4c034fe7e914'
    'User-Agent': 'azsdk-python-mgmt-compute/38.0.0 Python/3.12.0 (Windows-11-10.0.22621-SP0)'
    'Authorization': 'REDACTED'
No body was attached to the request
2026-05-26 17:08:18,288 INFO Response status: 202
Response headers:
    'Cache-Control': 'no-cache'
    'Pragma': 'no-cache'
    'Expires': '-1'
    'Location': 'REDACTED'
    'Retry-After': '10'
    'Azure-AsyncOperation': 'REDACTED'
    'azure-asyncnotification': 'REDACTED'
    'x-ms-ratelimit-remaining-resource': 'Microsoft.Compute/UpdateVMSubscriptionMaximum;1498,Microsoft.Compute/UpdateVMResource;10'
    'x-ms-need-to-refresh-epl-cache': 'REDACTED'
    'Strict-Transport-Security': 'REDACTED'
    'x-ms-request-id': 'c01b1e4b-dfbd-401d-8cd0-7b5fbc751b70'
    'x-ms-operation-identifier': 'REDACTED'
    'x-ms-ratelimit-remaining-subscription-writes': '199'
    'x-ms-ratelimit-remaining-subscription-global-writes': 'REDACTED'
    'x-ms-correlation-request-id': 'REDACTED'
    'x-ms-routing-request-id': 'REDACTED'
    'X-Content-Type-Options': 'REDACTED'
    'X-Cache': 'REDACTED'
    'X-MSEdge-Ref': 'Ref A: 78817552CCE9429DAC4A360326843FEA Ref B: PNQ231110907052 Ref C: 2026-05-26T11:38:16Z'
    'Date': 'Tue, 26 May 2026 11:38:17 GMT'
    'Content-Length': '0'
2026-05-26 17:08:18,289 INFO Request URL: 'https://management.azure.com/subscriptions/a8bd7b1b-b9aa-4283-aec4-2040b847d926/providers/Microsoft.Compute/locations/CentralIndia/operations/c01b1e4b-dfbd-401d-8cd0-7b5fbc751b70?p=REDACTED&api-version=2025-11-01&t=REDACTED&c=REDACTED&s=REDACTED&h=REDACTED'
Request method: 'GET'
Request headers:
    'x-ms-client-request-id': '62afee71-58f7-11f1-8c0d-4c034fe7e914'
    'User-Agent': 'azsdk-python-mgmt-compute/38.0.0 Python/3.12.0 (Windows-11-10.0.22621-SP0)'
    'Authorization': 'REDACTED'
No body was attached to the request
2026-05-26 17:08:18,585 INFO Response status: 200
Response headers:
    'Cache-Control': 'no-cache'
    'Pragma': 'no-cache'
    'Content-Length': '134'
    'Content-Type': 'application/json; charset=utf-8'
    'Expires': '-1'
    'Retry-After': '10'
    'x-ms-ratelimit-remaining-resource': 'Microsoft.Compute/GetOperationResource;44,Microsoft.Compute/GetOperationSubscriptionMaximum;14999'
    'x-ms-need-to-refresh-epl-cache': 'REDACTED'
    'Strict-Transport-Security': 'REDACTED'
    'x-ms-request-id': '1edbbbcd-a110-40dd-a6e2-667a38dab48f'
    'x-ms-operation-identifier': 'REDACTED'
    'x-ms-ratelimit-remaining-subscription-reads': '249'
    'x-ms-ratelimit-remaining-subscription-global-reads': 'REDACTED'
    'x-ms-correlation-request-id': 'REDACTED'
    'x-ms-routing-request-id': 'REDACTED'
    'X-Content-Type-Options': 'REDACTED'
    'X-Cache': 'REDACTED'
    'X-MSEdge-Ref': 'Ref A: 1A31DA45B1C049DD956E196252ACAF8B Ref B: PNQ231110907052 Ref C: 2026-05-26T11:38:17Z'
    'Date': 'Tue, 26 May 2026 11:38:17 GMT'
2026-05-26 17:08:28,588 INFO Request URL: 'https://management.azure.com/subscriptions/a8bd7b1b-b9aa-4283-aec4-2040b847d926/providers/Microsoft.Compute/locations/CentralIndia/operations/c01b1e4b-dfbd-401d-8cd0-7b5fbc751b70?p=REDACTED&api-version=2025-11-01&t=REDACTED&c=REDACTED&s=REDACTED&h=REDACTED'
Request method: 'GET'
Request headers:
    'x-ms-client-request-id': '62afee71-58f7-11f1-8c0d-4c034fe7e914'
    'User-Agent': 'azsdk-python-mgmt-compute/38.0.0 Python/3.12.0 (Windows-11-10.0.22621-SP0)'
    'Authorization': 'REDACTED'
No body was attached to the request
2026-05-26 17:08:28,883 INFO Response status: 200
Response headers:
    'Cache-Control': 'no-cache'
    'Pragma': 'no-cache'
    'Content-Length': '134'
    'Content-Type': 'application/json; charset=utf-8'
    'Expires': '-1'
    'Retry-After': '30'
    'x-ms-ratelimit-remaining-resource': 'Microsoft.Compute/GetOperationResource;43,Microsoft.Compute/GetOperationSubscriptionMaximum;14998'
    'x-ms-need-to-refresh-epl-cache': 'REDACTED'
    'Strict-Transport-Security': 'REDACTED'
    'x-ms-request-id': '8d53b274-dfea-4d0f-b192-9d47c1970e88'
    'x-ms-operation-identifier': 'REDACTED'
    'x-ms-ratelimit-remaining-subscription-reads': '249'
    'x-ms-ratelimit-remaining-subscription-global-reads': 'REDACTED'
    'x-ms-correlation-request-id': 'REDACTED'
    'x-ms-routing-request-id': 'REDACTED'
    'X-Content-Type-Options': 'REDACTED'
    'X-Cache': 'REDACTED'
    'X-MSEdge-Ref': 'Ref A: 9777EF581343484F87EBA6DFDE638CD4 Ref B: PNQ231110907052 Ref C: 2026-05-26T11:38:28Z'
    'Date': 'Tue, 26 May 2026 11:38:28 GMT'
2026-05-26 17:08:58,884 INFO Request URL: 'https://management.azure.com/subscriptions/a8bd7b1b-b9aa-4283-aec4-2040b847d926/providers/Microsoft.Compute/locations/CentralIndia/operations/c01b1e4b-dfbd-401d-8cd0-7b5fbc751b70?p=REDACTED&api-version=2025-11-01&t=REDACTED&c=REDACTED&s=REDACTED&h=REDACTED'
Request method: 'GET'
Request headers:
    'x-ms-client-request-id': '62afee71-58f7-11f1-8c0d-4c034fe7e914'
    'User-Agent': 'azsdk-python-mgmt-compute/38.0.0 Python/3.12.0 (Windows-11-10.0.22621-SP0)'
    'Authorization': 'REDACTED'
No body was attached to the request
2026-05-26 17:08:59,801 INFO Response status: 200
Response headers:
    'Cache-Control': 'no-cache'
    'Pragma': 'no-cache'
    'Content-Length': '183'
    'Content-Type': 'application/json; charset=utf-8'
    'Expires': '-1'
    'x-ms-ratelimit-remaining-resource': 'Microsoft.Compute/GetOperationResource;41,Microsoft.Compute/GetOperationSubscriptionMaximum;14998'
    'x-ms-need-to-refresh-epl-cache': 'REDACTED'
    'Strict-Transport-Security': 'REDACTED'
    'x-ms-request-id': '557fa284-19ec-4b05-a980-ca80601e49e4'
    'x-ms-operation-identifier': 'REDACTED'
    'x-ms-ratelimit-remaining-subscription-reads': '249'
    'x-ms-ratelimit-remaining-subscription-global-reads': 'REDACTED'
    'x-ms-correlation-request-id': 'REDACTED'
    'x-ms-routing-request-id': 'REDACTED'
    'X-Content-Type-Options': 'REDACTED'
    'X-Cache': 'REDACTED'
    'X-MSEdge-Ref': 'Ref A: D327CB925458436C95DEDCA51F7266F8 Ref B: PNQ231110907052 Ref C: 2026-05-26T11:38:58Z'
    'Date': 'Tue, 26 May 2026 11:38:59 GMT'
2026-05-26 17:08:59,801 INFO Request URL: 'https://management.azure.com/subscriptions/a8bd7b1b-b9aa-4283-aec4-2040b847d926/providers/Microsoft.Compute/locations/CentralIndia/operations/c01b1e4b-dfbd-401d-8cd0-7b5fbc751b70?p=REDACTED&monitor=REDACTED&api-version=2025-11-01&t=REDACTED&c=REDACTED&s=REDACTED&h=REDACTED'
Request method: 'GET'
Request headers:
    'x-ms-client-request-id': '62afee71-58f7-11f1-8c0d-4c034fe7e914'
    'User-Agent': 'azsdk-python-mgmt-compute/38.0.0 Python/3.12.0 (Windows-11-10.0.22621-SP0)'
    'Authorization': 'REDACTED'
No body was attached to the request
2026-05-26 17:08:59,939 INFO Response status: 200
Response headers:
    'Cache-Control': 'no-cache'
    'Pragma': 'no-cache'
    'Expires': '-1'
    'x-ms-ratelimit-remaining-resource': 'Microsoft.Compute/GetOperationResource;40,Microsoft.Compute/GetOperationSubscriptionMaximum;14997'
    'x-ms-need-to-refresh-epl-cache': 'REDACTED'
    'Strict-Transport-Security': 'REDACTED'
    'x-ms-request-id': 'e853e0c2-ed64-47d9-9a8d-12a8a9fed817'
    'x-ms-operation-identifier': 'REDACTED'
    'x-ms-ratelimit-remaining-subscription-reads': '248'
    'x-ms-ratelimit-remaining-subscription-global-reads': 'REDACTED'
    'x-ms-correlation-request-id': 'REDACTED'
    'x-ms-routing-request-id': 'REDACTED'
    'X-Content-Type-Options': 'REDACTED'
    'X-Cache': 'REDACTED'
    'X-MSEdge-Ref': 'Ref A: 7691F2F61340433980E1224B1C233A42 Ref B: PNQ231110907052 Ref C: 2026-05-26T11:38:59Z'
    'Date': 'Tue, 26 May 2026 11:38:59 GMT'
    'Content-Length': '0'
2026-05-26 17:08:59,940 INFO VM restarted successfully
2026-05-26 17:11:54,561 INFO AzureCliCredential.get_token_info succeeded
2026-05-26 17:11:54,576 INFO Request URL: 'https://management.azure.com/subscriptions/a8bd7b1b-b9aa-4283-aec4-2040b847d926/resourceGroups/AutoProjectRG/providers/Microsoft.Compute/virtualMachines/ProductionUbuntuVM/deallocate?api-version=2025-11-01'
Request method: 'POST'
Request headers:
    'x-ms-client-request-id': 'e47776d9-58f7-11f1-b07d-4c034fe7e914'
    'User-Agent': 'azsdk-python-mgmt-compute/38.0.0 Python/3.12.0 (Windows-11-10.0.22621-SP0)'
    'Authorization': 'REDACTED'
No body was attached to the request
2026-05-26 17:11:57,622 INFO Response status: 202
Response headers:
    'Cache-Control': 'no-cache'
    'Pragma': 'no-cache'
    'Expires': '-1'
    'Location': 'REDACTED'
    'Retry-After': '10'
    'Azure-AsyncOperation': 'REDACTED'
    'azure-asyncnotification': 'REDACTED'
    'x-ms-ratelimit-remaining-resource': 'Microsoft.Compute/DeleteVMSubscriptionMaximum;1499,Microsoft.Compute/DeleteVMResource;11'
    'x-ms-need-to-refresh-epl-cache': 'REDACTED'
    'Strict-Transport-Security': 'REDACTED'
    'x-ms-request-id': '10f6e2aa-72bc-4f3e-a337-63935ac31487'
    'x-ms-operation-identifier': 'REDACTED'
    'x-ms-ratelimit-remaining-subscription-writes': '199'
    'x-ms-ratelimit-remaining-subscription-global-writes': 'REDACTED'
    'x-ms-correlation-request-id': 'REDACTED'
    'x-ms-routing-request-id': 'REDACTED'
    'X-Content-Type-Options': 'REDACTED'
    'X-Cache': 'REDACTED'
    'X-MSEdge-Ref': 'Ref A: B29DEA07442B45E984010F93A8B4F3E0 Ref B: PNQ231110907029 Ref C: 2026-05-26T11:41:54Z'
    'Date': 'Tue, 26 May 2026 11:41:54 GMT'
    'Content-Length': '0'
2026-05-26 17:11:57,623 INFO Request URL: 'https://management.azure.com/subscriptions/a8bd7b1b-b9aa-4283-aec4-2040b847d926/providers/Microsoft.Compute/locations/CentralIndia/operations/10f6e2aa-72bc-4f3e-a337-63935ac31487?p=REDACTED&api-version=2025-11-01&t=REDACTED&c=REDACTED&s=REDACTED&h=REDACTED'
Request method: 'GET'
Request headers:
    'x-ms-client-request-id': 'e47776d9-58f7-11f1-b07d-4c034fe7e914'
    'User-Agent': 'azsdk-python-mgmt-compute/38.0.0 Python/3.12.0 (Windows-11-10.0.22621-SP0)'
    'Authorization': 'REDACTED'
No body was attached to the request
2026-05-26 17:11:58,404 INFO Response status: 200
Response headers:
    'Cache-Control': 'no-cache'
    'Pragma': 'no-cache'
    'Content-Length': '134'
    'Content-Type': 'application/json; charset=utf-8'
    'Expires': '-1'
    'Retry-After': '30'
    'x-ms-ratelimit-remaining-resource': 'Microsoft.Compute/GetOperationResource;44,Microsoft.Compute/GetOperationSubscriptionMaximum;14999'
    'x-ms-need-to-refresh-epl-cache': 'REDACTED'
    'Strict-Transport-Security': 'REDACTED'
    'x-ms-request-id': '0a30d23f-30d5-46ef-9d93-d03862bea6df'
    'x-ms-operation-identifier': 'REDACTED'
    'x-ms-ratelimit-remaining-subscription-reads': '249'
    'x-ms-ratelimit-remaining-subscription-global-reads': 'REDACTED'
    'x-ms-correlation-request-id': 'REDACTED'
    'x-ms-routing-request-id': 'REDACTED'
    'X-Content-Type-Options': 'REDACTED'
    'X-Cache': 'REDACTED'
    'X-MSEdge-Ref': 'Ref A: 8648E809E1F94080875073C2C3F8A5F8 Ref B: PNQ231110907029 Ref C: 2026-05-26T11:41:57Z'
    'Date': 'Tue, 26 May 2026 11:41:57 GMT'
2026-05-26 17:12:28,406 INFO Request URL: 'https://management.azure.com/subscriptions/a8bd7b1b-b9aa-4283-aec4-2040b847d926/providers/Microsoft.Compute/locations/CentralIndia/operations/10f6e2aa-72bc-4f3e-a337-63935ac31487?p=REDACTED&api-version=2025-11-01&t=REDACTED&c=REDACTED&s=REDACTED&h=REDACTED'
Request method: 'GET'
Request headers:
    'x-ms-client-request-id': 'e47776d9-58f7-11f1-b07d-4c034fe7e914'
    'User-Agent': 'azsdk-python-mgmt-compute/38.0.0 Python/3.12.0 (Windows-11-10.0.22621-SP0)'
    'Authorization': 'REDACTED'
No body was attached to the request
2026-05-26 17:12:29,523 INFO Response status: 200
Response headers:
    'Cache-Control': 'no-cache'
    'Pragma': 'no-cache'
    'Content-Length': '183'
    'Content-Type': 'application/json; charset=utf-8'
    'Expires': '-1'
    'x-ms-ratelimit-remaining-resource': 'Microsoft.Compute/GetOperationResource;42,Microsoft.Compute/GetOperationSubscriptionMaximum;14997'
    'x-ms-need-to-refresh-epl-cache': 'REDACTED'
    'Strict-Transport-Security': 'REDACTED'
    'x-ms-request-id': '8d8cee85-c7df-4e1a-a8c4-b558e6c365ac'
    'x-ms-operation-identifier': 'REDACTED'
    'x-ms-ratelimit-remaining-subscription-reads': '249'
    'x-ms-ratelimit-remaining-subscription-global-reads': 'REDACTED'
    'x-ms-correlation-request-id': 'REDACTED'
    'x-ms-routing-request-id': 'REDACTED'
    'X-Content-Type-Options': 'REDACTED'
    'X-Cache': 'REDACTED'
    'X-MSEdge-Ref': 'Ref A: 016125E9A7AD4336B626FBBA02D35A4A Ref B: PNQ231110907029 Ref C: 2026-05-26T11:42:28Z'
    'Date': 'Tue, 26 May 2026 11:42:27 GMT'
2026-05-26 17:12:29,524 INFO Request URL: 'https://management.azure.com/subscriptions/a8bd7b1b-b9aa-4283-aec4-2040b847d926/providers/Microsoft.Compute/locations/CentralIndia/operations/10f6e2aa-72bc-4f3e-a337-63935ac31487?p=REDACTED&monitor=REDACTED&api-version=2025-11-01&t=REDACTED&c=REDACTED&s=REDACTED&h=REDACTED'
Request method: 'GET'
Request headers:
    'x-ms-client-request-id': 'e47776d9-58f7-11f1-b07d-4c034fe7e914'
    'User-Agent': 'azsdk-python-mgmt-compute/38.0.0 Python/3.12.0 (Windows-11-10.0.22621-SP0)'
    'Authorization': 'REDACTED'
No body was attached to the request
2026-05-26 17:12:30,046 INFO Response status: 200
Response headers:
    'Cache-Control': 'no-cache'
    'Pragma': 'no-cache'
    'Expires': '-1'
    'x-ms-ratelimit-remaining-resource': 'Microsoft.Compute/GetOperationResource;41,Microsoft.Compute/GetOperationSubscriptionMaximum;14996'
    'x-ms-need-to-refresh-epl-cache': 'REDACTED'
    'Strict-Transport-Security': 'REDACTED'
    'x-ms-request-id': 'aae852fc-192c-403c-bad1-50755428ce31'
    'x-ms-operation-identifier': 'REDACTED'
    'x-ms-ratelimit-remaining-subscription-reads': '249'
    'x-ms-ratelimit-remaining-subscription-global-reads': 'REDACTED'
    'x-ms-correlation-request-id': 'REDACTED'
    'x-ms-routing-request-id': 'REDACTED'
    'X-Content-Type-Options': 'REDACTED'
    'X-Cache': 'REDACTED'
    'X-MSEdge-Ref': 'Ref A: 7F9B4D96422049F5B42BC9E67F0D5DAA Ref B: PNQ231110907029 Ref C: 2026-05-26T11:42:29Z'
    'Date': 'Tue, 26 May 2026 11:42:28 GMT'
    'Content-Length': '0'
2026-05-26 17:12:30,047 INFO VM stopped successfully
2026-05-27 13:50:35,711 INFO AzureCliCredential.get_token_info succeeded
2026-05-27 13:50:35,732 INFO Request URL: 'https://management.azure.com/subscriptions/a8bd7b1b-b9aa-4283-aec4-2040b847d926/resourceGroups/AutoProjectRG/providers/Microsoft.Compute/virtualMachines/ProductionUbuntuVM/deallocate?api-version=2025-11-01'
Request method: 'POST'
Request headers:
    'x-ms-client-request-id': 'ebf97504-59a4-11f1-96e6-4c034fe7e914'
    'User-Agent': 'azsdk-python-mgmt-compute/38.0.0 Python/3.12.0 (Windows-11-10.0.22621-SP0)'
    'Authorization': 'REDACTED'
No body was attached to the request
2026-05-27 13:50:37,817 ERROR Error stopping VM: ('Connection aborted.', ConnectionResetError(10054, 'An existing connection was forcibly closed by the remote host', None, 10054, None))
2026-05-28 10:27:47,865 INFO AzureCliCredential.get_token_info succeeded
2026-05-28 10:27:47,886 INFO Request URL: 'https://management.azure.com/subscriptions/a8bd7b1b-b9aa-4283-aec4-2040b847d926/resourceGroups/AutoProjectRG/providers/Microsoft.Compute/virtualMachines/ProductionUbuntuVM/start?api-version=2025-11-01'
Request method: 'POST'
Request headers:
    'x-ms-client-request-id': 'c456c057-5a51-11f1-9bec-4c034fe7e914'
    'User-Agent': 'azsdk-python-mgmt-compute/38.0.0 Python/3.12.0 (Windows-11-10.0.22621-SP0)'
    'Authorization': 'REDACTED'
No body was attached to the request
2026-05-28 10:27:49,428 INFO Response status: 202
Response headers:
    'Cache-Control': 'no-cache'
    'Pragma': 'no-cache'
    'Expires': '-1'
    'Location': 'REDACTED'
    'Retry-After': '10'
    'Azure-AsyncOperation': 'REDACTED'
    'azure-asyncnotification': 'REDACTED'
    'x-ms-ratelimit-remaining-resource': 'Microsoft.Compute/UpdateVMSubscriptionMaximum;1499,Microsoft.Compute/UpdateVMResource;11'
    'x-ms-need-to-refresh-epl-cache': 'REDACTED'
    'Strict-Transport-Security': 'REDACTED'
    'x-ms-request-id': '1e320d21-9596-4667-aad9-fdda5503c039'
    'x-ms-operation-identifier': 'REDACTED'
    'x-ms-ratelimit-remaining-subscription-writes': '199'
    'x-ms-ratelimit-remaining-subscription-global-writes': 'REDACTED'
    'x-ms-correlation-request-id': 'REDACTED'
    'x-ms-routing-request-id': 'REDACTED'
    'X-Content-Type-Options': 'REDACTED'
    'X-Cache': 'REDACTED'
    'X-MSEdge-Ref': 'Ref A: A2F697570A0B4F95BF8F3EE31875F1A0 Ref B: PNQ231110909036 Ref C: 2026-05-28T04:57:48Z'
    'Date': 'Thu, 28 May 2026 04:57:49 GMT'
    'Content-Length': '0'
2026-05-28 10:27:49,430 INFO Request URL: 'https://management.azure.com/subscriptions/a8bd7b1b-b9aa-4283-aec4-2040b847d926/providers/Microsoft.Compute/locations/CentralIndia/operations/1e320d21-9596-4667-aad9-fdda5503c039?p=REDACTED&api-version=2025-11-01&t=REDACTED&c=REDACTED&s=REDACTED&h=REDACTED'
Request method: 'GET'
Request headers:
    'x-ms-client-request-id': 'c456c057-5a51-11f1-9bec-4c034fe7e914'
    'User-Agent': 'azsdk-python-mgmt-compute/38.0.0 Python/3.12.0 (Windows-11-10.0.22621-SP0)'
    'Authorization': 'REDACTED'
No body was attached to the request
2026-05-28 10:27:49,905 INFO Response status: 200
Response headers:
    'Cache-Control': 'no-cache'
    'Pragma': 'no-cache'
    'Content-Length': '133'
    'Content-Type': 'application/json; charset=utf-8'
    'Expires': '-1'
    'Retry-After': '10'
    'x-ms-ratelimit-remaining-resource': 'Microsoft.Compute/GetOperationResource;44,Microsoft.Compute/GetOperationSubscriptionMaximum;14999'
    'x-ms-need-to-refresh-epl-cache': 'REDACTED'
    'Strict-Transport-Security': 'REDACTED'
    'x-ms-request-id': '3cb1e751-8d36-40f6-87ef-eebe1dd6aa43'
    'x-ms-operation-identifier': 'REDACTED'
    'x-ms-ratelimit-remaining-subscription-reads': '249'
    'x-ms-ratelimit-remaining-subscription-global-reads': 'REDACTED'
    'x-ms-correlation-request-id': 'REDACTED'
    'x-ms-routing-request-id': 'REDACTED'
    'X-Content-Type-Options': 'REDACTED'
    'X-Cache': 'REDACTED'
    'X-MSEdge-Ref': 'Ref A: FB56951433BC402B93318C29BDBC0DFF Ref B: PNQ231110909036 Ref C: 2026-05-28T04:57:49Z'
    'Date': 'Thu, 28 May 2026 04:57:49 GMT'
2026-05-28 10:27:59,909 INFO Request URL: 'https://management.azure.com/subscriptions/a8bd7b1b-b9aa-4283-aec4-2040b847d926/providers/Microsoft.Compute/locations/CentralIndia/operations/1e320d21-9596-4667-aad9-fdda5503c039?p=REDACTED&api-version=2025-11-01&t=REDACTED&c=REDACTED&s=REDACTED&h=REDACTED'
Request method: 'GET'
Request headers:
    'x-ms-client-request-id': 'c456c057-5a51-11f1-9bec-4c034fe7e914'
    'User-Agent': 'azsdk-python-mgmt-compute/38.0.0 Python/3.12.0 (Windows-11-10.0.22621-SP0)'
    'Authorization': 'REDACTED'
No body was attached to the request
2026-05-28 10:28:00,049 INFO Response status: 200
Response headers:
    'Cache-Control': 'no-cache'
    'Pragma': 'no-cache'
    'Content-Length': '133'
    'Content-Type': 'application/json; charset=utf-8'
    'Expires': '-1'
    'Retry-After': '30'
    'x-ms-ratelimit-remaining-resource': 'Microsoft.Compute/GetOperationResource;43,Microsoft.Compute/GetOperationSubscriptionMaximum;14998'
    'x-ms-need-to-refresh-epl-cache': 'REDACTED'
    'Strict-Transport-Security': 'REDACTED'
    'x-ms-request-id': '5c81f10a-fcde-485a-a61e-180e456007f1'
    'x-ms-operation-identifier': 'REDACTED'
    'x-ms-ratelimit-remaining-subscription-reads': '248'
    'x-ms-ratelimit-remaining-subscription-global-reads': 'REDACTED'
    'x-ms-correlation-request-id': 'REDACTED'
    'x-ms-routing-request-id': 'REDACTED'
    'X-Content-Type-Options': 'REDACTED'
    'X-Cache': 'REDACTED'
    'X-MSEdge-Ref': 'Ref A: 47A2D19F9D5346A6AC1EE5155B6C6A30 Ref B: PNQ231110909036 Ref C: 2026-05-28T04:57:59Z'
    'Date': 'Thu, 28 May 2026 04:58:00 GMT'
2026-05-28 10:28:30,051 INFO Request URL: 'https://management.azure.com/subscriptions/a8bd7b1b-b9aa-4283-aec4-2040b847d926/providers/Microsoft.Compute/locations/CentralIndia/operations/1e320d21-9596-4667-aad9-fdda5503c039?p=REDACTED&api-version=2025-11-01&t=REDACTED&c=REDACTED&s=REDACTED&h=REDACTED'
Request method: 'GET'
Request headers:
    'x-ms-client-request-id': 'c456c057-5a51-11f1-9bec-4c034fe7e914'
    'User-Agent': 'azsdk-python-mgmt-compute/38.0.0 Python/3.12.0 (Windows-11-10.0.22621-SP0)'
    'Authorization': 'REDACTED'
No body was attached to the request
2026-05-28 10:28:30,641 INFO Response status: 200
Response headers:
    'Cache-Control': 'no-cache'
    'Pragma': 'no-cache'
    'Content-Length': '183'
    'Content-Type': 'application/json; charset=utf-8'
    'Expires': '-1'
    'x-ms-ratelimit-remaining-resource': 'Microsoft.Compute/GetOperationResource;41,Microsoft.Compute/GetOperationSubscriptionMaximum;14996'
    'x-ms-need-to-refresh-epl-cache': 'REDACTED'
    'Strict-Transport-Security': 'REDACTED'
    'x-ms-request-id': '69375332-b1db-4af9-9d7e-63dfd2356437'
    'x-ms-operation-identifier': 'REDACTED'
    'x-ms-ratelimit-remaining-subscription-reads': '249'
    'x-ms-ratelimit-remaining-subscription-global-reads': 'REDACTED'
    'x-ms-correlation-request-id': 'REDACTED'
    'x-ms-routing-request-id': 'REDACTED'
    'X-Content-Type-Options': 'REDACTED'
    'X-Cache': 'REDACTED'
    'X-MSEdge-Ref': 'Ref A: 0255E8C14582450B829DC93963DEBA45 Ref B: PNQ231110909036 Ref C: 2026-05-28T04:58:30Z'
    'Date': 'Thu, 28 May 2026 04:58:30 GMT'
2026-05-28 10:28:30,642 INFO Request URL: 'https://management.azure.com/subscriptions/a8bd7b1b-b9aa-4283-aec4-2040b847d926/providers/Microsoft.Compute/locations/CentralIndia/operations/1e320d21-9596-4667-aad9-fdda5503c039?p=REDACTED&monitor=REDACTED&api-version=2025-11-01&t=REDACTED&c=REDACTED&s=REDACTED&h=REDACTED'
Request method: 'GET'
Request headers:
    'x-ms-client-request-id': 'c456c057-5a51-11f1-9bec-4c034fe7e914'
    'User-Agent': 'azsdk-python-mgmt-compute/38.0.0 Python/3.12.0 (Windows-11-10.0.22621-SP0)'
    'Authorization': 'REDACTED'
No body was attached to the request
2026-05-28 10:28:31,527 INFO Response status: 200
Response headers:
    'Cache-Control': 'no-cache'
    'Pragma': 'no-cache'
    'Expires': '-1'
    'x-ms-ratelimit-remaining-resource': 'Microsoft.Compute/GetOperationResource;40,Microsoft.Compute/GetOperationSubscriptionMaximum;14995'
    'x-ms-need-to-refresh-epl-cache': 'REDACTED'
    'Strict-Transport-Security': 'REDACTED'
    'x-ms-request-id': '3dab841c-3586-479f-a9c7-1ce76a88ba63'
    'x-ms-operation-identifier': 'REDACTED'
    'x-ms-ratelimit-remaining-subscription-reads': '249'
    'x-ms-ratelimit-remaining-subscription-global-reads': 'REDACTED'
    'x-ms-correlation-request-id': 'REDACTED'
    'x-ms-routing-request-id': 'REDACTED'
    'X-Content-Type-Options': 'REDACTED'
    'X-Cache': 'REDACTED'
    'X-MSEdge-Ref': 'Ref A: 5F594C2D63844F12BB23BB4EC60FA01E Ref B: PNQ231110909036 Ref C: 2026-05-28T04:58:30Z'
    'Date': 'Thu, 28 May 2026 04:58:31 GMT'
    'Content-Length': '0'
2026-05-28 10:28:31,529 INFO VM started successfully
2026-05-28 10:28:46,548 INFO AzureCliCredential.get_token_info succeeded
2026-05-28 10:28:46,564 INFO Request URL: 'https://management.azure.com/subscriptions/a8bd7b1b-b9aa-4283-aec4-2040b847d926/resourceGroups/AutoProjectRG/providers/Microsoft.Compute/virtualMachines/ProductionUbuntuVM/deallocate?api-version=2025-11-01'
Request method: 'POST'
Request headers:
    'x-ms-client-request-id': 'e78164a6-5a51-11f1-b85a-4c034fe7e914'
    'User-Agent': 'azsdk-python-mgmt-compute/38.0.0 Python/3.12.0 (Windows-11-10.0.22621-SP0)'
    'Authorization': 'REDACTED'
No body was attached to the request
2026-05-28 10:28:48,077 INFO Response status: 202
Response headers:
    'Cache-Control': 'no-cache'
    'Pragma': 'no-cache'
    'Expires': '-1'
    'Location': 'REDACTED'
    'Retry-After': '10'
    'Azure-AsyncOperation': 'REDACTED'
    'azure-asyncnotification': 'REDACTED'
    'x-ms-ratelimit-remaining-resource': 'Microsoft.Compute/DeleteVMSubscriptionMaximum;1499,Microsoft.Compute/DeleteVMResource;11'
    'x-ms-need-to-refresh-epl-cache': 'REDACTED'
    'Strict-Transport-Security': 'REDACTED'
    'x-ms-request-id': '44b685e3-9c30-4def-bb90-9f04aa10001f'
    'x-ms-operation-identifier': 'REDACTED'
    'x-ms-ratelimit-remaining-subscription-writes': '199'
    'x-ms-ratelimit-remaining-subscription-global-writes': 'REDACTED'
    'x-ms-correlation-request-id': 'REDACTED'
    'x-ms-routing-request-id': 'REDACTED'
    'X-Content-Type-Options': 'REDACTED'
    'X-Cache': 'REDACTED'
    'X-MSEdge-Ref': 'Ref A: FC1F479A9672457996DE7B353DC589B7 Ref B: PNQ231110909052 Ref C: 2026-05-28T04:58:47Z'
    'Date': 'Thu, 28 May 2026 04:58:47 GMT'
    'Content-Length': '0'
2026-05-28 10:28:48,078 INFO Request URL: 'https://management.azure.com/subscriptions/a8bd7b1b-b9aa-4283-aec4-2040b847d926/providers/Microsoft.Compute/locations/CentralIndia/operations/44b685e3-9c30-4def-bb90-9f04aa10001f?p=REDACTED&api-version=2025-11-01&t=REDACTED&c=REDACTED&s=REDACTED&h=REDACTED'
Request method: 'GET'
Request headers:
    'x-ms-client-request-id': 'e78164a6-5a51-11f1-b85a-4c034fe7e914'
    'User-Agent': 'azsdk-python-mgmt-compute/38.0.0 Python/3.12.0 (Windows-11-10.0.22621-SP0)'
    'Authorization': 'REDACTED'
No body was attached to the request
2026-05-28 10:28:48,704 INFO Response status: 200
Response headers:
    'Cache-Control': 'no-cache'
    'Pragma': 'no-cache'
    'Content-Length': '134'
    'Content-Type': 'application/json; charset=utf-8'
    'Expires': '-1'
    'Retry-After': '30'
    'x-ms-ratelimit-remaining-resource': 'Microsoft.Compute/GetOperationResource;44,Microsoft.Compute/GetOperationSubscriptionMaximum;14994'
    'x-ms-need-to-refresh-epl-cache': 'REDACTED'
    'Strict-Transport-Security': 'REDACTED'
    'x-ms-request-id': '3ad236a3-1666-4521-9a61-18c0c35f7064'
    'x-ms-operation-identifier': 'REDACTED'
    'x-ms-ratelimit-remaining-subscription-reads': '249'
    'x-ms-ratelimit-remaining-subscription-global-reads': 'REDACTED'
    'x-ms-correlation-request-id': 'REDACTED'
    'x-ms-routing-request-id': 'REDACTED'
    'X-Content-Type-Options': 'REDACTED'
    'X-Cache': 'REDACTED'
    'X-MSEdge-Ref': 'Ref A: 74EF6BA1C0F64B86A74185595323EBE0 Ref B: PNQ231110909052 Ref C: 2026-05-28T04:58:48Z'
    'Date': 'Thu, 28 May 2026 04:58:47 GMT'
2026-05-28 10:29:18,707 INFO Request URL: 'https://management.azure.com/subscriptions/a8bd7b1b-b9aa-4283-aec4-2040b847d926/providers/Microsoft.Compute/locations/CentralIndia/operations/44b685e3-9c30-4def-bb90-9f04aa10001f?p=REDACTED&api-version=2025-11-01&t=REDACTED&c=REDACTED&s=REDACTED&h=REDACTED'
Request method: 'GET'
Request headers:
    'x-ms-client-request-id': 'e78164a6-5a51-11f1-b85a-4c034fe7e914'
    'User-Agent': 'azsdk-python-mgmt-compute/38.0.0 Python/3.12.0 (Windows-11-10.0.22621-SP0)'
    'Authorization': 'REDACTED'
No body was attached to the request
2026-05-28 10:29:19,148 INFO Response status: 200
Response headers:
    'Cache-Control': 'no-cache'
    'Pragma': 'no-cache'
    'Content-Length': '184'
    'Content-Type': 'application/json; charset=utf-8'
    'Expires': '-1'
    'x-ms-ratelimit-remaining-resource': 'Microsoft.Compute/GetOperationResource;42,Microsoft.Compute/GetOperationSubscriptionMaximum;14998'
    'x-ms-need-to-refresh-epl-cache': 'REDACTED'
    'Strict-Transport-Security': 'REDACTED'
    'x-ms-request-id': 'aafa2ca5-8823-4cd8-a5f3-662d46f9b161'
    'x-ms-operation-identifier': 'REDACTED'
    'x-ms-ratelimit-remaining-subscription-reads': '249'
    'x-ms-ratelimit-remaining-subscription-global-reads': 'REDACTED'
    'x-ms-correlation-request-id': 'REDACTED'
    'x-ms-routing-request-id': 'REDACTED'
    'X-Content-Type-Options': 'REDACTED'
    'X-Cache': 'REDACTED'
    'X-MSEdge-Ref': 'Ref A: A5A2D11D8AF84F9690BC9DA5A642442E Ref B: PNQ231110909052 Ref C: 2026-05-28T04:59:18Z'
    'Date': 'Thu, 28 May 2026 04:59:18 GMT'
2026-05-28 10:29:19,150 INFO Request URL: 'https://management.azure.com/subscriptions/a8bd7b1b-b9aa-4283-aec4-2040b847d926/providers/Microsoft.Compute/locations/CentralIndia/operations/44b685e3-9c30-4def-bb90-9f04aa10001f?p=REDACTED&monitor=REDACTED&api-version=2025-11-01&t=REDACTED&c=REDACTED&s=REDACTED&h=REDACTED'
Request method: 'GET'
Request headers:
    'x-ms-client-request-id': 'e78164a6-5a51-11f1-b85a-4c034fe7e914'
    'User-Agent': 'azsdk-python-mgmt-compute/38.0.0 Python/3.12.0 (Windows-11-10.0.22621-SP0)'
    'Authorization': 'REDACTED'
No body was attached to the request
2026-05-28 10:29:19,529 INFO Response status: 200
Response headers:
    'Cache-Control': 'no-cache'
    'Pragma': 'no-cache'
    'Expires': '-1'
    'x-ms-ratelimit-remaining-resource': 'Microsoft.Compute/GetOperationResource;41,Microsoft.Compute/GetOperationSubscriptionMaximum;14997'
    'x-ms-need-to-refresh-epl-cache': 'REDACTED'
    'Strict-Transport-Security': 'REDACTED'
    'x-ms-request-id': '40b4359b-9aa7-4cb1-8ab7-36c6b97df225'
    'x-ms-operation-identifier': 'REDACTED'
    'x-ms-ratelimit-remaining-subscription-reads': '249'
    'x-ms-ratelimit-remaining-subscription-global-reads': 'REDACTED'
    'x-ms-correlation-request-id': 'REDACTED'
    'x-ms-routing-request-id': 'REDACTED'
    'X-Content-Type-Options': 'REDACTED'
    'X-Cache': 'REDACTED'
    'X-MSEdge-Ref': 'Ref A: F60A097F09CC44188B8B6C5F618889A1 Ref B: PNQ231110909052 Ref C: 2026-05-28T04:59:19Z'
    'Date': 'Thu, 28 May 2026 04:59:18 GMT'
    'Content-Length': '0'
2026-05-28 10:29:19,531 INFO VM stopped successfully
